Workbook

Sheet RQ1
A1: RQ1 | B1: Are narrative titles enough or models benefit from an extended narrative description? | M1: ALL | P1: EN | Q1: HI | R1: PT | S1: BG | T1: RU | U1: Total
A2: dipro | B2: calme | D2: gemma | F2: exaone | H2: granite | L2: Number of models better than no_no | O2: =COUNTIF(B5:I5,"<0") + COUNTIF(B7:I7,"<0") + COUNTIF(B9:I9,"<0") + COUNTIF(B11:I11,"<0") + COUNTIF(B13:I13,"<0") + COUNTIF(B15:I15,"<0") + COUNTIF(B17:I17,"<0") + COUNTIF(B24:I24,"<0") + COUNTIF(B26:I26,"<0") + COUNTIF(B28:I28,"<0") + COUNTIF(B30:I30,"<0") + COUNTIF(B32:I32,"<0") + COUNTIF(B34:I34,"<0") + COUNTIF(B36:I36,"<0") + COUNTIF(B43:I43,"<0") + COUNTIF(B45:I45,"<0") + COUNTIF(B47:I47,"<0") + COUNTIF(B49:I49,"<0") + COUNTIF(B51:I51,"<0") + COUNTIF(B53:I53,"<0") + COUNTIF(B55:I55,"<0") + COUNTIF(B62:I62,"<0") + COUNTIF(B64:I64,"<0") + COUNTIF(B66:I66,"<0") + COUNTIF(B68:I68,"<0") + COUNTIF(B69:I69,"<0") + COUNTIF(B70:I70,"<0") + COUNTIF(B72:I72,"<0") + COUNTIF(B74:I74,"<0") -> 46 | P2: 52 | Q2: 66 | R2: 34 | S2: 53 | T2: 46 | U2: =SUM(P2:T2) -> 251
A3: no_no | B3: =IFERROR(__xludf.DUMMYFUNCTION("FILTER(Dipromats!C$3:C$101, REGEXMATCH(Dipromats!$A$3:$A$101, ""(?i)"" & $A3) )"),0.634504615288617) -> 0.63450462 | C3: =IFERROR(__xludf.DUMMYFUNCTION("FILTER(Dipromats!D$3:D$101, REGEXMATCH(Dipromats!$A$3:$A$101, ""(?i)"" & $A3) )"),0.583394320061881) -> 0.58339432 | D3: =IFERROR(__xludf.DUMMYFUNCTION("FILTER(Dipromats!E$3:E$101, REGEXMATCH(Dipromats!$A$3:$A$101, ""(?i)"" & $A3) )"),0.612546907727468) -> 0.61254691 | E3: =IFERROR(__xludf.DUMMYFUNCTION("FILTER(Dipromats!F$3:F$101, REGEXMATCH(Dipromats!$A$3:$A$101, ""(?i)"" & $A3) )"),0.564694414756619) -> 0.56469441 | F3: =IFERROR(__xludf.DUMMYFUNCTION("FILTER(Dipromats!G$3:G$101, REGEXMATCH(Dipromats!$A$3:$A$101, ""(?i)"" & $A3) )"),0.551936514723647) -> 0.55193651 | G3: =IFERROR(__xludf.DUMMYFUNCTION("FILTER(Dipromats!H$3:H$101, REGEXMATCH(Dipromats!$A$3:$A$101, ""(?i)"" & $A3) )"),0.498994997427713) -> 0.498995 | H3: =IFERROR(__xludf.DUMMYFUNCTION("FILTER(Dipromats!I$3:I$101, REGEXMATCH(Dipromats!$A$3:$A$101, ""(?i)"" & $A3) )"),0.333605146281453) -> 0.33360515 | I3: =IFERROR(__xludf.DUMMYFUNCTION("FILTER(Dipromats!J$3:J$101, REGEXMATCH(Dipromats!$A$3:$A$101, ""(?i)"" & $A3) )"),0.367508834746624) -> 0.36750883 | L3: Number of models worse than no_no | O3: =COUNTIF(B5:I5,">0") + COUNTIF(B7:I7,">0") + COUNTIF(B9:I9,">0") + COUNTIF(B11:I11,">0") + COUNTIF(B13:I13,">0") + COUNTIF(B15:I15,">0") + COUNTIF(B17:I17,">0") + COUNTIF(B24:I24,">0") + COUNTIF(B26:I26,">0") + COUNTIF(B28:I28,">0") + COUNTIF(B30:I30,">0") + COUNTIF(B32:I32,">0") + COUNTIF(B34:I34,">0") + COUNTIF(B36:I36,">0") + COUNTIF(B43:I43,">0") + COUNTIF(B45:I45,">0") + COUNTIF(B47:I47,">0") + COUNTIF(B49:I49,">0") + COUNTIF(B51:I51,">0") + COUNTIF(B53:I53,">0") + COUNTIF(B55:I55,">0") + COUNTIF(B62:I62,">0") + COUNTIF(B64:I64,">0") + COUNTIF(B66:I66,">0") + COUNTIF(B68:I68,">0") + COUNTIF(B69:I69,">0") + COUNTIF(B70:I70,">0") + COUNTIF(B72:I72,">0") + COUNTIF(B74:I74,">0") -> 164 | P3: 160 | Q3: 144 | R3: 176 | S3: 157 | T3: 164 | U3: =SUM(P3:T3) -> 801
A4: original_original | B4: =IFERROR(__xludf.DUMMYFUNCTION("FILTER(Dipromats!C$3:C$101, REGEXMATCH(Dipromats!$A$3:$A$101, ""(?i)"" & $A4) )"),0.638654812715595) -> 0.63865481 | C4: =IFERROR(__xludf.DUMMYFUNCTION("FILTER(Dipromats!D$3:D$101, REGEXMATCH(Dipromats!$A$3:$A$101, ""(?i)"" & $A4) )"),0.613462791622532) -> 0.61346279 | D4: =IFERROR(__xludf.DUMMYFUNCTION("FILTER(Dipromats!E$3:E$101, REGEXMATCH(Dipromats!$A$3:$A$101, ""(?i)"" & $A4) )"),0.624175131263906) -> 0.62417513 | E4: =IFERROR(__xludf.DUMMYFUNCTION("FILTER(Dipromats!F$3:F$101, REGEXMATCH(Dipromats!$A$3:$A$101, ""(?i)"" & $A4) )"),0.593223331315557) -> 0.59322333 | F4: =IFERROR(__xludf.DUMMYFUNCTION("FILTER(Dipromats!G$3:G$101, REGEXMATCH(Dipromats!$A$3:$A$101, ""(?i)"" & $A4) )"),0.572478446675392) -> 0.57247845 | G4: =IFERROR(__xludf.DUMMYFUNCTION("FILTER(Dipromats!H$3:H$101, REGEXMATCH(Dipromats!$A$3:$A$101, ""(?i)"" & $A4) )"),0.534765902917699) -> 0.5347659 | H4: =IFERROR(__xludf.DUMMYFUNCTION("FILTER(Dipromats!I$3:I$101, REGEXMATCH(Dipromats!$A$3:$A$101, ""(?i)"" & $A4) )"),0.335225441305954) -> 0.33522544 | I4: =IFERROR(__xludf.DUMMYFUNCTION("FILTER(Dipromats!J$3:J$101, REGEXMATCH(Dipromats!$A$3:$A$101, ""(?i)"" & $A4) )"),0.352567599779278) -> 0.3525676 | L4: Percentage of better models | O4: =(O2*100)/(O2+O3) -> 21.904762 | U4: =(U2*100)/(U2+U3) -> 23.859316
A5: delta_original | B5: =B3-B4 -> -0.0041501974 | C5: =C3-C4 -> -0.030068472 | D5: =D3-D4 -> -0.011628224 | E5: =E3-E4 -> -0.028528917 | F5: =F3-F4 -> -0.020541932 | G5: =G3-G4 -> -0.035770905 | H5: =H3-H4 -> -0.001620295 | I5: =I3-I4 -> 0.014941235 | J5: =AVERAGE(B5:I5) -> -0.014670963 | L5: Percentage of worst models | O5: =100-O4 -> 78.095238 | U5: =100-U4 -> 76.140684
A6: own_title | B6: =IFERROR(__xludf.DUMMYFUNCTION("FILTER(Dipromats!C$3:C$101, REGEXMATCH(Dipromats!$A$3:$A$101, ""(?i)"" & $A6) )"),0.621040280030557) -> 0.62104028 | C6: =IFERROR(__xludf.DUMMYFUNCTION("FILTER(Dipromats!D$3:D$101, REGEXMATCH(Dipromats!$A$3:$A$101, ""(?i)"" & $A6) )"),0.571358654012934) -> 0.57135865 | D6: =IFERROR(__xludf.DUMMYFUNCTION("FILTER(Dipromats!E$3:E$101, REGEXMATCH(Dipromats!$A$3:$A$101, ""(?i)"" & $A6) )"),0.57620875615112) -> 0.57620876 | E6: =IFERROR(__xludf.DUMMYFUNCTION("FILTER(Dipromats!F$3:F$101, REGEXMATCH(Dipromats!$A$3:$A$101, ""(?i)"" & $A6) )"),0.531274741257453) -> 0.53127474 | F6: =IFERROR(__xludf.DUMMYFUNCTION("FILTER(Dipromats!G$3:G$101, REGEXMATCH(Dipromats!$A$3:$A$101, ""(?i)"" & $A6) )"),0.506150051999198) -> 0.50615005 | G6: =IFERROR(__xludf.DUMMYFUNCTION("FILTER(Dipromats!H$3:H$101, REGEXMATCH(Dipromats!$A$3:$A$101, ""(?i)"" & $A6) )"),0.483697863941618) -> 0.48369786 | H6: =IFERROR(__xludf.DUMMYFUNCTION("FILTER(Dipromats!I$3:I$101, REGEXMATCH(Dipromats!$A$3:$A$101, ""(?i)"" & $A6) )"),0.286129356930116) -> 0.28612936 | I6: =IFERROR(__xludf.DUMMYFUNCTION("FILTER(Dipromats!J$3:J$101, REGEXMATCH(Dipromats!$A$3:$A$101, ""(?i)"" & $A6) )"),0.29837198245895) -> 0.29837198 | M6: ONLY original_original
A7: delta_own_title | B7: =B3-B6 -> 0.013464335 | C7: =C3-C6 -> 0.012035666 | D7: =D3-D6 -> 0.036338152 | E7: =E3-E6 -> 0.033419673 | F7: =F3-F6 -> 0.045786463 | G7: =G3-G6 -> 0.015297133 | H7: =H3-H6 -> 0.047475789 | I7: =I3-I6 -> 0.069136852 | J7: =AVERAGE(B7:I7) -> 0.034119258 | L7: Number of models better than no_no | O7: =COUNTIF(B5:I5,"<0") + COUNTIF(B24:I24,"<0") + COUNTIF(B43:I43,"<0") + COUNTIF(B62:I62,"<0") -> 14 | P7: 20 | Q7: 21 | R7: 15 | S7: 21 | T7: 14 | U7: =SUM(P7:T7) -> 91
A8: gpt_title | B8: =IFERROR(__xludf.DUMMYFUNCTION("FILTER(Dipromats!C$3:C$101, REGEXMATCH(Dipromats!$A$3:$A$101, ""(?i)"" & $A8) )"),0.608500522443986) -> 0.60850052 | C8: =IFERROR(__xludf.DUMMYFUNCTION("FILTER(Dipromats!D$3:D$101, REGEXMATCH(Dipromats!$A$3:$A$101, ""(?i)"" & $A8) )"),0.565727300132339) -> 0.5657273 | D8: =IFERROR(__xludf.DUMMYFUNCTION("FILTER(Dipromats!E$3:E$101, REGEXMATCH(Dipromats!$A$3:$A$101, ""(?i)"" & $A8) )"),0.583927636565709) -> 0.58392764 | E8: =IFERROR(__xludf.DUMMYFUNCTION("FILTER(Dipromats!F$3:F$101, REGEXMATCH(Dipromats!$A$3:$A$101, ""(?i)"" & $A8) )"),0.523712547832867) -> 0.52371255 | F8: =IFERROR(__xludf.DUMMYFUNCTION("FILTER(Dipromats!G$3:G$101, REGEXMATCH(Dipromats!$A$3:$A$101, ""(?i)"" & $A8) )"),0.524902705155418) -> 0.52490271 | G8: =IFERROR(__xludf.DUMMYFUNCTION("FILTER(Dipromats!H$3:H$101, REGEXMATCH(Dipromats!$A$3:$A$101, ""(?i)"" & $A8) )"),0.490732657736496) -> 0.49073266 | H8: =IFERROR(__xludf.DUMMYFUNCTION("FILTER(Dipromats!I$3:I$101, REGEXMATCH(Dipromats!$A$3:$A$101, ""(?i)"" & $A8) )"),0.267289569310955) -> 0.26728957 | I8: =IFERROR(__xludf.DUMMYFUNCTION("FILTER(Dipromats!J$3:J$101, REGEXMATCH(Dipromats!$A$3:$A$101, ""(?i)"" & $A8) )"),0.297865824391553) -> 0.29786582 | L8: Number of models worse than no_no | O8: =COUNTIF(B5:I5,">0") + COUNTIF(B24:I24,">0") + COUNTIF(B43:I43,">0") + COUNTIF(B62:I62,">0") -> 18 | P8: 12 | Q8: 11 | R8: 17 | S8: 11 | T8: 18 | U8: =SUM(P8:T8) -> 69
A9: delta_gpt_title | B9: =B3-B8 -> 0.026004093 | C9: =C3-C8 -> 0.01766702 | D9: =D3-D8 -> 0.028619271 | E9: =E3-E8 -> 0.040981867 | F9: =F3-F8 -> 0.02703381 | G9: =G3-G8 -> 0.0082623397 | H9: =H3-H8 -> 0.066315577 | I9: =I3-I8 -> 0.06964301 | J9: =AVERAGE(B9:I9) -> 0.035565873 | L9: Percentage of better models | O9: =(O7*100)/(O7+O8) -> 43.75 | U9: =(U7*100)/(U7+U8) -> 56.875
A10: own_description | B10: =IFERROR(__xludf.DUMMYFUNCTION("FILTER(Dipromats!C$3:C$101, REGEXMATCH(Dipromats!$A$3:$A$101, ""(?i)"" & $A10), NOT(REGEXMATCH(Dipromats!$A$3:$A$101, ""(?i)complete"")) )"),0.631787462260468) -> 0.63178746 | C10: =IFERROR(__xludf.DUMMYFUNCTION("FILTER(Dipromats!D$3:D$101, REGEXMATCH(Dipromats!$A$3:$A$101, ""(?i)"" & $A10), NOT(REGEXMATCH(Dipromats!$A$3:$A$101, ""(?i)complete"")) )"),0.618216042484733) -> 0.61821604 | D10: =IFERROR(__xludf.DUMMYFUNCTION("FILTER(Dipromats!E$3:E$101, REGEXMATCH(Dipromats!$A$3:$A$101, ""(?i)"" & $A10), NOT(REGEXMATCH(Dipromats!$A$3:$A$101, ""(?i)complete"")) )"),0.586439666342686) -> 0.58643967 | E10: =IFERROR(__xludf.DUMMYFUNCTION("FILTER(Dipromats!F$3:F$101, REGEXMATCH(Dipromats!$A$3:$A$101, ""(?i)"" & $A10), NOT(REGEXMATCH(Dipromats!$A$3:$A$101, ""(?i)complete"")) )"),0.569895182181278) -> 0.56989518 | F10: =IFERROR(__xludf.DUMMYFUNCTION("FILTER(Dipromats!G$3:G$101, REGEXMATCH(Dipromats!$A$3:$A$101, ""(?i)"" & $A10), NOT(REGEXMATCH(Dipromats!$A$3:$A$101, ""(?i)complete"")) )"),0.546258468663482) -> 0.54625847 | G10: =IFERROR(__xludf.DUMMYFUNCTION("FILTER(Dipromats!H$3:H$101, REGEXMATCH(Dipromats!$A$3:$A$101, ""(?i)"" & $A10), NOT(REGEXMATCH(Dipromats!$A$3:$A$101, ""(?i)complete"")) )"),0.512012998082786) -> 0.512013 | H10: =IFERROR(__xludf.DUMMYFUNCTION("FILTER(Dipromats!I$3:I$101, REGEXMATCH(Dipromats!$A$3:$A$101, ""(?i)"" & $A10), NOT(REGEXMATCH(Dipromats!$A$3:$A$101, ""(?i)complete"")) )"),0.288938661231155) -> 0.28893866 | I10: =IFERROR(__xludf.DUMMYFUNCTION("FILTER(Dipromats!J$3:J$101, REGEXMATCH(Dipromats!$A$3:$A$101, ""(?i)"" & $A10), NOT(REGEXMATCH(Dipromats!$A$3:$A$101, ""(?i)complete"")) )"),0.329512617172151) -> 0.32951262 | L10: Percentage of worst models | O10: =100-O9 -> 56.25 | U10: =100-U9 -> 43.125
A11: delta_own_description | B11: =B3-B10 -> 0.002717153 | C11: =C3-C10 -> -0.034821722 | D11: =D3-D10 -> 0.026107241 | E11: =E3-E10 -> -0.0052007674 | F11: =F3-F10 -> 0.0056780461 | G11: =G3-G10 -> -0.013018001 | H11: =H3-H10 -> 0.044666485 | I11: =I3-I10 -> 0.037996218 | J11: =AVERAGE(B11:I11) -> 0.0080155816
A12: gpt_description | B12: =IFERROR(__xludf.DUMMYFUNCTION("FILTER(Dipromats!C$3:C$101, REGEXMATCH(Dipromats!$A$3:$A$101, ""(?i)"" & $A12), NOT(REGEXMATCH(Dipromats!$A$3:$A$101, ""(?i)complete"")) )"),0.640317661477475) -> 0.64031766 | C12: =IFERROR(__xludf.DUMMYFUNCTION("FILTER(Dipromats!D$3:D$101, REGEXMATCH(Dipromats!$A$3:$A$101, ""(?i)"" & $A12), NOT(REGEXMATCH(Dipromats!$A$3:$A$101, ""(?i)complete"")) )"),0.61354665612827) -> 0.61354666 | D12: =IFERROR(__xludf.DUMMYFUNCTION("FILTER(Dipromats!E$3:E$101, REGEXMATCH(Dipromats!$A$3:$A$101, ""(?i)"" & $A12), NOT(REGEXMATCH(Dipromats!$A$3:$A$101, ""(?i)complete"")) )"),0.613750839783722) -> 0.61375084 | E12: =IFERROR(__xludf.DUMMYFUNCTION("FILTER(Dipromats!F$3:F$101, REGEXMATCH(Dipromats!$A$3:$A$101, ""(?i)"" & $A12), NOT(REGEXMATCH(Dipromats!$A$3:$A$101, ""(?i)complete"")) )"),0.578681917130575) -> 0.57868192 | F12: =IFERROR(__xludf.DUMMYFUNCTION("FILTER(Dipromats!G$3:G$101, REGEXMATCH(Dipromats!$A$3:$A$101, ""(?i)"" & $A12), NOT(REGEXMATCH(Dipromats!$A$3:$A$101, ""(?i)complete"")) )"),0.545763744390765) -> 0.54576374 | G12: =IFERROR(__xludf.DUMMYFUNCTION("FILTER(Dipromats!H$3:H$101, REGEXMATCH(Dipromats!$A$3:$A$101, ""(?i)"" & $A12), NOT(REGEXMATCH(Dipromats!$A$3:$A$101, ""(?i)complete"")) )"),0.524262991587101) -> 0.52426299 | H12: =IFERROR(__xludf.DUMMYFUNCTION("FILTER(Dipromats!I$3:I$101, REGEXMATCH(Dipromats!$A$3:$A$101, ""(?i)"" & $A12), NOT(REGEXMATCH(Dipromats!$A$3:$A$101, ""(?i)complete"")) )"),0.284838731621514) -> 0.28483873 | I12: =IFERROR(__xludf.DUMMYFUNCTION("FILTER(Dipromats!J$3:J$101, REGEXMATCH(Dipromats!$A$3:$A$101, ""(?i)"" & $A12), NOT(REGEXMATCH(Dipromats!$A$3:$A$101, ""(?i)complete"")) )"),0.300772443809359) -> 0.30077244 | M12: Enhanced Desc Only
A13: delta_gpt_description | B13: =B3-B12 -> -0.0058130462 | C13: =C3-C12 -> -0.030152336 | D13: =D3-D12 -> -0.0012039321 | E13: =E3-E12 -> -0.013987502 | F13: =F3-F12 -> 0.0061727703 | G13: =G3-G12 -> -0.025267994 | H13: =H3-H12 -> 0.048766415 | I13: =I3-I12 -> 0.066736391 | J13: =AVERAGE(B13:I13) -> 0.0056563456 | L13: Number of models better than no_no | O13: =COUNTIF(B7:I7,"<0") + COUNTIF(B9:I9,"<0") + COUNTIF(B11:I11,"<0") + COUNTIF(B13:I13,"<0") + COUNTIF(B15:I15,"<0") + COUNTIF(B17:I17,"<0") + COUNTIF(B26:I26,"<0") + COUNTIF(B28:I28,"<0") + COUNTIF(B30:I30,"<0") + COUNTIF(B32:I32,"<0") + COUNTIF(B34:I34,"<0") + COUNTIF(B36:I36,"<0") + COUNTIF(B45:I45,"<0") + COUNTIF(B47:I47,"<0") + COUNTIF(B49:I49,"<0") + COUNTIF(B51:I51,"<0") + COUNTIF(B53:I53,"<0") + COUNTIF(B55:I55,"<0") + COUNTIF(B64:I64,"<0") + COUNTIF(B66:I66,"<0") + COUNTIF(B68:I68,"<0") + COUNTIF(B69:I69,"<0") + COUNTIF(B70:I70,"<0") + COUNTIF(B72:I72,"<0") + COUNTIF(B74:I74,"<0") -> 32 | P13: 32 | Q13: 45 | R13: 19 | S13: 32 | T13: 32 | U13: =SUM(P13:T13) -> 160
A14: own_description_complete | B14: =IFERROR(__xludf.DUMMYFUNCTION("FILTER(Dipromats!C$3:C$101, REGEXMATCH(Dipromats!$A$3:$A$101, ""(?i)"" & $A14) )"),0.632355163340107) -> 0.63235516 | C14: =IFERROR(__xludf.DUMMYFUNCTION("FILTER(Dipromats!D$3:D$101, REGEXMATCH(Dipromats!$A$3:$A$101, ""(?i)"" & $A14) )"),0.606225827187698) -> 0.60622583 | D14: =IFERROR(__xludf.DUMMYFUNCTION("FILTER(Dipromats!E$3:E$101, REGEXMATCH(Dipromats!$A$3:$A$101, ""(?i)"" & $A14) )"),0.535090217689681) -> 0.53509022 | E14: =IFERROR(__xludf.DUMMYFUNCTION("FILTER(Dipromats!F$3:F$101, REGEXMATCH(Dipromats!$A$3:$A$101, ""(?i)"" & $A14) )"),0.477750371254548) -> 0.47775037 | F14: =IFERROR(__xludf.DUMMYFUNCTION("FILTER(Dipromats!G$3:G$101, REGEXMATCH(Dipromats!$A$3:$A$101, ""(?i)"" & $A14) )"),0.457442229094388) -> 0.45744223 | G14: =IFERROR(__xludf.DUMMYFUNCTION("FILTER(Dipromats!H$3:H$101, REGEXMATCH(Dipromats!$A$3:$A$101, ""(?i)"" & $A14) )"),0.427462251024684) -> 0.42746225 | H14: =IFERROR(__xludf.DUMMYFUNCTION("FILTER(Dipromats!I$3:I$101, REGEXMATCH(Dipromats!$A$3:$A$101, ""(?i)"" & $A14) )"),0.245367655632764) -> 0.24536766 | I14: =IFERROR(__xludf.DUMMYFUNCTION("FILTER(Dipromats!J$3:J$101, REGEXMATCH(Dipromats!$A$3:$A$101, ""(?i)"" & $A14) )"),0.282654794342775) -> 0.28265479 | L14: Number of models worse than no_no | O14: =COUNTIF(B7:I7,">0") + COUNTIF(B9:I9,">0") + COUNTIF(B11:I11,">0") + COUNTIF(B13:I13,">0") + COUNTIF(B15:I15,">0") + COUNTIF(B17:I17,">0") + COUNTIF(B26:I26,">0") + COUNTIF(B28:I28,">0") + COUNTIF(B30:I30,">0") + COUNTIF(B32:I32,">0") + COUNTIF(B34:I34,">0") + COUNTIF(B36:I36,">0") + COUNTIF(B45:I45,">0") + COUNTIF(B47:I47,">0") + COUNTIF(B49:I49,">0") + COUNTIF(B51:I51,">0") + COUNTIF(B53:I53,">0") + COUNTIF(B55:I55,">0") + COUNTIF(B64:I64,">0") + COUNTIF(B66:I66,">0") + COUNTIF(B68:I68,">0") + COUNTIF(B69:I69,">0") + COUNTIF(B70:I70,">0") + COUNTIF(B72:I72,">0") + COUNTIF(B74:I74,">0") -> 146 | P14: 148 | Q14: 133 | R14: 159 | S14: 146 | T14: 146 | U14: =SUM(P14:T14) -> 732
A15: delta_own_description_comp | B15: =B3-B14 -> 0.0021494519 | C15: =C3-C14 -> -0.022831507 | D15: =D3-D14 -> 0.07745669 | E15: =E3-E14 -> 0.086944043 | F15: =F3-F14 -> 0.094494286 | G15: =G3-G14 -> 0.071532746 | H15: =H3-H14 -> 0.088237491 | I15: =I3-I14 -> 0.08485404 | J15: =AVERAGE(B15:I15) -> 0.060354655 | L15: Percentage of better models | O15: =(O13*100)/(O13+O14) -> 17.977528 | U15: =(U13*100)/(U13+U14) -> 17.93722
A16: gpt_description_complete | B16: =IFERROR(__xludf.DUMMYFUNCTION("FILTER(Dipromats!C$3:C$101, REGEXMATCH(Dipromats!$A$3:$A$101, ""(?i)"" & $A16) )"),0.626620634285161) -> 0.62662063 | C16: =IFERROR(__xludf.DUMMYFUNCTION("FILTER(Dipromats!D$3:D$101, REGEXMATCH(Dipromats!$A$3:$A$101, ""(?i)"" & $A16) )"),0.604801060798369) -> 0.60480106 | D16: =IFERROR(__xludf.DUMMYFUNCTION("FILTER(Dipromats!E$3:E$101, REGEXMATCH(Dipromats!$A$3:$A$101, ""(?i)"" & $A16) )"),0.274748595417237) -> 0.2747486 | E16: =IFERROR(__xludf.DUMMYFUNCTION("FILTER(Dipromats!F$3:F$101, REGEXMATCH(Dipromats!$A$3:$A$101, ""(?i)"" & $A16) )"),0.380177808740426) -> 0.38017781 | F16: =IFERROR(__xludf.DUMMYFUNCTION("FILTER(Dipromats!G$3:G$101, REGEXMATCH(Dipromats!$A$3:$A$101, ""(?i)"" & $A16) )"),0.484593915089339) -> 0.48459392 | G16: =IFERROR(__xludf.DUMMYFUNCTION("FILTER(Dipromats!H$3:H$101, REGEXMATCH(Dipromats!$A$3:$A$101, ""(?i)"" & $A16) )"),0.437797137788191) -> 0.43779714 | H16: =IFERROR(__xludf.DUMMYFUNCTION("FILTER(Dipromats!I$3:I$101, REGEXMATCH(Dipromats!$A$3:$A$101, ""(?i)"" & $A16) )"),0.220620940157727) -> 0.22062094 | I16: =IFERROR(__xludf.DUMMYFUNCTION("FILTER(Dipromats!J$3:J$101, REGEXMATCH(Dipromats!$A$3:$A$101, ""(?i)"" & $A16) )"),0.271705614091627) -> 0.27170561 | L16: Percentage of worst models | O16: =100-O15 -> 82.022472 | U16: =100-U15 -> 82.06278
A17: delta_gpt_description_comp | B17: =B3-B16 -> 0.007883981 | C17: =C3-C16 -> -0.021406741 | D17: =D3-D16 -> 0.33779831 | E17: =E3-E16 -> 0.18451661 | F17: =F3-F16 -> 0.0673426 | G17: =G3-G16 -> 0.06119786 | H17: =H3-H16 -> 0.11298421 | I17: =I3-I16 -> 0.095803221 | J17: =AVERAGE(B17:I17) -> 0.10576501
B18: =AVERAGE(B5,B7,B9,B11,B13,B15,B17) -> 0.0060365386 | C18: =AVERAGE(C5,C7,C9,C11,C13,C15,C17) -> -0.015654013 | D18: =AVERAGE(D5,D7,D9,D11,D13,D15,D17) -> 0.070498216 | E18: =AVERAGE(E5,E7,E9,E11,E13,E15,E17) -> 0.042592143 | F18: =AVERAGE(F5,F7,F9,F11,F13,F15,F17) -> 0.032280863 | G18: =AVERAGE(G5,G7,G9,G11,G13,G15,G17) -> 0.011747597 | H18: =AVERAGE(H5,H7,H9,H11,H13,H15,H17) -> 0.058117953 | I18: =AVERAGE(I5,I7,I9,I11,I13,I15,I17) -> 0.062730138
B19: =AVERAGE(B18,C18) -> -0.0048087372 | D19: =AVERAGE(D18,E18) -> 0.05654518 | F19: =AVERAGE(F18,G18) -> 0.02201423 | H19: =AVERAGE(H18,I18) -> 0.060424045
A21: 3_steps | B21: calme | D21: gemma | F21: exaone | H21: granite
A22: no_no | B22: =IFERROR(__xludf.DUMMYFUNCTION("FILTER(SemEval_2025_T2!$G$3:$G$132, REGEXMATCH(SemEval_2025_T2!$A$3:$A$132, ""(?i)"" & $B$21 &""_"" & $A22) )"),0.469629994858942) -> 0.46962999 | C22: =IFERROR(__xludf.DUMMYFUNCTION("FILTER(SemEval_2025_T2!$H$3:$H$132, REGEXMATCH(SemEval_2025_T2!$A$3:$A$132, ""(?i)"" & $B$21 &""_"" & $A22) )"),0.29768447503913) -> 0.29768448 | D22: =IFERROR(__xludf.DUMMYFUNCTION("FILTER(SemEval_2025_T2!$G$3:$G$132, REGEXMATCH(SemEval_2025_T2!$A$3:$A$132, ""(?i)"" & $D$21 &""_"" & $A22) )"),0.386661612184486) -> 0.38666161 | E22: =IFERROR(__xludf.DUMMYFUNCTION("FILTER(SemEval_2025_T2!$H$3:$H$132, REGEXMATCH(SemEval_2025_T2!$A$3:$A$132, ""(?i)"" & $D$21 &""_"" & $A22) )"),0.200154216124963) -> 0.20015422 | F22: =IFERROR(__xludf.DUMMYFUNCTION("FILTER(SemEval_2025_T2!$G$3:$G$132, REGEXMATCH(SemEval_2025_T2!$A$3:$A$132, ""(?i)"" & $F$21 &""_"" & $A22) )"),0.322135984191247) -> 0.32213598 | G22: =IFERROR(__xludf.DUMMYFUNCTION("FILTER(SemEval_2025_T2!$H$3:$H$132, REGEXMATCH(SemEval_2025_T2!$A$3:$A$132, ""(?i)"" & $F$21 &""_"" & $A22) )"),0.15832344209996) -> 0.15832344 | H22: =IFERROR(__xludf.DUMMYFUNCTION("FILTER(SemEval_2025_T2!$G$3:$G$132, REGEXMATCH(SemEval_2025_T2!$A$3:$A$132, ""(?i)"" & $H$21 &""_"" & $A22) )"),0.207104738828423) -> 0.20710474 | I22: =IFERROR(__xludf.DUMMYFUNCTION("FILTER(SemEval_2025_T2!$H$3:$H$132, REGEXMATCH(SemEval_2025_T2!$A$3:$A$132, ""(?i)"" & $H$21 &""_"" & $A22) )"),0.087871224883977) -> 0.087871225
A23: original_original | B23: =IFERROR(__xludf.DUMMYFUNCTION("FILTER(SemEval_2025_T2!$G$3:$G$132, REGEXMATCH(SemEval_2025_T2!$A$3:$A$132, ""(?i)"" & $B$21 &""_"" & $A23) )"),0.514035206022048) -> 0.51403521 | C23: =IFERROR(__xludf.DUMMYFUNCTION("FILTER(SemEval_2025_T2!$H$3:$H$132, REGEXMATCH(SemEval_2025_T2!$A$3:$A$132, ""(?i)"" & $B$21 &""_"" & $A23) )"),0.307645133386631) -> 0.30764513 | D23: =IFERROR(__xludf.DUMMYFUNCTION("FILTER(SemEval_2025_T2!$G$3:$G$132, REGEXMATCH(SemEval_2025_T2!$A$3:$A$132, ""(?i)"" & $D$21 &""_"" & $A23) )"),0.381269392078906) -> 0.38126939 | E23: =IFERROR(__xludf.DUMMYFUNCTION("FILTER(SemEval_2025_T2!$H$3:$H$132, REGEXMATCH(SemEval_2025_T2!$A$3:$A$132, ""(?i)"" & $D$21 &""_"" & $A23) )"),0.213641884382488) -> 0.21364188 | F23: =IFERROR(__xludf.DUMMYFUNCTION("FILTER(SemEval_2025_T2!$G$3:$G$132, REGEXMATCH(SemEval_2025_T2!$A$3:$A$132, ""(?i)"" & $F$21 &""_"" & $A23) )"),0.297130229419703) -> 0.29713023 | G23: =IFERROR(__xludf.DUMMYFUNCTION("FILTER(SemEval_2025_T2!$H$3:$H$132, REGEXMATCH(SemEval_2025_T2!$A$3:$A$132, ""(?i)"" & $F$21 &""_"" & $A23) )"),0.118694163326551) -> 0.11869416 | H23: =IFERROR(__xludf.DUMMYFUNCTION("FILTER(SemEval_2025_T2!$G$3:$G$132, REGEXMATCH(SemEval_2025_T2!$A$3:$A$132, ""(?i)"" & $H$21 &""_"" & $A23) )"),0.238378224888286) -> 0.23837822 | I23: =IFERROR(__xludf.DUMMYFUNCTION("FILTER(SemEval_2025_T2!$H$3:$H$132, REGEXMATCH(SemEval_2025_T2!$A$3:$A$132, ""(?i)"" & $H$21 &""_"" & $A23) )"),0.083454375288068) -> 0.083454375 | P23: EN | Q23: HI | R23: PT | S23: BG | T23: RU | U23: Total
A24: delta_original | B24: =B22-B23 -> -0.044405211 | C24: =C22-C23 -> -0.0099606583 | D24: =D22-D23 -> 0.0053922201 | E24: =E22-E23 -> -0.013487668 | F24: =F22-F23 -> 0.025005755 | G24: =G22-G23 -> 0.039629279 | H24: =H22-H23 -> -0.031273486 | I24: =I22-I23 -> 0.0044168496 | J24: =AVERAGE(B24,D24,F24,H24) -> -0.011320181 | K24: =AVERAGE(C24,E24,G24,I24) -> 0.0051494504 | L24: =AVERAGE(J24,K24) -> -0.0030853651 | N24: delta_original | O24: =AVERAGE(L24,L43,L62) -> 0.0070479367 | P24: -0.0069816786 | Q24: -0.003066861 | R24: 0.011016103 | S24: -0.0024110006 | T24: 0.0070479367 | U24: =AVERAGE(P24:T24) -> 0.0011209
A25: only_title | B25: =IFERROR(__xludf.DUMMYFUNCTION("FILTER(SemEval_2025_T2!$G$3:$G$132, REGEXMATCH(SemEval_2025_T2!$A$3:$A$132, ""(?i)"" & $B$21 &""_"" & $A25) )"),0.443146947744113) -> 0.44314695 | C25: =IFERROR(__xludf.DUMMYFUNCTION("FILTER(SemEval_2025_T2!$H$3:$H$132, REGEXMATCH(SemEval_2025_T2!$A$3:$A$132, ""(?i)"" & $B$21 &""_"" & $A25) )"),0.278619253553464) -> 0.27861925 | D25: =IFERROR(__xludf.DUMMYFUNCTION("FILTER(SemEval_2025_T2!$G$3:$G$132, REGEXMATCH(SemEval_2025_T2!$A$3:$A$132, ""(?i)"" & $D$21 &""_"" & $A25) )"),0.183951176893282) -> 0.18395118 | E25: =IFERROR(__xludf.DUMMYFUNCTION("FILTER(SemEval_2025_T2!$H$3:$H$132, REGEXMATCH(SemEval_2025_T2!$A$3:$A$132, ""(?i)"" & $D$21 &""_"" & $A25) )"),0.076478375942546) -> 0.076478376 | F25: =IFERROR(__xludf.DUMMYFUNCTION("FILTER(SemEval_2025_T2!$G$3:$G$132, REGEXMATCH(SemEval_2025_T2!$A$3:$A$132, ""(?i)"" & $F$21 &""_"" & $A25) )"),0.322483844225949) -> 0.32248384 | G25: =IFERROR(__xludf.DUMMYFUNCTION("FILTER(SemEval_2025_T2!$H$3:$H$132, REGEXMATCH(SemEval_2025_T2!$A$3:$A$132, ""(?i)"" & $F$21 &""_"" & $A25) )"),0.137031714619164) -> 0.13703171 | H25: =IFERROR(__xludf.DUMMYFUNCTION("FILTER(SemEval_2025_T2!$G$3:$G$132, REGEXMATCH(SemEval_2025_T2!$A$3:$A$132, ""(?i)"" & $H$21 &""_"" & $A25) )"),0.159618888713625) -> 0.15961889 | I25: =IFERROR(__xludf.DUMMYFUNCTION("FILTER(SemEval_2025_T2!$H$3:$H$132, REGEXMATCH(SemEval_2025_T2!$A$3:$A$132, ""(?i)"" & $H$21 &""_"" & $A25) )"),0.051741760021139) -> 0.05174176 | N25: delta_own_title | O25: =AVERAGE(L26,L45,L64) -> 0.030769893 | P25: 0.032023262 | Q25: 0.016310077 | R25: 0.05698846 | S25: 0.036312655 | T25: 0.030769893 | U25: =AVERAGE(P25:T25) -> 0.034480869
A26: delta_own_title | B26: =B22-B25 -> 0.026483047 | C26: =C22-C25 -> 0.019065221 | D26: =D22-D25 -> 0.20271044 | E26: =E22-E25 -> 0.12367584 | F26: =F22-F25 -> -0.00034786003 | G26: =G22-G25 -> 0.021291727 | H26: =H22-H25 -> 0.04748585 | I26: =I22-I25 -> 0.036129465 | J26: =AVERAGE(B26,D26,F26,H26) -> 0.069082868 | K26: =AVERAGE(C26,E26,G26,I26) -> 0.050040564 | L26: =AVERAGE(J26,K26) -> 0.059561716 | N26: delta_gpt_title | O26: =AVERAGE(L28,L47,L66) -> 0.032219721 | P26: 0.030532007 | Q26: 0.016634236 | R26: 0.062613484 | S26: 0.037876003 | T26: 0.032219721 | U26: =AVERAGE(P26:T26) -> 0.03597509
A27: zero_shot_gpt_only_title | B27: =IFERROR(__xludf.DUMMYFUNCTION("FILTER(SemEval_2025_T2!$G$3:$G$132, REGEXMATCH(SemEval_2025_T2!$A$3:$A$132, ""(?i)"" & $B$21 &""_"" & $A27) )"),0.413172598162071) -> 0.4131726 | C27: =IFERROR(__xludf.DUMMYFUNCTION("FILTER(SemEval_2025_T2!$H$3:$H$132, REGEXMATCH(SemEval_2025_T2!$A$3:$A$132, ""(?i)"" & $B$21 &""_"" & $A27) )"),0.238469869626549) -> 0.23846987 | D27: =IFERROR(__xludf.DUMMYFUNCTION("FILTER(SemEval_2025_T2!$G$3:$G$132, REGEXMATCH(SemEval_2025_T2!$A$3:$A$132, ""(?i)"" & $D$21 &""_"" & $A27) )"),0.201656347341367) -> 0.20165635 | E27: =IFERROR(__xludf.DUMMYFUNCTION("FILTER(SemEval_2025_T2!$H$3:$H$132, REGEXMATCH(SemEval_2025_T2!$A$3:$A$132, ""(?i)"" & $D$21 &""_"" & $A27) )"),0.098389118476481) -> 0.098389118 | F27: =IFERROR(__xludf.DUMMYFUNCTION("FILTER(SemEval_2025_T2!$G$3:$G$132, REGEXMATCH(SemEval_2025_T2!$A$3:$A$132, ""(?i)"" & $F$21 &""_"" & $A27) )"),0.266104055009318) -> 0.26610406 | G27: =IFERROR(__xludf.DUMMYFUNCTION("FILTER(SemEval_2025_T2!$H$3:$H$132, REGEXMATCH(SemEval_2025_T2!$A$3:$A$132, ""(?i)"" & $F$21 &""_"" & $A27) )"),0.099810456390213) -> 0.099810456 | H27: =IFERROR(__xludf.DUMMYFUNCTION("FILTER(SemEval_2025_T2!$G$3:$G$132, REGEXMATCH(SemEval_2025_T2!$A$3:$A$132, ""(?i)"" & $H$21 &""_"" & $A27) )"),0.246870696554907) -> 0.2468707 | I27: =IFERROR(__xludf.DUMMYFUNCTION("FILTER(SemEval_2025_T2!$H$3:$H$132, REGEXMATCH(SemEval_2025_T2!$A$3:$A$132, ""(?i)"" & $H$21 &""_"" & $A27) )"),0.059954252922066) -> 0.059954253 | N27: delta_own_description | O27: =AVERAGE(L30,L49,L68) -> 0.022891151 | P27: 0.015066301 | Q27: 0.013764556 | R27: 0.057258518 | S27: 0.030038515 | T27: 0.022891151 | U27: =AVERAGE(P27:T27) -> 0.027803808
A28: delta_gpt_title | B28: =B22-B27 -> 0.056457397 | C28: =C22-C27 -> 0.059214605 | D28: =D22-D27 -> 0.18500526 | E28: =E22-E27 -> 0.1017651 | F28: =F22-F27 -> 0.056031929 | G28: =G22-G27 -> 0.058512986 | H28: =H22-H27 -> -0.039765958 | I28: =I22-I27 -> 0.027916972 | J28: =AVERAGE(B28,D28,F28,H28) -> 0.064432158 | K28: =AVERAGE(C28,E28,G28,I28) -> 0.061852415 | L28: =AVERAGE(J28,K28) -> 0.063142287 | N28: delta_gpt_description | O28: =AVERAGE(L32,L51,L70) -> 0.034600433 | P28: 0.018968957 | Q28: 0.012814573 | R28: 0.044861832 | S28: 0.030064454 | T28: 0.034600433 | U28: =AVERAGE(P28:T28) -> 0.02826205
A29: title_description | B29: =IFERROR(__xludf.DUMMYFUNCTION("FILTER(SemEval_2025_T2!$G$3:$G$132, REGEXMATCH(SemEval_2025_T2!$A$3:$A$132, ""(?i)"" & $B$21 &""_"" & $A29), NOT(REGEXMATCH(SemEval_2025_T2!$A$3:$A$132, ""(?i)complete"")) )"),0.475694995063416) -> 0.475695 | C29: =IFERROR(__xludf.DUMMYFUNCTION("FILTER(SemEval_2025_T2!$H$3:$H$132, REGEXMATCH(SemEval_2025_T2!$A$3:$A$132, ""(?i)"" & $B$21 &""_"" & $A29), NOT(REGEXMATCH(SemEval_2025_T2!$A$3:$A$132, ""(?i)complete"")) )"),0.255848749114133) -> 0.25584875 | D29: =IFERROR(__xludf.DUMMYFUNCTION("FILTER(SemEval_2025_T2!$G$3:$G$132, REGEXMATCH(SemEval_2025_T2!$A$3:$A$132, ""(?i)"" & $D$21 &""_"" & $A29), NOT(REGEXMATCH(SemEval_2025_T2!$A$3:$A$132, ""(?i)complete"")) )"),0.263223865900181) -> 0.26322387 | E29: =IFERROR(__xludf.DUMMYFUNCTION("FILTER(SemEval_2025_T2!$H$3:$H$132, REGEXMATCH(SemEval_2025_T2!$A$3:$A$132, ""(?i)"" & $D$21 &""_"" & $A29), NOT(REGEXMATCH(SemEval_2025_T2!$A$3:$A$132, ""(?i)complete"")) )"),0.12963188756561) -> 0.12963189 | F29: =IFERROR(__xludf.DUMMYFUNCTION("FILTER(SemEval_2025_T2!$G$3:$G$132, REGEXMATCH(SemEval_2025_T2!$A$3:$A$132, ""(?i)"" & $F$21 &""_"" & $A29), NOT(REGEXMATCH(SemEval_2025_T2!$A$3:$A$132, ""(?i)complete"")) )"),0.301315471370734) -> 0.30131547 | G29: =IFERROR(__xludf.DUMMYFUNCTION("FILTER(SemEval_2025_T2!$H$3:$H$132, REGEXMATCH(SemEval_2025_T2!$A$3:$A$132, ""(?i)"" & $F$21 &""_"" & $A29), NOT(REGEXMATCH(SemEval_2025_T2!$A$3:$A$132, ""(?i)complete"")) )"),0.111016939313498) -> 0.11101694 | H29: =IFERROR(__xludf.DUMMYFUNCTION("FILTER(SemEval_2025_T2!$G$3:$G$132, REGEXMATCH(SemEval_2025_T2!$A$3:$A$132, ""(?i)"" & $H$21 &""_"" & $A29), NOT(REGEXMATCH(SemEval_2025_T2!$A$3:$A$132, ""(?i)complete"")) )"),0.236880045685308) -> 0.23688005 | I29: =IFERROR(__xludf.DUMMYFUNCTION("FILTER(SemEval_2025_T2!$H$3:$H$132, REGEXMATCH(SemEval_2025_T2!$A$3:$A$132, ""(?i)"" & $H$21 &""_"" & $A29), NOT(REGEXMATCH(SemEval_2025_T2!$A$3:$A$132, ""(?i)complete"")) )"),0.068547640773795) -> 0.068547641 | N29: delta_own_description_comp | O29: =AVERAGE(L34,L53,L72) -> 0.070568225 | P29: 0.041426009 | Q29: 0.036561734 | R29: 0.1095161 | S29: 0.062328362 | T29: 0.070568225 | U29: =AVERAGE(P29:T29) -> 0.064080086
A30: delta_own_description | B30: =B22-B29 -> -0.0060650002 | C30: =C22-C29 -> 0.041835726 | D30: =D22-D29 -> 0.12343775 | E30: =E22-E29 -> 0.070522329 | F30: =F22-F29 -> 0.020820513 | G30: =G22-G29 -> 0.047306503 | H30: =H22-H29 -> -0.029775307 | I30: =I22-I29 -> 0.019323584 | J30: =AVERAGE(B30,D30,F30,H30) -> 0.027104488 | K30: =AVERAGE(C30,E30,G30,I30) -> 0.044747035 | L30: =AVERAGE(J30,K30) -> 0.035925762 | N30: delta_gpt_description_comp | O30: =AVERAGE(L36,L55,L74) -> 0.057564 | P30: 0.036203006 | Q30: 0.01918181 | R30: 0.074347978 | S30: 0.039062342 | T30: 0.057564 | U30: =AVERAGE(P30:T30) -> 0.045271827
A31: zero_shot_gpt_title_description | B31: =IFERROR(__xludf.DUMMYFUNCTION("FILTER(SemEval_2025_T2!$G$3:$G$132, REGEXMATCH(SemEval_2025_T2!$A$3:$A$132, ""(?i)"" & $B$21 &""_"" & $A31), NOT(REGEXMATCH(SemEval_2025_T2!$A$3:$A$132, ""(?i)complete"")) )"),0.447556318827371) -> 0.44755632 | C31: =IFERROR(__xludf.DUMMYFUNCTION("FILTER(SemEval_2025_T2!$H$3:$H$132, REGEXMATCH(SemEval_2025_T2!$A$3:$A$132, ""(?i)"" & $B$21 &""_"" & $A31), NOT(REGEXMATCH(SemEval_2025_T2!$A$3:$A$132, ""(?i)complete"")) )"),0.260569443848998) -> 0.26056944 | D31: =IFERROR(__xludf.DUMMYFUNCTION("FILTER(SemEval_2025_T2!$G$3:$G$132, REGEXMATCH(SemEval_2025_T2!$A$3:$A$132, ""(?i)"" & $D$21 &""_"" & $A31), NOT(REGEXMATCH(SemEval_2025_T2!$A$3:$A$132, ""(?i)complete"")) )"),0.214114112495691) -> 0.21411411 | E31: =IFERROR(__xludf.DUMMYFUNCTION("FILTER(SemEval_2025_T2!$H$3:$H$132, REGEXMATCH(SemEval_2025_T2!$A$3:$A$132, ""(?i)"" & $D$21 &""_"" & $A31), NOT(REGEXMATCH(SemEval_2025_T2!$A$3:$A$132, ""(?i)complete"")) )"),0.106058068538986) -> 0.10605807 | F31: =IFERROR(__xludf.DUMMYFUNCTION("FILTER(SemEval_2025_T2!$G$3:$G$132, REGEXMATCH(SemEval_2025_T2!$A$3:$A$132, ""(?i)"" & $F$21 &""_"" & $A31), NOT(REGEXMATCH(SemEval_2025_T2!$A$3:$A$132, ""(?i)complete"")) )"),0.283892118115802) -> 0.28389212 | G31: =IFERROR(__xludf.DUMMYFUNCTION("FILTER(SemEval_2025_T2!$H$3:$H$132, REGEXMATCH(SemEval_2025_T2!$A$3:$A$132, ""(?i)"" & $F$21 &""_"" & $A31), NOT(REGEXMATCH(SemEval_2025_T2!$A$3:$A$132, ""(?i)complete"")) )"),0.113968810788851) -> 0.11396881 | H31: =IFERROR(__xludf.DUMMYFUNCTION("FILTER(SemEval_2025_T2!$G$3:$G$132, REGEXMATCH(SemEval_2025_T2!$A$3:$A$132, ""(?i)"" & $H$21 &""_"" & $A31), NOT(REGEXMATCH(SemEval_2025_T2!$A$3:$A$132, ""(?i)complete"")) )"),0.212448441324757) -> 0.21244844 | I31: =IFERROR(__xludf.DUMMYFUNCTION("FILTER(SemEval_2025_T2!$H$3:$H$132, REGEXMATCH(SemEval_2025_T2!$A$3:$A$132, ""(?i)"" & $H$21 &""_"" & $A31), NOT(REGEXMATCH(SemEval_2025_T2!$A$3:$A$132, ""(?i)complete"")) )"),0.062289598997493) -> 0.062289599
A32: delta_gpt_description | B32: =B22-B31 -> 0.022073676 | C32: =C22-C31 -> 0.037115031 | D32: =D22-D31 -> 0.1725475 | E32: =E22-E31 -> 0.094096148 | F32: =F22-F31 -> 0.038243866 | G32: =G22-G31 -> 0.044354631 | H32: =H22-H31 -> -0.0053437025 | I32: =I22-I31 -> 0.025581626 | J32: =AVERAGE(B32,D32,F32,H32) -> 0.056880335 | K32: =AVERAGE(C32,E32,G32,I32) -> 0.050286859 | L32: =AVERAGE(J32,K32) -> 0.053583597
A33: title_description_complete | B33: =IFERROR(__xludf.DUMMYFUNCTION("FILTER(SemEval_2025_T2!$G$3:$G$132, REGEXMATCH(SemEval_2025_T2!$A$3:$A$132, ""(?i)"" & $B$21 &""_"" & $A33) )"),0.430385701433069) -> 0.4303857 | C33: =IFERROR(__xludf.DUMMYFUNCTION("FILTER(SemEval_2025_T2!$H$3:$H$132, REGEXMATCH(SemEval_2025_T2!$A$3:$A$132, ""(?i)"" & $B$21 &""_"" & $A33) )"),0.246254129631052) -> 0.24625413 | D33: =IFERROR(__xludf.DUMMYFUNCTION("FILTER(SemEval_2025_T2!$G$3:$G$132, REGEXMATCH(SemEval_2025_T2!$A$3:$A$132, ""(?i)"" & $D$21 &""_"" & $A33) )"),0.031951417004048) -> 0.031951417 | E33: =IFERROR(__xludf.DUMMYFUNCTION("FILTER(SemEval_2025_T2!$H$3:$H$132, REGEXMATCH(SemEval_2025_T2!$A$3:$A$132, ""(?i)"" & $D$21 &""_"" & $A33) )"),0.016105263157894) -> 0.016105263 | F33: =IFERROR(__xludf.DUMMYFUNCTION("FILTER(SemEval_2025_T2!$G$3:$G$132, REGEXMATCH(SemEval_2025_T2!$A$3:$A$132, ""(?i)"" & $F$21 &""_"" & $A33) )"),0.288692243429085) -> 0.28869224 | G33: =IFERROR(__xludf.DUMMYFUNCTION("FILTER(SemEval_2025_T2!$H$3:$H$132, REGEXMATCH(SemEval_2025_T2!$A$3:$A$132, ""(?i)"" & $F$21 &""_"" & $A33) )"),0.125237610500161) -> 0.12523761 | H33: =IFERROR(__xludf.DUMMYFUNCTION("FILTER(SemEval_2025_T2!$G$3:$G$132, REGEXMATCH(SemEval_2025_T2!$A$3:$A$132, ""(?i)"" & $H$21 &""_"" & $A33) )"),0.160590853882959) -> 0.16059085 | I33: =IFERROR(__xludf.DUMMYFUNCTION("FILTER(SemEval_2025_T2!$H$3:$H$132, REGEXMATCH(SemEval_2025_T2!$A$3:$A$132, ""(?i)"" & $H$21 &""_"" & $A33) )"),0.059550146974033) -> 0.059550147
A34: delta_own_description_comp | B34: =B22-B33 -> 0.039244293 | C34: =C22-C33 -> 0.051430345 | D34: =D22-D33 -> 0.3547102 | E34: =E22-E33 -> 0.18404895 | F34: =F22-F33 -> 0.033443741 | G34: =G22-G33 -> 0.033085832 | H34: =H22-H33 -> 0.046513885 | I34: =I22-I33 -> 0.028321078 | J34: =AVERAGE(B34,D34,F34,H34) -> 0.11847803 | K34: =AVERAGE(C34,E34,G34,I34) -> 0.074221552 | L34: =AVERAGE(J34,K34) -> 0.09634979
A35: zero_shot_gpt_title_description_complete | B35: =IFERROR(__xludf.DUMMYFUNCTION("FILTER(SemEval_2025_T2!$G$3:$G$132, REGEXMATCH(SemEval_2025_T2!$A$3:$A$132, ""(?i)"" & $B$21 &""_"" & $A35) )"),0.387901176016965) -> 0.38790118 | C35: =IFERROR(__xludf.DUMMYFUNCTION("FILTER(SemEval_2025_T2!$H$3:$H$132, REGEXMATCH(SemEval_2025_T2!$A$3:$A$132, ""(?i)"" & $B$21 &""_"" & $A35) )"),0.233524755451476) -> 0.23352476 | D35: =IFERROR(__xludf.DUMMYFUNCTION("FILTER(SemEval_2025_T2!$G$3:$G$132, REGEXMATCH(SemEval_2025_T2!$A$3:$A$132, ""(?i)"" & $D$21 &""_"" & $A35) )"),0.190261348592927) -> 0.19026135 | E35: =IFERROR(__xludf.DUMMYFUNCTION("FILTER(SemEval_2025_T2!$H$3:$H$132, REGEXMATCH(SemEval_2025_T2!$A$3:$A$132, ""(?i)"" & $D$21 &""_"" & $A35) )"),0.088050555691827) -> 0.088050556 | F35: =IFERROR(__xludf.DUMMYFUNCTION("FILTER(SemEval_2025_T2!$G$3:$G$132, REGEXMATCH(SemEval_2025_T2!$A$3:$A$132, ""(?i)"" & $F$21 &""_"" & $A35) )"),0.259401876486087) -> 0.25940188 | G35: =IFERROR(__xludf.DUMMYFUNCTION("FILTER(SemEval_2025_T2!$H$3:$H$132, REGEXMATCH(SemEval_2025_T2!$A$3:$A$132, ""(?i)"" & $F$21 &""_"" & $A35) )"),0.116199203293332) -> 0.1161992 | H35: =IFERROR(__xludf.DUMMYFUNCTION("FILTER(SemEval_2025_T2!$G$3:$G$132, REGEXMATCH(SemEval_2025_T2!$A$3:$A$132, ""(?i)"" & $H$21 &""_"" & $A35) )"),0.192691655712708) -> 0.19269166 | I35: =IFERROR(__xludf.DUMMYFUNCTION("FILTER(SemEval_2025_T2!$H$3:$H$132, REGEXMATCH(SemEval_2025_T2!$A$3:$A$132, ""(?i)"" & $H$21 &""_"" & $A35) )"),0.035547496655391) -> 0.035547497
A36: delta_gpt_description_comp | B36: =B22-B35 -> 0.081728819 | C36: =C22-C35 -> 0.06415972 | D36: =D22-D35 -> 0.19640026 | E36: =E22-E35 -> 0.11210366 | F36: =F22-F35 -> 0.062734108 | G36: =G22-G35 -> 0.042124239 | H36: =H22-H35 -> 0.014413083 | I36: =I22-I35 -> 0.052323728 | J36: =AVERAGE(B36,D36,F36,H36) -> 0.088819068 | K36: =AVERAGE(C36,E36,G36,I36) -> 0.067677837 | L36: =AVERAGE(J36,K36) -> 0.078248453
B37: =AVERAGE(B24,B26,B28,B30,B32,B34,B36) -> 0.02507386 | C37: =AVERAGE(C24,C26,C28,C30,C32,C34,C36) -> 0.037551427 | D37: =AVERAGE(D24,D26,D28,D30,D32,D34,D36) -> 0.17717195 | E37: =AVERAGE(E24,E26,E28,E30,E32,E34,E36) -> 0.09610348 | F37: =AVERAGE(F24,F26,F28,F30,F32,F34,F36) -> 0.033704579 | G37: =AVERAGE(G24,G26,G28,G30,G32,G34,G36) -> 0.040900742 | H37: =AVERAGE(H24,H26,H28,H30,H32,H34,H36) -> 0.00032205215 | I37: =AVERAGE(I24,I26,I28,I30,I32,I34,I36) -> 0.027716186
B38: =AVERAGE(B37,C37) -> 0.031312644 | D38: =AVERAGE(D37,E37) -> 0.13663771 | F38: =AVERAGE(F37,G37) -> 0.037302661 | H38: =AVERAGE(H37,I37) -> 0.014019119
A40: hybrid | B40: calme | D40: gemma | F40: exaone | H40: granite
A41: no_no | B41: =IFERROR(__xludf.DUMMYFUNCTION("FILTER(SemEval_2025_T2!$E$3:$E$132, REGEXMATCH(SemEval_2025_T2!$A$3:$A$132, ""(?i)"" & $B$21 &""_"" & $A41) )"),0.538777572135467) -> 0.53877757 | C41: =IFERROR(__xludf.DUMMYFUNCTION("FILTER(SemEval_2025_T2!$F$3:$F$132, REGEXMATCH(SemEval_2025_T2!$A$3:$A$132, ""(?i)"" & $B$21 &""_"" & $A41) )"),0.339727953333216) -> 0.33972795 | D41: =IFERROR(__xludf.DUMMYFUNCTION("FILTER(SemEval_2025_T2!$E$3:$E$132, REGEXMATCH(SemEval_2025_T2!$A$3:$A$132, ""(?i)"" & $D$21 &""_"" & $A41) )"),0.17067633506844) -> 0.17067634 | E41: =IFERROR(__xludf.DUMMYFUNCTION("FILTER(SemEval_2025_T2!$F$3:$F$132, REGEXMATCH(SemEval_2025_T2!$A$3:$A$132, ""(?i)"" & $D$21 &""_"" & $A41) )"),0.087106689801426) -> 0.08710669 | F41: =IFERROR(__xludf.DUMMYFUNCTION("FILTER(SemEval_2025_T2!$E$3:$E$132, REGEXMATCH(SemEval_2025_T2!$A$3:$A$132, ""(?i)"" & $F$21 &""_"" & $A41) )"),0.357943207377417) -> 0.35794321 | G41: =IFERROR(__xludf.DUMMYFUNCTION("FILTER(SemEval_2025_T2!$F$3:$F$132, REGEXMATCH(SemEval_2025_T2!$A$3:$A$132, ""(?i)"" & $F$21 &""_"" & $A41) )"),0.106532844056528) -> 0.10653284 | H41: =IFERROR(__xludf.DUMMYFUNCTION("FILTER(SemEval_2025_T2!$E$3:$E$132, REGEXMATCH(SemEval_2025_T2!$A$3:$A$132, ""(?i)"" & $H$21 &""_"" & $A41) )"),0.302676293297345) -> 0.30267629 | I41: =IFERROR(__xludf.DUMMYFUNCTION("FILTER(SemEval_2025_T2!$F$3:$F$132, REGEXMATCH(SemEval_2025_T2!$A$3:$A$132, ""(?i)"" & $H$21 &""_"" & $A41) )"),0.044550067970715) -> 0.044550068
A42: original_original | B42: =IFERROR(__xludf.DUMMYFUNCTION("FILTER(SemEval_2025_T2!$E$3:$E$132, REGEXMATCH(SemEval_2025_T2!$A$3:$A$132, ""(?i)"" & $B$21 &""_"" & $A42) )"),0.515748946083156) -> 0.51574895 | C42: =IFERROR(__xludf.DUMMYFUNCTION("FILTER(SemEval_2025_T2!$F$3:$F$132, REGEXMATCH(SemEval_2025_T2!$A$3:$A$132, ""(?i)"" & $B$21 &""_"" & $A42) )"),0.304809111760933) -> 0.30480911 | D42: =IFERROR(__xludf.DUMMYFUNCTION("FILTER(SemEval_2025_T2!$E$3:$E$132, REGEXMATCH(SemEval_2025_T2!$A$3:$A$132, ""(?i)"" & $D$21 &""_"" & $A42) )"),0.255187902448428) -> 0.2551879 | E42: =IFERROR(__xludf.DUMMYFUNCTION("FILTER(SemEval_2025_T2!$F$3:$F$132, REGEXMATCH(SemEval_2025_T2!$A$3:$A$132, ""(?i)"" & $D$21 &""_"" & $A42) )"),0.125488533980639) -> 0.12548853 | F42: =IFERROR(__xludf.DUMMYFUNCTION("FILTER(SemEval_2025_T2!$E$3:$E$132, REGEXMATCH(SemEval_2025_T2!$A$3:$A$132, ""(?i)"" & $F$21 &""_"" & $A42) )"),0.29827218687745) -> 0.29827219 | G42: =IFERROR(__xludf.DUMMYFUNCTION("FILTER(SemEval_2025_T2!$F$3:$F$132, REGEXMATCH(SemEval_2025_T2!$A$3:$A$132, ""(?i)"" & $F$21 &""_"" & $A42) )"),0.096927893451577) -> 0.096927893 | H42: =IFERROR(__xludf.DUMMYFUNCTION("FILTER(SemEval_2025_T2!$E$3:$E$132, REGEXMATCH(SemEval_2025_T2!$A$3:$A$132, ""(?i)"" & $H$21 &""_"" & $A42) )"),0.321656297795771) -> 0.3216563 | I42: =IFERROR(__xludf.DUMMYFUNCTION("FILTER(SemEval_2025_T2!$F$3:$F$132, REGEXMATCH(SemEval_2025_T2!$A$3:$A$132, ""(?i)"" & $H$21 &""_"" & $A42) )"),0.04430764314408) -> 0.044307643
A43: delta_original | B43: =B41-B42 -> 0.023028626 | C43: =C41-C42 -> 0.034918842 | D43: =D41-D42 -> -0.084511567 | E43: =E41-E42 -> -0.038381844 | F43: =F41-F42 -> 0.05967102 | G43: =G41-G42 -> 0.0096049506 | H43: =H41-H42 -> -0.018980005 | I43: =I41-I42 -> 0.00024242483 | J43: =AVERAGE(B43,D43,F43,H43) -> -0.0051979813 | K43: =AVERAGE(C43,E43,G43,I43) -> 0.0015960932 | L43: =AVERAGE(J43,K43) -> -0.0018009441
A44: only_title | B44: =IFERROR(__xludf.DUMMYFUNCTION("FILTER(SemEval_2025_T2!$E$3:$E$132, REGEXMATCH(SemEval_2025_T2!$A$3:$A$132, ""(?i)"" & $B$21 &""_"" & $A44) )"),0.499190977443609) -> 0.49919098 | C44: =IFERROR(__xludf.DUMMYFUNCTION("FILTER(SemEval_2025_T2!$F$3:$F$132, REGEXMATCH(SemEval_2025_T2!$A$3:$A$132, ""(?i)"" & $B$21 &""_"" & $A44) )"),0.293747720745291) -> 0.29374772 | D44: =IFERROR(__xludf.DUMMYFUNCTION("FILTER(SemEval_2025_T2!$E$3:$E$132, REGEXMATCH(SemEval_2025_T2!$A$3:$A$132, ""(?i)"" & $D$21 &""_"" & $A44) )"),0.256158582353319) -> 0.25615858 | E44: =IFERROR(__xludf.DUMMYFUNCTION("FILTER(SemEval_2025_T2!$F$3:$F$132, REGEXMATCH(SemEval_2025_T2!$A$3:$A$132, ""(?i)"" & $D$21 &""_"" & $A44) )"),0.104719207692891) -> 0.10471921 | F44: =IFERROR(__xludf.DUMMYFUNCTION("FILTER(SemEval_2025_T2!$E$3:$E$132, REGEXMATCH(SemEval_2025_T2!$A$3:$A$132, ""(?i)"" & $F$21 &""_"" & $A44) )"),0.319426180836707) -> 0.31942618 | G44: =IFERROR(__xludf.DUMMYFUNCTION("FILTER(SemEval_2025_T2!$F$3:$F$132, REGEXMATCH(SemEval_2025_T2!$A$3:$A$132, ""(?i)"" & $F$21 &""_"" & $A44) )"),0.06204916136495) -> 0.062049161 | H44: =IFERROR(__xludf.DUMMYFUNCTION("FILTER(SemEval_2025_T2!$E$3:$E$132, REGEXMATCH(SemEval_2025_T2!$A$3:$A$132, ""(?i)"" & $H$21 &""_"" & $A44) )"),0.265505709787288) -> 0.26550571 | I44: =IFERROR(__xludf.DUMMYFUNCTION("FILTER(SemEval_2025_T2!$F$3:$F$132, REGEXMATCH(SemEval_2025_T2!$A$3:$A$132, ""(?i)"" & $H$21 &""_"" & $A44) )"),0.028443701912122) -> 0.028443702
A45: delta_own_title | B45: =B41-B44 -> 0.039586595 | C45: =C41-C44 -> 0.045980233 | D45: =D41-D44 -> -0.085482247 | E45: =E41-E44 -> -0.017612518 | F45: =F41-F44 -> 0.038517027 | G45: =G41-G44 -> 0.044483683 | H45: =H41-H44 -> 0.037170584 | I45: =I41-I44 -> 0.016106366 | J45: =AVERAGE(B45,D45,F45,H45) -> 0.0074479894 | K45: =AVERAGE(C45,E45,G45,I45) -> 0.022239441 | L45: =AVERAGE(J45,K45) -> 0.014843715
A46: zero_shot_gpt_only_title | B46: =IFERROR(__xludf.DUMMYFUNCTION("FILTER(SemEval_2025_T2!$E$3:$E$132, REGEXMATCH(SemEval_2025_T2!$A$3:$A$132, ""(?i)"" & $B$21 &""_"" & $A46) )"),0.507974487500803) -> 0.50797449 | C46: =IFERROR(__xludf.DUMMYFUNCTION("FILTER(SemEval_2025_T2!$F$3:$F$132, REGEXMATCH(SemEval_2025_T2!$A$3:$A$132, ""(?i)"" & $B$21 &""_"" & $A46) )"),0.302492234036768) -> 0.30249223 | D46: =IFERROR(__xludf.DUMMYFUNCTION("FILTER(SemEval_2025_T2!$E$3:$E$132, REGEXMATCH(SemEval_2025_T2!$A$3:$A$132, ""(?i)"" & $D$21 &""_"" & $A46) )"),0.239861981877771) -> 0.23986198 | E46: =IFERROR(__xludf.DUMMYFUNCTION("FILTER(SemEval_2025_T2!$F$3:$F$132, REGEXMATCH(SemEval_2025_T2!$A$3:$A$132, ""(?i)"" & $D$21 &""_"" & $A46) )"),0.08960207015207) -> 0.08960207 | F46: =IFERROR(__xludf.DUMMYFUNCTION("FILTER(SemEval_2025_T2!$E$3:$E$132, REGEXMATCH(SemEval_2025_T2!$A$3:$A$132, ""(?i)"" & $F$21 &""_"" & $A46) )"),0.32236522717049) -> 0.32236523 | G46: =IFERROR(__xludf.DUMMYFUNCTION("FILTER(SemEval_2025_T2!$F$3:$F$132, REGEXMATCH(SemEval_2025_T2!$A$3:$A$132, ""(?i)"" & $F$21 &""_"" & $A46) )"),0.068857975942186) -> 0.068857976 | H46: =IFERROR(__xludf.DUMMYFUNCTION("FILTER(SemEval_2025_T2!$E$3:$E$132, REGEXMATCH(SemEval_2025_T2!$A$3:$A$132, ""(?i)"" & $H$21 &""_"" & $A46) )"),0.286967640254482) -> 0.28696764 | I46: =IFERROR(__xludf.DUMMYFUNCTION("FILTER(SemEval_2025_T2!$F$3:$F$132, REGEXMATCH(SemEval_2025_T2!$A$3:$A$132, ""(?i)"" & $H$21 &""_"" & $A46) )"),0.030866897137949) -> 0.030866897
A47: delta_gpt_title | B47: =B41-B46 -> 0.030803085 | C47: =C41-C46 -> 0.037235719 | D47: =D41-D46 -> -0.069185647 | E47: =E41-E46 -> -0.0024953804 | F47: =F41-F46 -> 0.03557798 | G47: =G41-G46 -> 0.037674868 | H47: =H41-H46 -> 0.015708653 | I47: =I41-I46 -> 0.013683171 | J47: =AVERAGE(B47,D47,F47,H47) -> 0.0032260178 | K47: =AVERAGE(C47,E47,G47,I47) -> 0.021524594 | L47: =AVERAGE(J47,K47) -> 0.012375306
A48: title_description | B48: =IFERROR(__xludf.DUMMYFUNCTION("FILTER(SemEval_2025_T2!$E$3:$E$132, REGEXMATCH(SemEval_2025_T2!$A$3:$A$132, ""(?i)"" & $B$21 &""_"" & $A48), NOT(REGEXMATCH(SemEval_2025_T2!$A$3:$A$132, ""(?i)complete"")) )"),0.523713880855986) -> 0.52371388 | C48: =IFERROR(__xludf.DUMMYFUNCTION("FILTER(SemEval_2025_T2!$F$3:$F$132, REGEXMATCH(SemEval_2025_T2!$A$3:$A$132, ""(?i)"" & $B$21 &""_"" & $A48), NOT(REGEXMATCH(SemEval_2025_T2!$A$3:$A$132, ""(?i)complete"")) )"),0.298182340601368) -> 0.29818234 | D48: =IFERROR(__xludf.DUMMYFUNCTION("FILTER(SemEval_2025_T2!$E$3:$E$132, REGEXMATCH(SemEval_2025_T2!$A$3:$A$132, ""(?i)"" & $D$21 &""_"" & $A48), NOT(REGEXMATCH(SemEval_2025_T2!$A$3:$A$132, ""(?i)complete"")) )"),0.255036344065291) -> 0.25503634 | E48: =IFERROR(__xludf.DUMMYFUNCTION("FILTER(SemEval_2025_T2!$F$3:$F$132, REGEXMATCH(SemEval_2025_T2!$A$3:$A$132, ""(?i)"" & $D$21 &""_"" & $A48), NOT(REGEXMATCH(SemEval_2025_T2!$A$3:$A$132, ""(?i)complete"")) )"),0.10422726630095) -> 0.10422727 | F48: =IFERROR(__xludf.DUMMYFUNCTION("FILTER(SemEval_2025_T2!$E$3:$E$132, REGEXMATCH(SemEval_2025_T2!$A$3:$A$132, ""(?i)"" & $F$21 &""_"" & $A48), NOT(REGEXMATCH(SemEval_2025_T2!$A$3:$A$132, ""(?i)complete"")) )"),0.303224179037336) -> 0.30322418 | G48: =IFERROR(__xludf.DUMMYFUNCTION("FILTER(SemEval_2025_T2!$F$3:$F$132, REGEXMATCH(SemEval_2025_T2!$A$3:$A$132, ""(?i)"" & $F$21 &""_"" & $A48), NOT(REGEXMATCH(SemEval_2025_T2!$A$3:$A$132, ""(?i)complete"")) )"),0.06794643339117) -> 0.067946433 | H48: =IFERROR(__xludf.DUMMYFUNCTION("FILTER(SemEval_2025_T2!$E$3:$E$132, REGEXMATCH(SemEval_2025_T2!$A$3:$A$132, ""(?i)"" & $H$21 &""_"" & $A48), NOT(REGEXMATCH(SemEval_2025_T2!$A$3:$A$132, ""(?i)complete"")) )"),0.28368918449971) -> 0.28368918 | I48: =IFERROR(__xludf.DUMMYFUNCTION("FILTER(SemEval_2025_T2!$F$3:$F$132, REGEXMATCH(SemEval_2025_T2!$A$3:$A$132, ""(?i)"" & $H$21 &""_"" & $A48), NOT(REGEXMATCH(SemEval_2025_T2!$A$3:$A$132, ""(?i)complete"")) )"),0.022842436218752) -> 0.022842436
A49: delta_own_description | B49: =B41-B48 -> 0.015063691 | C49: =C41-C48 -> 0.041545613 | D49: =D41-D48 -> -0.084360009 | E49: =E41-E48 -> -0.017120577 | F49: =F41-F48 -> 0.054719028 | G49: =G41-G48 -> 0.038586411 | H49: =H41-H48 -> 0.018987109 | I49: =I41-I48 -> 0.021707632 | J49: =AVERAGE(B49,D49,F49,H49) -> 0.0011024549 | K49: =AVERAGE(C49,E49,G49,I49) -> 0.02117977 | L49: =AVERAGE(J49,K49) -> 0.011141112
A50: zero_shot_gpt_title_description | B50: =IFERROR(__xludf.DUMMYFUNCTION("FILTER(SemEval_2025_T2!$E$3:$E$132, REGEXMATCH(SemEval_2025_T2!$A$3:$A$132, ""(?i)"" & $B$21 &""_"" & $A50), NOT(REGEXMATCH(SemEval_2025_T2!$A$3:$A$132, ""(?i)complete"")) )"),0.499797384486858) -> 0.49979738 | C50: =IFERROR(__xludf.DUMMYFUNCTION("FILTER(SemEval_2025_T2!$F$3:$F$132, REGEXMATCH(SemEval_2025_T2!$A$3:$A$132, ""(?i)"" & $B$21 &""_"" & $A50), NOT(REGEXMATCH(SemEval_2025_T2!$A$3:$A$132, ""(?i)complete"")) )"),0.275172661886022) -> 0.27517266 | D50: =IFERROR(__xludf.DUMMYFUNCTION("FILTER(SemEval_2025_T2!$E$3:$E$132, REGEXMATCH(SemEval_2025_T2!$A$3:$A$132, ""(?i)"" & $D$21 &""_"" & $A50), NOT(REGEXMATCH(SemEval_2025_T2!$A$3:$A$132, ""(?i)complete"")) )"),0.225635200179937) -> 0.2256352 | E50: =IFERROR(__xludf.DUMMYFUNCTION("FILTER(SemEval_2025_T2!$F$3:$F$132, REGEXMATCH(SemEval_2025_T2!$A$3:$A$132, ""(?i)"" & $D$21 &""_"" & $A50), NOT(REGEXMATCH(SemEval_2025_T2!$A$3:$A$132, ""(?i)complete"")) )"),0.095786284475758) -> 0.095786284 | F50: =IFERROR(__xludf.DUMMYFUNCTION("FILTER(SemEval_2025_T2!$E$3:$E$132, REGEXMATCH(SemEval_2025_T2!$A$3:$A$132, ""(?i)"" & $F$21 &""_"" & $A50), NOT(REGEXMATCH(SemEval_2025_T2!$A$3:$A$132, ""(?i)complete"")) )"),0.283900443416232) -> 0.28390044 | G50: =IFERROR(__xludf.DUMMYFUNCTION("FILTER(SemEval_2025_T2!$F$3:$F$132, REGEXMATCH(SemEval_2025_T2!$A$3:$A$132, ""(?i)"" & $F$21 &""_"" & $A50), NOT(REGEXMATCH(SemEval_2025_T2!$A$3:$A$132, ""(?i)complete"")) )"),0.063735660223716) -> 0.06373566 | H50: =IFERROR(__xludf.DUMMYFUNCTION("FILTER(SemEval_2025_T2!$E$3:$E$132, REGEXMATCH(SemEval_2025_T2!$A$3:$A$132, ""(?i)"" & $H$21 &""_"" & $A50), NOT(REGEXMATCH(SemEval_2025_T2!$A$3:$A$132, ""(?i)complete"")) )"),0.259658161429214) -> 0.25965816 | I50: =IFERROR(__xludf.DUMMYFUNCTION("FILTER(SemEval_2025_T2!$F$3:$F$132, REGEXMATCH(SemEval_2025_T2!$A$3:$A$132, ""(?i)"" & $H$21 &""_"" & $A50), NOT(REGEXMATCH(SemEval_2025_T2!$A$3:$A$132, ""(?i)complete"")) )"),0.026723515261167) -> 0.026723515
A51: delta_gpt_description | B51: =B41-B50 -> 0.038980188 | C51: =C41-C50 -> 0.064555291 | D51: =D41-D50 -> -0.054958865 | E51: =E41-E50 -> -0.0086795947 | F51: =F41-F50 -> 0.074042764 | G51: =G41-G50 -> 0.042797184 | H51: =H41-H50 -> 0.043018132 | I51: =I41-I50 -> 0.017826553 | J51: =AVERAGE(B51,D51,F51,H51) -> 0.025270555 | K51: =AVERAGE(C51,E51,G51,I51) -> 0.029124858 | L51: =AVERAGE(J51,K51) -> 0.027197706
A52: title_description_complete | B52: =IFERROR(__xludf.DUMMYFUNCTION("FILTER(SemEval_2025_T2!$E$3:$E$132, REGEXMATCH(SemEval_2025_T2!$A$3:$A$132, ""(?i)"" & $B$21 &""_"" & $A52) )"),0.493213067926225) -> 0.49321307 | C52: =IFERROR(__xludf.DUMMYFUNCTION("FILTER(SemEval_2025_T2!$F$3:$F$132, REGEXMATCH(SemEval_2025_T2!$A$3:$A$132, ""(?i)"" & $B$21 &""_"" & $A52) )"),0.274709964596806) -> 0.27470996 | D52: =IFERROR(__xludf.DUMMYFUNCTION("FILTER(SemEval_2025_T2!$E$3:$E$132, REGEXMATCH(SemEval_2025_T2!$A$3:$A$132, ""(?i)"" & $D$21 &""_"" & $A52) )"),0.223272228648544) -> 0.22327223 | E52: =IFERROR(__xludf.DUMMYFUNCTION("FILTER(SemEval_2025_T2!$F$3:$F$132, REGEXMATCH(SemEval_2025_T2!$A$3:$A$132, ""(?i)"" & $D$21 &""_"" & $A52) )"),0.054960912389454) -> 0.054960912 | F52: =IFERROR(__xludf.DUMMYFUNCTION("FILTER(SemEval_2025_T2!$E$3:$E$132, REGEXMATCH(SemEval_2025_T2!$A$3:$A$132, ""(?i)"" & $F$21 &""_"" & $A52) )"),0.300439374076216) -> 0.30043937 | G52: =IFERROR(__xludf.DUMMYFUNCTION("FILTER(SemEval_2025_T2!$F$3:$F$132, REGEXMATCH(SemEval_2025_T2!$A$3:$A$132, ""(?i)"" & $F$21 &""_"" & $A52) )"),0.040366798406272) -> 0.040366798 | H52: =IFERROR(__xludf.DUMMYFUNCTION("FILTER(SemEval_2025_T2!$E$3:$E$132, REGEXMATCH(SemEval_2025_T2!$A$3:$A$132, ""(?i)"" & $H$21 &""_"" & $A52) )"),0.180634943127048) -> 0.18063494 | I52: =IFERROR(__xludf.DUMMYFUNCTION("FILTER(SemEval_2025_T2!$F$3:$F$132, REGEXMATCH(SemEval_2025_T2!$A$3:$A$132, ""(?i)"" & $H$21 &""_"" & $A52) )"),0.022100388792494) -> 0.022100389
A53: delta_own_description_comp | B53: =B41-B52 -> 0.045564504 | C53: =C41-C52 -> 0.065017989 | D53: =D41-D52 -> -0.052595894 | E53: =E41-E52 -> 0.032145777 | F53: =F41-F52 -> 0.057503833 | G53: =G41-G52 -> 0.066166046 | H53: =H41-H52 -> 0.12204135 | I53: =I41-I52 -> 0.022449679 | J53: =AVERAGE(B53,D53,F53,H53) -> 0.043128449 | K53: =AVERAGE(C53,E53,G53,I53) -> 0.046444873 | L53: =AVERAGE(J53,K53) -> 0.044786661
A54: zero_shot_gpt_title_description_complete | B54: =IFERROR(__xludf.DUMMYFUNCTION("FILTER(SemEval_2025_T2!$E$3:$E$132, REGEXMATCH(SemEval_2025_T2!$A$3:$A$132, ""(?i)"" & $B$21 &""_"" & $A54) )"),0.506004639804639) -> 0.50600464 | C54: =IFERROR(__xludf.DUMMYFUNCTION("FILTER(SemEval_2025_T2!$F$3:$F$132, REGEXMATCH(SemEval_2025_T2!$A$3:$A$132, ""(?i)"" & $B$21 &""_"" & $A54) )"),0.278838425519599) -> 0.27883843 | D54: =IFERROR(__xludf.DUMMYFUNCTION("FILTER(SemEval_2025_T2!$E$3:$E$132, REGEXMATCH(SemEval_2025_T2!$A$3:$A$132, ""(?i)"" & $D$21 &""_"" & $A54) )"),0.196936048454469) -> 0.19693605 | E54: =IFERROR(__xludf.DUMMYFUNCTION("FILTER(SemEval_2025_T2!$F$3:$F$132, REGEXMATCH(SemEval_2025_T2!$A$3:$A$132, ""(?i)"" & $D$21 &""_"" & $A54) )"),0.063800009931588) -> 0.06380001 | F54: =IFERROR(__xludf.DUMMYFUNCTION("FILTER(SemEval_2025_T2!$E$3:$E$132, REGEXMATCH(SemEval_2025_T2!$A$3:$A$132, ""(?i)"" & $F$21 &""_"" & $A54) )"),0.2725549900392) -> 0.27255499 | G54: =IFERROR(__xludf.DUMMYFUNCTION("FILTER(SemEval_2025_T2!$F$3:$F$132, REGEXMATCH(SemEval_2025_T2!$A$3:$A$132, ""(?i)"" & $F$21 &""_"" & $A54) )"),0.056369605248552) -> 0.056369605 | H54: =IFERROR(__xludf.DUMMYFUNCTION("FILTER(SemEval_2025_T2!$E$3:$E$132, REGEXMATCH(SemEval_2025_T2!$A$3:$A$132, ""(?i)"" & $H$21 &""_"" & $A54) )"),0.247308013623803) -> 0.24730801 | I54: =IFERROR(__xludf.DUMMYFUNCTION("FILTER(SemEval_2025_T2!$F$3:$F$132, REGEXMATCH(SemEval_2025_T2!$A$3:$A$132, ""(?i)"" & $H$21 &""_"" & $A54) )"),0.031142846919162) -> 0.031142847
A55: delta_gpt_description_comp | B55: =B41-B54 -> 0.032772932 | C55: =C41-C54 -> 0.060889528 | D55: =D41-D54 -> -0.026259713 | E55: =E41-E54 -> 0.02330668 | F55: =F41-F54 -> 0.085388217 | G55: =G41-G54 -> 0.050163239 | H55: =H41-H54 -> 0.05536828 | I55: =I41-I54 -> 0.013407221 | J55: =AVERAGE(B55,D55,F55,H55) -> 0.036817429 | K55: =AVERAGE(C55,E55,G55,I55) -> 0.036941667 | L55: =AVERAGE(J55,K55) -> 0.036879548
B56: =AVERAGE(B43,B45,B47,B49,B51,B53,B55) -> 0.032257089 | C56: =AVERAGE(C43,C45,C47,C49,C51,C53,C55) -> 0.050020459 | D56: =AVERAGE(D43,D45,D47,D49,D51,D53,D55) -> -0.065336278 | E56: =AVERAGE(E43,E45,E47,E49,E51,E53,E55) -> -0.0041196366 | F56: =AVERAGE(F43,F45,F47,F49,F51,F53,F55) -> 0.057917124 | G56: =AVERAGE(G43,G45,G47,G49,G51,G53,G55) -> 0.041353769 | H56: =AVERAGE(H43,H45,H47,H49,H51,H53,H55) -> 0.039044872 | I56: =AVERAGE(I43,I45,I47,I49,I51,I53,I55) -> 0.015060435
B57: =AVERAGE(B56,C56) -> 0.041138774 | D57: =AVERAGE(D56,E56) -> -0.034727957 | F57: =AVERAGE(F56,G56) -> 0.049635446 | H57: =AVERAGE(H56,I56) -> 0.027052653
A59: all_in_one | B59: calme | D59: gemma | F59: exaone | H59: granite
A60: no_no | B60: =IFERROR(__xludf.DUMMYFUNCTION("FILTER(SemEval_2025_T2!$C$3:$C$132, REGEXMATCH(SemEval_2025_T2!$A$3:$A$132, ""(?i)"" & $B$21 &""_"" & $A60) )"),0.537594490305016) -> 0.53759449 | C60: =IFERROR(__xludf.DUMMYFUNCTION("FILTER(SemEval_2025_T2!$D$3:$D$132, REGEXMATCH(SemEval_2025_T2!$A$3:$A$132, ""(?i)"" & $B$21 &""_"" & $A60) )"),0.32476797950138) -> 0.32476798 | D60: =IFERROR(__xludf.DUMMYFUNCTION("FILTER(SemEval_2025_T2!$C$3:$C$132, REGEXMATCH(SemEval_2025_T2!$A$3:$A$132, ""(?i)"" & $D$21 &""_"" & $A60) )"),0.107663177173703) -> 0.10766318 | E60: =IFERROR(__xludf.DUMMYFUNCTION("FILTER(SemEval_2025_T2!$D$3:$D$132, REGEXMATCH(SemEval_2025_T2!$A$3:$A$132, ""(?i)"" & $D$21 &""_"" & $A60) )"),0.049053364179679) -> 0.049053364 | F60: =IFERROR(__xludf.DUMMYFUNCTION("FILTER(SemEval_2025_T2!$C$3:$C$132, REGEXMATCH(SemEval_2025_T2!$A$3:$A$132, ""(?i)"" & $F$21 &""_"" & $A60) )"),0.300086787481524) -> 0.30008679 | G60: =IFERROR(__xludf.DUMMYFUNCTION("FILTER(SemEval_2025_T2!$D$3:$D$132, REGEXMATCH(SemEval_2025_T2!$A$3:$A$132, ""(?i)"" & $F$21 &""_"" & $A60) )"),0.093026101855858) -> 0.093026102 | H60: =IFERROR(__xludf.DUMMYFUNCTION("FILTER(SemEval_2025_T2!$C$3:$C$132, REGEXMATCH(SemEval_2025_T2!$A$3:$A$132, ""(?i)"" & $H$21 &""_"" & $A60) )"),0.232173196394249) -> 0.2321732 | I60: =IFERROR(__xludf.DUMMYFUNCTION("FILTER(SemEval_2025_T2!$D$3:$D$132, REGEXMATCH(SemEval_2025_T2!$A$3:$A$132, ""(?i)"" & $H$21 &""_"" & $A60) )"),0.039748113874429) -> 0.039748114
A61: original_original | B61: =IFERROR(__xludf.DUMMYFUNCTION("FILTER(SemEval_2025_T2!$C$3:$C$132, REGEXMATCH(SemEval_2025_T2!$A$3:$A$132, ""(?i)"" & $B$21 &""_"" & $A61) )"),0.509893371248634) -> 0.50989337 | C61: =IFERROR(__xludf.DUMMYFUNCTION("FILTER(SemEval_2025_T2!$D$3:$D$132, REGEXMATCH(SemEval_2025_T2!$A$3:$A$132, ""(?i)"" & $B$21 &""_"" & $A61) )"),0.311016641253483) -> 0.31101664 | D61: =IFERROR(__xludf.DUMMYFUNCTION("FILTER(SemEval_2025_T2!$C$3:$C$132, REGEXMATCH(SemEval_2025_T2!$A$3:$A$132, ""(?i)"" & $D$21 &""_"" & $A61) )"),0.053231630357946) -> 0.05323163 | E61: =IFERROR(__xludf.DUMMYFUNCTION("FILTER(SemEval_2025_T2!$D$3:$D$132, REGEXMATCH(SemEval_2025_T2!$A$3:$A$132, ""(?i)"" & $D$21 &""_"" & $A61) )"),0.026355581260844) -> 0.026355581 | F61: =IFERROR(__xludf.DUMMYFUNCTION("FILTER(SemEval_2025_T2!$C$3:$C$132, REGEXMATCH(SemEval_2025_T2!$A$3:$A$132, ""(?i)"" & $F$21 &""_"" & $A61) )"),0.260835643596169) -> 0.26083564 | G61: =IFERROR(__xludf.DUMMYFUNCTION("FILTER(SemEval_2025_T2!$D$3:$D$132, REGEXMATCH(SemEval_2025_T2!$A$3:$A$132, ""(?i)"" & $F$21 &""_"" & $A61) )"),0.06056911772438) -> 0.060569118 | H61: =IFERROR(__xludf.DUMMYFUNCTION("FILTER(SemEval_2025_T2!$C$3:$C$132, REGEXMATCH(SemEval_2025_T2!$A$3:$A$132, ""(?i)"" & $H$21 &""_"" & $A61) )"),0.230424664224664) -> 0.23042466 | I61: =IFERROR(__xludf.DUMMYFUNCTION("FILTER(SemEval_2025_T2!$D$3:$D$132, REGEXMATCH(SemEval_2025_T2!$A$3:$A$132, ""(?i)"" & $H$21 &""_"" & $A61) )"),0.023545608350264) -> 0.023545608
A62: delta_original | B62: =IF(B61="", "", B$60-B61) -> 0.027701119 | C62: =IF(C61="", "", C$60-C61) -> 0.013751338 | D62: =IF(D61="", "", D$60-D61) -> 0.054431547 | E62: =IF(E61="", "", E$60-E61) -> 0.022697783 | F62: =IF(F61="", "", F$60-F61) -> 0.039251144 | G62: =IF(G61="", "", G$60-G61) -> 0.032456984 | H62: =IF(H61="", "", H$60-H61) -> 0.0017485322 | I62: =IF(I61="", "", I$60-I61) -> 0.016202506 | J62: =AVERAGE(B62,D62,F62,H62) -> 0.030783085 | K62: =AVERAGE(C62,E62,G62,I62) -> 0.021277153 | L62: =AVERAGE(J62,K62) -> 0.026030119
A63: only_title | B63: =IFERROR(__xludf.DUMMYFUNCTION("FILTER(SemEval_2025_T2!$C$3:$C$132, REGEXMATCH(SemEval_2025_T2!$A$3:$A$132, ""(?i)"" & $B$21 &""_"" & $A63) )"),"") | C63: =IFERROR(__xludf.DUMMYFUNCTION("FILTER(SemEval_2025_T2!$D$3:$D$132, REGEXMATCH(SemEval_2025_T2!$A$3:$A$132, ""(?i)"" & $B$21 &""_"" & $A63) )"),"") | D63: =IFERROR(__xludf.DUMMYFUNCTION("FILTER(SemEval_2025_T2!$C$3:$C$132, REGEXMATCH(SemEval_2025_T2!$A$3:$A$132, ""(?i)"" & $D$21 &""_"" & $A63) )"),0.061765240023134) -> 0.06176524 | E63: =IFERROR(__xludf.DUMMYFUNCTION("FILTER(SemEval_2025_T2!$D$3:$D$132, REGEXMATCH(SemEval_2025_T2!$A$3:$A$132, ""(?i)"" & $D$21 &""_"" & $A63) )"),0.029348708309234) -> 0.029348708 | F63: =IFERROR(__xludf.DUMMYFUNCTION("FILTER(SemEval_2025_T2!$C$3:$C$132, REGEXMATCH(SemEval_2025_T2!$A$3:$A$132, ""(?i)"" & $F$21 &""_"" & $A63) )"),0.286909321380373) -> 0.28690932 | G63: =IFERROR(__xludf.DUMMYFUNCTION("FILTER(SemEval_2025_T2!$D$3:$D$132, REGEXMATCH(SemEval_2025_T2!$A$3:$A$132, ""(?i)"" & $F$21 &""_"" & $A63) )"),0.040739516331621) -> 0.040739516 | H63: =IFERROR(__xludf.DUMMYFUNCTION("FILTER(SemEval_2025_T2!$C$3:$C$132, REGEXMATCH(SemEval_2025_T2!$A$3:$A$132, ""(?i)"" & $H$21 &""_"" & $A63) )"),0.255543317209106) -> 0.25554332 | I63: =IFERROR(__xludf.DUMMYFUNCTION("FILTER(SemEval_2025_T2!$D$3:$D$132, REGEXMATCH(SemEval_2025_T2!$A$3:$A$132, ""(?i)"" & $H$21 &""_"" & $A63) )"),0.040019142778049) -> 0.040019143
A64: delta_own_title | B64: =IF(B63="", "", B$60-B63) | C64: =IF(C63="", "", C$60-C63) | D64: =IF(D63="", "", D$60-D63) -> 0.045897937 | E64: =IF(E63="", "", E$60-E63) -> 0.019704656 | F64: =IF(F63="", "", F$60-F63) -> 0.013177466 | G64: =IF(G63="", "", G$60-G63) -> 0.052286586 | H64: =IF(H63="", "", H$60-H63) -> -0.023370121 | I64: =IF(I63="", "", I$60-I63) -> -0.0002710289 | J64: =AVERAGE(B64,D64,F64,H64) -> 0.011901761 | K64: =AVERAGE(C64,E64,G64,I64) -> 0.023906738 | L64: =AVERAGE(J64,K64) -> 0.017904249
A65: zero_shot_gpt_only_title | B65: =IFERROR(__xludf.DUMMYFUNCTION("FILTER(SemEval_2025_T2!$C$3:$C$132, REGEXMATCH(SemEval_2025_T2!$A$3:$A$132, ""(?i)"" & $B$21 &""_"" & $A65) )"),"") | C65: =IFERROR(__xludf.DUMMYFUNCTION("FILTER(SemEval_2025_T2!$D$3:$D$132, REGEXMATCH(SemEval_2025_T2!$A$3:$A$132, ""(?i)"" & $B$21 &""_"" & $A65) )"),"") | D65: =IFERROR(__xludf.DUMMYFUNCTION("FILTER(SemEval_2025_T2!$C$3:$C$132, REGEXMATCH(SemEval_2025_T2!$A$3:$A$132, ""(?i)"" & $D$21 &""_"" & $A65) )"),0.037621149026412) -> 0.037621149 | E65: =IFERROR(__xludf.DUMMYFUNCTION("FILTER(SemEval_2025_T2!$D$3:$D$132, REGEXMATCH(SemEval_2025_T2!$A$3:$A$132, ""(?i)"" & $D$21 &""_"" & $A65) )"),0.018537574705995) -> 0.018537575 | F65: =IFERROR(__xludf.DUMMYFUNCTION("FILTER(SemEval_2025_T2!$C$3:$C$132, REGEXMATCH(SemEval_2025_T2!$A$3:$A$132, ""(?i)"" & $F$21 &""_"" & $A65) )"),0.281565625602467) -> 0.28156563 | G65: =IFERROR(__xludf.DUMMYFUNCTION("FILTER(SemEval_2025_T2!$D$3:$D$132, REGEXMATCH(SemEval_2025_T2!$A$3:$A$132, ""(?i)"" & $F$21 &""_"" & $A65) )"),0.036163580571475) -> 0.036163581 | H65: =IFERROR(__xludf.DUMMYFUNCTION("FILTER(SemEval_2025_T2!$C$3:$C$132, REGEXMATCH(SemEval_2025_T2!$A$3:$A$132, ""(?i)"" & $H$21 &""_"" & $A65) )"),0.264778645331276) -> 0.26477865 | I65: =IFERROR(__xludf.DUMMYFUNCTION("FILTER(SemEval_2025_T2!$D$3:$D$132, REGEXMATCH(SemEval_2025_T2!$A$3:$A$132, ""(?i)"" & $H$21 &""_"" & $A65) )"),0.056234737192631) -> 0.056234737
A66: delta_gpt_title | B66: =IF(B65="", "", B$60-B65) | C66: =IF(C65="", "", C$60-C65) | D66: =IF(D65="", "", D$60-D65) -> 0.070042028 | E66: =IF(E65="", "", E$60-E65) -> 0.030515789 | F66: =IF(F65="", "", F$60-F65) -> 0.018521162 | G66: =IF(G65="", "", G$60-G65) -> 0.056862521 | H66: =IF(H65="", "", H$60-H65) -> -0.032605449 | I66: =IF(I65="", "", I$60-I65) -> -0.016486623 | J66: =AVERAGE(B66,D66,F66,H66) -> 0.01865258 | K66: =AVERAGE(C66,E66,G66,I66) -> 0.023630562 | L66: =AVERAGE(J66,K66) -> 0.021141571
A67: title_description | B67: =IFERROR(__xludf.DUMMYFUNCTION("FILTER(SemEval_2025_T2!$C$3:$C$132, REGEXMATCH(SemEval_2025_T2!$A$3:$A$132, ""(?i)"" & $B$21 &""_"" & $A67), NOT(REGEXMATCH(SemEval_2025_T2!$A$3:$A$132, ""(?i)complete"")) )"),"") | C67: =IFERROR(__xludf.DUMMYFUNCTION("FILTER(SemEval_2025_T2!$D$3:$D$132, REGEXMATCH(SemEval_2025_T2!$A$3:$A$132, ""(?i)"" & $B$21 &""_"" & $A67), NOT(REGEXMATCH(SemEval_2025_T2!$A$3:$A$132, ""(?i)complete"")) )"),"") | D67: =IFERROR(__xludf.DUMMYFUNCTION("FILTER(SemEval_2025_T2!$C$3:$C$132, REGEXMATCH(SemEval_2025_T2!$A$3:$A$132, ""(?i)"" & $D$21 &""_"" & $A67), NOT(REGEXMATCH(SemEval_2025_T2!$A$3:$A$132, ""(?i)complete"")) )"),0.043328475033738) -> 0.043328475 | E67: =IFERROR(__xludf.DUMMYFUNCTION("FILTER(SemEval_2025_T2!$D$3:$D$132, REGEXMATCH(SemEval_2025_T2!$A$3:$A$132, ""(?i)"" & $D$21 &""_"" & $A67), NOT(REGEXMATCH(SemEval_2025_T2!$A$3:$A$132, ""(?i)complete"")) )"),0.02139393997815) -> 0.02139394 | F67: =IFERROR(__xludf.DUMMYFUNCTION("FILTER(SemEval_2025_T2!$C$3:$C$132, REGEXMATCH(SemEval_2025_T2!$A$3:$A$132, ""(?i)"" & $F$21 &""_"" & $A67), NOT(REGEXMATCH(SemEval_2025_T2!$A$3:$A$132, ""(?i)complete"")) )"),0.273295328063749) -> 0.27329533 | G67: =IFERROR(__xludf.DUMMYFUNCTION("FILTER(SemEval_2025_T2!$D$3:$D$132, REGEXMATCH(SemEval_2025_T2!$A$3:$A$132, ""(?i)"" & $F$21 &""_"" & $A67), NOT(REGEXMATCH(SemEval_2025_T2!$A$3:$A$132, ""(?i)complete"")) )"),0.051847278160436) -> 0.051847278 | H67: =IFERROR(__xludf.DUMMYFUNCTION("FILTER(SemEval_2025_T2!$C$3:$C$132, REGEXMATCH(SemEval_2025_T2!$A$3:$A$132, ""(?i)"" & $H$21 &""_"" & $A67), NOT(REGEXMATCH(SemEval_2025_T2!$A$3:$A$132, ""(?i)complete"")) )"),0.282041790373369) -> 0.28204179 | I67: =IFERROR(__xludf.DUMMYFUNCTION("FILTER(SemEval_2025_T2!$D$3:$D$132, REGEXMATCH(SemEval_2025_T2!$A$3:$A$132, ""(?i)"" & $H$21 &""_"" & $A67), NOT(REGEXMATCH(SemEval_2025_T2!$A$3:$A$132, ""(?i)complete"")) )"),0.020204459867617) -> 0.02020446
A68: delta_own_description | B68: =IF(B67="", "", B$60-B67) | C68: =IF(C67="", "", C$60-C67) | D68: =IF(D67="", "", D$60-D67) -> 0.064334702 | E68: =IF(E67="", "", E$60-E67) -> 0.027659424 | F68: =IF(F67="", "", F$60-F67) -> 0.026791459 | G68: =IF(G67="", "", G$60-G67) -> 0.041178824 | H68: =IF(H67="", "", H$60-H67) -> -0.049868594 | I68: =IF(I67="", "", I$60-I67) -> 0.019543654 | J68: =AVERAGE(B68,D68,F68,H68) -> 0.013752523 | K68: =AVERAGE(C68,E68,G68,I68) -> 0.029460634 | L68: =AVERAGE(J68,K68) -> 0.021606578
A69: zero_shot_gpt_title_description | B69: =IFERROR(__xludf.DUMMYFUNCTION("FILTER(SemEval_2025_T2!$C$3:$C$132, REGEXMATCH(SemEval_2025_T2!$A$3:$A$132, ""(?i)"" & $B$21 &""_"" & $A69), NOT(REGEXMATCH(SemEval_2025_T2!$A$3:$A$132, ""(?i)complete"")) )"),"") | C69: =IFERROR(__xludf.DUMMYFUNCTION("FILTER(SemEval_2025_T2!$D$3:$D$132, REGEXMATCH(SemEval_2025_T2!$A$3:$A$132, ""(?i)"" & $B$21 &""_"" & $A69), NOT(REGEXMATCH(SemEval_2025_T2!$A$3:$A$132, ""(?i)complete"")) )"),"") | D69: =IFERROR(__xludf.DUMMYFUNCTION("FILTER(SemEval_2025_T2!$C$3:$C$132, REGEXMATCH(SemEval_2025_T2!$A$3:$A$132, ""(?i)"" & $D$21 &""_"" & $A69), NOT(REGEXMATCH(SemEval_2025_T2!$A$3:$A$132, ""(?i)complete"")) )"),0.047214796606901) -> 0.047214797 | E69: =IFERROR(__xludf.DUMMYFUNCTION("FILTER(SemEval_2025_T2!$D$3:$D$132, REGEXMATCH(SemEval_2025_T2!$A$3:$A$132, ""(?i)"" & $D$21 &""_"" & $A69), NOT(REGEXMATCH(SemEval_2025_T2!$A$3:$A$132, ""(?i)complete"")) )"),0.021408588779641) -> 0.021408589 | F69: =IFERROR(__xludf.DUMMYFUNCTION("FILTER(SemEval_2025_T2!$C$3:$C$132, REGEXMATCH(SemEval_2025_T2!$A$3:$A$132, ""(?i)"" & $F$21 &""_"" & $A69), NOT(REGEXMATCH(SemEval_2025_T2!$A$3:$A$132, ""(?i)complete"")) )"),0.273765442452284) -> 0.27376544 | G69: =IFERROR(__xludf.DUMMYFUNCTION("FILTER(SemEval_2025_T2!$D$3:$D$132, REGEXMATCH(SemEval_2025_T2!$A$3:$A$132, ""(?i)"" & $F$21 &""_"" & $A69), NOT(REGEXMATCH(SemEval_2025_T2!$A$3:$A$132, ""(?i)complete"")) )"),0.039897929555824) -> 0.03989793 | H69: =IFERROR(__xludf.DUMMYFUNCTION("FILTER(SemEval_2025_T2!$C$3:$C$132, REGEXMATCH(SemEval_2025_T2!$A$3:$A$132, ""(?i)"" & $H$21 &""_"" & $A69), NOT(REGEXMATCH(SemEval_2025_T2!$A$3:$A$132, ""(?i)complete"")) )"),0.256708971145813) -> 0.25670897 | I69: =IFERROR(__xludf.DUMMYFUNCTION("FILTER(SemEval_2025_T2!$D$3:$D$132, REGEXMATCH(SemEval_2025_T2!$A$3:$A$132, ""(?i)"" & $H$21 &""_"" & $A69), NOT(REGEXMATCH(SemEval_2025_T2!$A$3:$A$132, ""(?i)complete"")) )"),0.044635044959538) -> 0.044635045
A70: delta_gpt_description | B70: =IF(B69="", "", B$60-B69) | C70: =IF(C69="", "", C$60-C69) | D70: =IF(D69="", "", D$60-D69) -> 0.060448381 | E70: =IF(E69="", "", E$60-E69) -> 0.027644775 | F70: =IF(F69="", "", F$60-F69) -> 0.026321345 | G70: =IF(G69="", "", G$60-G69) -> 0.053128172 | H70: =IF(H69="", "", H$60-H69) -> -0.024535775 | I70: =IF(I69="", "", I$60-I69) -> -0.0048869311 | J70: =AVERAGE(B70,D70,F70,H70) -> 0.02074465 | K70: =AVERAGE(C70,E70,G70,I70) -> 0.025295339 | L70: =AVERAGE(J70,K70) -> 0.023019995
A71: title_description_complete | B71: =IFERROR(__xludf.DUMMYFUNCTION("FILTER(SemEval_2025_T2!$C$3:$C$132, REGEXMATCH(SemEval_2025_T2!$A$3:$A$132, ""(?i)"" & $B$21 &""_"" & $A71) )"),"") | C71: =IFERROR(__xludf.DUMMYFUNCTION("FILTER(SemEval_2025_T2!$D$3:$D$132, REGEXMATCH(SemEval_2025_T2!$A$3:$A$132, ""(?i)"" & $B$21 &""_"" & $A71) )"),"") | D71: =IFERROR(__xludf.DUMMYFUNCTION("FILTER(SemEval_2025_T2!$C$3:$C$132, REGEXMATCH(SemEval_2025_T2!$A$3:$A$132, ""(?i)"" & $D$21 &""_"" & $A71) )"),"") | E71: =IFERROR(__xludf.DUMMYFUNCTION("FILTER(SemEval_2025_T2!$D$3:$D$132, REGEXMATCH(SemEval_2025_T2!$A$3:$A$132, ""(?i)"" & $D$21 &""_"" & $A71) )"),"") | F71: =IFERROR(__xludf.DUMMYFUNCTION("FILTER(SemEval_2025_T2!$C$3:$C$132, REGEXMATCH(SemEval_2025_T2!$A$3:$A$132, ""(?i)"" & $F$21 &""_"" & $A71) )"),"") | G71: =IFERROR(__xludf.DUMMYFUNCTION("FILTER(SemEval_2025_T2!$D$3:$D$132, REGEXMATCH(SemEval_2025_T2!$A$3:$A$132, ""(?i)"" & $F$21 &""_"" & $A71) )"),"") | H71: =IFERROR(__xludf.DUMMYFUNCTION("FILTER(SemEval_2025_T2!$C$3:$C$132, REGEXMATCH(SemEval_2025_T2!$A$3:$A$132, ""(?i)"" & $H$21 &""_"" & $A71) )"),0.171234207313154) -> 0.17123421 | I71: =IFERROR(__xludf.DUMMYFUNCTION("FILTER(SemEval_2025_T2!$D$3:$D$132, REGEXMATCH(SemEval_2025_T2!$A$3:$A$132, ""(?i)"" & $H$21 &""_"" & $A71) )"),0.035726314913157) -> 0.035726315
A72: delta_own_description_comp | B72: =IF(B71="", "", B$60-B71) | C72: =IF(C71="", "", C$60-C71) | D72: =IF(D71="", "", D$60-D71) | E72: =IF(E71="", "", E$60-E71) | F72: =IF(F71="", "", F$60-F71) | G72: =IF(G71="", "", G$60-G71) | H72: =IF(H71="", "", H$60-H71) -> 0.060938989 | I72: =IF(I71="", "", I$60-I71) -> 0.004021799
A73: zero_shot_gpt_title_description_complete | B73: =IFERROR(__xludf.DUMMYFUNCTION("FILTER(SemEval_2025_T2!$C$3:$C$132, REGEXMATCH(SemEval_2025_T2!$A$3:$A$132, ""(?i)"" & $B$21 &""_"" & $A73) )"),"") | C73: =IFERROR(__xludf.DUMMYFUNCTION("FILTER(SemEval_2025_T2!$D$3:$D$132, REGEXMATCH(SemEval_2025_T2!$A$3:$A$132, ""(?i)"" & $B$21 &""_"" & $A73) )"),"") | D73: =IFERROR(__xludf.DUMMYFUNCTION("FILTER(SemEval_2025_T2!$C$3:$C$132, REGEXMATCH(SemEval_2025_T2!$A$3:$A$132, ""(?i)"" & $D$21 &""_"" & $A73) )"),"") | E73: =IFERROR(__xludf.DUMMYFUNCTION("FILTER(SemEval_2025_T2!$D$3:$D$132, REGEXMATCH(SemEval_2025_T2!$A$3:$A$132, ""(?i)"" & $D$21 &""_"" & $A73) )"),"") | F73: =IFERROR(__xludf.DUMMYFUNCTION("FILTER(SemEval_2025_T2!$C$3:$C$132, REGEXMATCH(SemEval_2025_T2!$A$3:$A$132, ""(?i)"" & $F$21 &""_"" & $A73) )"),"") | G73: =IFERROR(__xludf.DUMMYFUNCTION("FILTER(SemEval_2025_T2!$D$3:$D$132, REGEXMATCH(SemEval_2025_T2!$A$3:$A$132, ""(?i)"" & $F$21 &""_"" & $A73) )"),"") | H73: =IFERROR(__xludf.DUMMYFUNCTION("FILTER(SemEval_2025_T2!$C$3:$C$132, REGEXMATCH(SemEval_2025_T2!$A$3:$A$132, ""(?i)"" & $H$21 &""_"" & $A73) )"),0.228446018893387) -> 0.22844602 | I73: =IFERROR(__xludf.DUMMYFUNCTION("FILTER(SemEval_2025_T2!$D$3:$D$132, REGEXMATCH(SemEval_2025_T2!$A$3:$A$132, ""(?i)"" & $H$21 &""_"" & $A73) )"),0.030942465137201) -> 0.030942465
A74: delta_gpt_description_comp | B74: =IF(B73="", "", B$60-B73) | C74: =IF(C73="", "", C$60-C73) | D74: =IF(D73="", "", D$60-D73) | E74: =IF(E73="", "", E$60-E73) | F74: =IF(F73="", "", F$60-F73) | G74: =IF(G73="", "", G$60-G73) | H74: =IF(H73="", "", H$60-H73) -> 0.0037271775 | I74: =IF(I73="", "", I$60-I73) -> 0.0088056487
B75: =AVERAGE(B62,B64,B66,B68,B70,B72,B74) -> 0.027701119 | C75: =AVERAGE(C62,C64,C66,C68,C70,C72,C74) -> 0.013751338 | D75: =AVERAGE(D62,D64,D66,D68,D70,D72,D74) -> 0.059030919 | E75: =AVERAGE(E62,E64,E66,E68,E70,E72,E74) -> 0.025644486 | F75: =AVERAGE(F62,F64,F66,F68,F70,F72,F74) -> 0.024812515 | G75: =AVERAGE(G62,G64,G66,G68,G70,G72,G74) -> 0.047182617 | H75: =AVERAGE(H62,H64,H66,H68,H70,H72,H74) -> -0.0091378914 | I75: =AVERAGE(I62,I64,I66,I68,I70,I72,I74) -> 0.0038470034
B76: =AVERAGE(B75,C75) -> 0.020726229 | D76: =AVERAGE(D75,E75) -> 0.042337702 | F76: =AVERAGE(F75,G75) -> 0.035997566 | H76: =AVERAGE(H75,I75) -> -0.002645444

Sheet RQ2
A1: RQ2 | B1: Is it better to use the original human defined descriptions of narratives or ask the models to rewrite / improve / extend them? | M1: ALL | P1: EN | Q1: HI | R1: PT | S1: BG | T1: RU | U1: Total
A2: dipro | B2: calme | D2: gemma | F2: exaone | H2: granite | L2: Number of models worst than original_original | O2: =COUNTIF(B5:I5,">0") + COUNTIF(B7:I7,">0") + COUNTIF(B9:I9,">0") + COUNTIF(B11:I11,">0") + COUNTIF(B13:I13,">0") + COUNTIF(B15:I15,">0") + COUNTIF(B24:I24,">0") + COUNTIF(B26:I26,">0") + COUNTIF(B28:I28,">0") + COUNTIF(B30:I30,">0") + COUNTIF(B32:I32,">0") + COUNTIF(B34:I34,">0") + COUNTIF(B41:I41,">0") + COUNTIF(B43:I43,">0") + COUNTIF(B45:I45,">0") + COUNTIF(B47:I47,">0") + COUNTIF(B49:I49,">0") + COUNTIF(B51:I51,">0") + COUNTIF(B58:I58,">0") + COUNTIF(B60:I60,">0") + COUNTIF(B62:I62,">0") + COUNTIF(B64:I64,">0") + COUNTIF(B66:I66,">0") + COUNTIF(B68:I68,">0") -> 143 | P2: 154 | Q2: 144 | R2: 160 | S2: 146 | T2: 143 | U2: =SUM(P2:T2) -> 747
A3: original_original | B3: =IFERROR(__xludf.DUMMYFUNCTION("FILTER(Dipromats!C$3:C$101, REGEXMATCH(Dipromats!$A$3:$A$101, ""(?i)"" & $A3) )"),0.638654812715595) -> 0.63865481 | C3: =IFERROR(__xludf.DUMMYFUNCTION("FILTER(Dipromats!D$3:D$101, REGEXMATCH(Dipromats!$A$3:$A$101, ""(?i)"" & $A3) )"),0.613462791622532) -> 0.61346279 | D3: =IFERROR(__xludf.DUMMYFUNCTION("FILTER(Dipromats!E$3:E$101, REGEXMATCH(Dipromats!$A$3:$A$101, ""(?i)"" & $A3) )"),0.624175131263906) -> 0.62417513 | E3: =IFERROR(__xludf.DUMMYFUNCTION("FILTER(Dipromats!F$3:F$101, REGEXMATCH(Dipromats!$A$3:$A$101, ""(?i)"" & $A3) )"),0.593223331315557) -> 0.59322333 | F3: =IFERROR(__xludf.DUMMYFUNCTION("FILTER(Dipromats!G$3:G$101, REGEXMATCH(Dipromats!$A$3:$A$101, ""(?i)"" & $A3) )"),0.572478446675392) -> 0.57247845 | G3: =IFERROR(__xludf.DUMMYFUNCTION("FILTER(Dipromats!H$3:H$101, REGEXMATCH(Dipromats!$A$3:$A$101, ""(?i)"" & $A3) )"),0.534765902917699) -> 0.5347659 | H3: =IFERROR(__xludf.DUMMYFUNCTION("FILTER(Dipromats!I$3:I$101, REGEXMATCH(Dipromats!$A$3:$A$101, ""(?i)"" & $A3) )"),0.335225441305954) -> 0.33522544 | I3: =IFERROR(__xludf.DUMMYFUNCTION("FILTER(Dipromats!J$3:J$101, REGEXMATCH(Dipromats!$A$3:$A$101, ""(?i)"" & $A3) )"),0.352567599779278) -> 0.3525676 | L3: Number of better than original_original | O3: =COUNTIF(B5:I5,"<0") + COUNTIF(B7:I7,"<0") + COUNTIF(B9:I9,"<0") + COUNTIF(B11:I11,"<0") + COUNTIF(B13:I13,"<0") + COUNTIF(B15:I15,"<0") + COUNTIF(B24:I24,"<0") + COUNTIF(B26:I26,"<0") + COUNTIF(B28:I28,"<0") + COUNTIF(B30:I30,"<0") + COUNTIF(B32:I32,"<0") + COUNTIF(B34:I34,"<0") + COUNTIF(B41:I41,"<0") + COUNTIF(B43:I43,"<0") + COUNTIF(B45:I45,"<0") + COUNTIF(B47:I47,"<0") + COUNTIF(B49:I49,"<0") + COUNTIF(B51:I51,"<0") + COUNTIF(B58:I58,"<0") + COUNTIF(B60:I60,"<0") + COUNTIF(B62:I62,"<0") + COUNTIF(B64:I64,"<0") + COUNTIF(B66:I66,"<0") + COUNTIF(B68:I68,"<0") -> 29 | P3: 20 | Q3: 28 | R3: 12 | S3: 26 | T3: 29 | U3: =SUM(P3:T3) -> 115
A4: own_title | B4: =IFERROR(__xludf.DUMMYFUNCTION("FILTER(Dipromats!C$3:C$101, REGEXMATCH(Dipromats!$A$3:$A$101, ""(?i)"" & $A4) )"),0.621040280030557) -> 0.62104028 | C4: =IFERROR(__xludf.DUMMYFUNCTION("FILTER(Dipromats!D$3:D$101, REGEXMATCH(Dipromats!$A$3:$A$101, ""(?i)"" & $A4) )"),0.571358654012934) -> 0.57135865 | D4: =IFERROR(__xludf.DUMMYFUNCTION("FILTER(Dipromats!E$3:E$101, REGEXMATCH(Dipromats!$A$3:$A$101, ""(?i)"" & $A4) )"),0.57620875615112) -> 0.57620876 | E4: =IFERROR(__xludf.DUMMYFUNCTION("FILTER(Dipromats!F$3:F$101, REGEXMATCH(Dipromats!$A$3:$A$101, ""(?i)"" & $A4) )"),0.531274741257453) -> 0.53127474 | F4: =IFERROR(__xludf.DUMMYFUNCTION("FILTER(Dipromats!G$3:G$101, REGEXMATCH(Dipromats!$A$3:$A$101, ""(?i)"" & $A4) )"),0.506150051999198) -> 0.50615005 | G4: =IFERROR(__xludf.DUMMYFUNCTION("FILTER(Dipromats!H$3:H$101, REGEXMATCH(Dipromats!$A$3:$A$101, ""(?i)"" & $A4) )"),0.483697863941618) -> 0.48369786 | H4: =IFERROR(__xludf.DUMMYFUNCTION("FILTER(Dipromats!I$3:I$101, REGEXMATCH(Dipromats!$A$3:$A$101, ""(?i)"" & $A4) )"),0.286129356930116) -> 0.28612936 | I4: =IFERROR(__xludf.DUMMYFUNCTION("FILTER(Dipromats!J$3:J$101, REGEXMATCH(Dipromats!$A$3:$A$101, ""(?i)"" & $A4) )"),0.29837198245895) -> 0.29837198 | L4: Percentage of worst models | O4: =100*O2/(O3+O2) -> 83.139535 | P4: 88.505747 | Q4: 83.72093 | R4: 93.023256 | S4: 84.883721 | T4: 83.139535 | U4: =(U2*100)/(U2+U3) -> 86.658933
A5: delta_own_title | B5: =B3-B4 -> 0.017614533 | C5: =C3-C4 -> 0.042104138 | D5: =D3-D4 -> 0.047966375 | E5: =E3-E4 -> 0.06194859 | F5: =F3-F4 -> 0.066328395 | G5: =G3-G4 -> 0.051068039 | H5: =H3-H4 -> 0.049096084 | I5: =I3-I4 -> 0.054195617 | J5: =AVERAGE(B5:I5) -> 0.048790221 | L5: Percentage of better models | O5: =100*O3/(O2+O3) -> 16.860465 | P5: 11.494253 | Q5: 16.27907 | R5: 6.9767442 | S5: 15.116279 | T5: 16.860465 | U5: =100-U4 -> 13.341067
A6: gpt_title | B6: =IFERROR(__xludf.DUMMYFUNCTION("FILTER(Dipromats!C$3:C$101, REGEXMATCH(Dipromats!$A$3:$A$101, ""(?i)"" & $A6) )"),0.608500522443986) -> 0.60850052 | C6: =IFERROR(__xludf.DUMMYFUNCTION("FILTER(Dipromats!D$3:D$101, REGEXMATCH(Dipromats!$A$3:$A$101, ""(?i)"" & $A6) )"),0.565727300132339) -> 0.5657273 | D6: =IFERROR(__xludf.DUMMYFUNCTION("FILTER(Dipromats!E$3:E$101, REGEXMATCH(Dipromats!$A$3:$A$101, ""(?i)"" & $A6) )"),0.583927636565709) -> 0.58392764 | E6: =IFERROR(__xludf.DUMMYFUNCTION("FILTER(Dipromats!F$3:F$101, REGEXMATCH(Dipromats!$A$3:$A$101, ""(?i)"" & $A6) )"),0.523712547832867) -> 0.52371255 | F6: =IFERROR(__xludf.DUMMYFUNCTION("FILTER(Dipromats!G$3:G$101, REGEXMATCH(Dipromats!$A$3:$A$101, ""(?i)"" & $A6) )"),0.524902705155418) -> 0.52490271 | G6: =IFERROR(__xludf.DUMMYFUNCTION("FILTER(Dipromats!H$3:H$101, REGEXMATCH(Dipromats!$A$3:$A$101, ""(?i)"" & $A6) )"),0.490732657736496) -> 0.49073266 | H6: =IFERROR(__xludf.DUMMYFUNCTION("FILTER(Dipromats!I$3:I$101, REGEXMATCH(Dipromats!$A$3:$A$101, ""(?i)"" & $A6) )"),0.267289569310955) -> 0.26728957 | I6: =IFERROR(__xludf.DUMMYFUNCTION("FILTER(Dipromats!J$3:J$101, REGEXMATCH(Dipromats!$A$3:$A$101, ""(?i)"" & $A6) )"),0.297865824391553) -> 0.29786582
A7: delta_gpt_title | B7: =B3-B6 -> 0.03015429 | C7: =C3-C6 -> 0.047735491 | D7: =D3-D6 -> 0.040247495 | E7: =E3-E6 -> 0.069510783 | F7: =F3-F6 -> 0.047575742 | G7: =G3-G6 -> 0.044033245 | H7: =H3-H6 -> 0.067935872 | I7: =I3-I6 -> 0.054701775 | J7: =AVERAGE(B7:I7) -> 0.050236837
A8: own_description | B8: =IFERROR(__xludf.DUMMYFUNCTION("FILTER(Dipromats!C$3:C$101, REGEXMATCH(Dipromats!$A$3:$A$101, ""(?i)"" & $A8), NOT(REGEXMATCH(Dipromats!$A$3:$A$101, ""(?i)complete"")) )"),0.631787462260468) -> 0.63178746 | C8: =IFERROR(__xludf.DUMMYFUNCTION("FILTER(Dipromats!D$3:D$101, REGEXMATCH(Dipromats!$A$3:$A$101, ""(?i)"" & $A8), NOT(REGEXMATCH(Dipromats!$A$3:$A$101, ""(?i)complete"")) )"),0.618216042484733) -> 0.61821604 | D8: =IFERROR(__xludf.DUMMYFUNCTION("FILTER(Dipromats!E$3:E$101, REGEXMATCH(Dipromats!$A$3:$A$101, ""(?i)"" & $A8), NOT(REGEXMATCH(Dipromats!$A$3:$A$101, ""(?i)complete"")) )"),0.586439666342686) -> 0.58643967 | E8: =IFERROR(__xludf.DUMMYFUNCTION("FILTER(Dipromats!F$3:F$101, REGEXMATCH(Dipromats!$A$3:$A$101, ""(?i)"" & $A8), NOT(REGEXMATCH(Dipromats!$A$3:$A$101, ""(?i)complete"")) )"),0.569895182181278) -> 0.56989518 | F8: =IFERROR(__xludf.DUMMYFUNCTION("FILTER(Dipromats!G$3:G$101, REGEXMATCH(Dipromats!$A$3:$A$101, ""(?i)"" & $A8), NOT(REGEXMATCH(Dipromats!$A$3:$A$101, ""(?i)complete"")) )"),0.546258468663482) -> 0.54625847 | G8: =IFERROR(__xludf.DUMMYFUNCTION("FILTER(Dipromats!H$3:H$101, REGEXMATCH(Dipromats!$A$3:$A$101, ""(?i)"" & $A8), NOT(REGEXMATCH(Dipromats!$A$3:$A$101, ""(?i)complete"")) )"),0.512012998082786) -> 0.512013 | H8: =IFERROR(__xludf.DUMMYFUNCTION("FILTER(Dipromats!I$3:I$101, REGEXMATCH(Dipromats!$A$3:$A$101, ""(?i)"" & $A8), NOT(REGEXMATCH(Dipromats!$A$3:$A$101, ""(?i)complete"")) )"),0.288938661231155) -> 0.28893866 | I8: =IFERROR(__xludf.DUMMYFUNCTION("FILTER(Dipromats!J$3:J$101, REGEXMATCH(Dipromats!$A$3:$A$101, ""(?i)"" & $A8), NOT(REGEXMATCH(Dipromats!$A$3:$A$101, ""(?i)complete"")) )"),0.329512617172151) -> 0.32951262
A9: delta_own_description | B9: =B3-B8 -> 0.0068673505 | C9: =C3-C8 -> -0.0047532509 | D9: =D3-D8 -> 0.037735465 | E9: =E3-E8 -> 0.023328149 | F9: =F3-F8 -> 0.026219978 | G9: =G3-G8 -> 0.022752905 | H9: =H3-H8 -> 0.04628678 | I9: =I3-I8 -> 0.023054983 | J9: =AVERAGE(B9:I9) -> 0.022686545
A10: gpt_description | B10: =IFERROR(__xludf.DUMMYFUNCTION("FILTER(Dipromats!C$3:C$101, REGEXMATCH(Dipromats!$A$3:$A$101, ""(?i)"" & $A10), NOT(REGEXMATCH(Dipromats!$A$3:$A$101, ""(?i)complete"")) )"),0.640317661477475) -> 0.64031766 | C10: =IFERROR(__xludf.DUMMYFUNCTION("FILTER(Dipromats!D$3:D$101, REGEXMATCH(Dipromats!$A$3:$A$101, ""(?i)"" & $A10), NOT(REGEXMATCH(Dipromats!$A$3:$A$101, ""(?i)complete"")) )"),0.61354665612827) -> 0.61354666 | D10: =IFERROR(__xludf.DUMMYFUNCTION("FILTER(Dipromats!E$3:E$101, REGEXMATCH(Dipromats!$A$3:$A$101, ""(?i)"" & $A10), NOT(REGEXMATCH(Dipromats!$A$3:$A$101, ""(?i)complete"")) )"),0.613750839783722) -> 0.61375084 | E10: =IFERROR(__xludf.DUMMYFUNCTION("FILTER(Dipromats!F$3:F$101, REGEXMATCH(Dipromats!$A$3:$A$101, ""(?i)"" & $A10), NOT(REGEXMATCH(Dipromats!$A$3:$A$101, ""(?i)complete"")) )"),0.578681917130575) -> 0.57868192 | F10: =IFERROR(__xludf.DUMMYFUNCTION("FILTER(Dipromats!G$3:G$101, REGEXMATCH(Dipromats!$A$3:$A$101, ""(?i)"" & $A10), NOT(REGEXMATCH(Dipromats!$A$3:$A$101, ""(?i)complete"")) )"),0.545763744390765) -> 0.54576374 | G10: =IFERROR(__xludf.DUMMYFUNCTION("FILTER(Dipromats!H$3:H$101, REGEXMATCH(Dipromats!$A$3:$A$101, ""(?i)"" & $A10), NOT(REGEXMATCH(Dipromats!$A$3:$A$101, ""(?i)complete"")) )"),0.524262991587101) -> 0.52426299 | H10: =IFERROR(__xludf.DUMMYFUNCTION("FILTER(Dipromats!I$3:I$101, REGEXMATCH(Dipromats!$A$3:$A$101, ""(?i)"" & $A10), NOT(REGEXMATCH(Dipromats!$A$3:$A$101, ""(?i)complete"")) )"),0.284838731621514) -> 0.28483873 | I10: =IFERROR(__xludf.DUMMYFUNCTION("FILTER(Dipromats!J$3:J$101, REGEXMATCH(Dipromats!$A$3:$A$101, ""(?i)"" & $A10), NOT(REGEXMATCH(Dipromats!$A$3:$A$101, ""(?i)complete"")) )"),0.300772443809359) -> 0.30077244
A11: delta_gpt_description | B11: =B3-B10 -> -0.0016628488 | C11: =C3-C10 -> -8.3864506e-05 | D11: =D3-D10 -> 0.010424291 | E11: =E3-E10 -> 0.014541414 | F11: =F3-F10 -> 0.026714702 | G11: =G3-G10 -> 0.010502911 | H11: =H3-H10 -> 0.05038671 | I11: =I3-I10 -> 0.051795156 | J11: =AVERAGE(B11:I11) -> 0.020327309
A12: own_description_complete | B12: =IFERROR(__xludf.DUMMYFUNCTION("FILTER(Dipromats!C$3:C$101, REGEXMATCH(Dipromats!$A$3:$A$101, ""(?i)"" & $A12) )"),0.632355163340107) -> 0.63235516 | C12: =IFERROR(__xludf.DUMMYFUNCTION("FILTER(Dipromats!D$3:D$101, REGEXMATCH(Dipromats!$A$3:$A$101, ""(?i)"" & $A12) )"),0.606225827187698) -> 0.60622583 | D12: =IFERROR(__xludf.DUMMYFUNCTION("FILTER(Dipromats!E$3:E$101, REGEXMATCH(Dipromats!$A$3:$A$101, ""(?i)"" & $A12) )"),0.535090217689681) -> 0.53509022 | E12: =IFERROR(__xludf.DUMMYFUNCTION("FILTER(Dipromats!F$3:F$101, REGEXMATCH(Dipromats!$A$3:$A$101, ""(?i)"" & $A12) )"),0.477750371254548) -> 0.47775037 | F12: =IFERROR(__xludf.DUMMYFUNCTION("FILTER(Dipromats!G$3:G$101, REGEXMATCH(Dipromats!$A$3:$A$101, ""(?i)"" & $A12) )"),0.457442229094388) -> 0.45744223 | G12: =IFERROR(__xludf.DUMMYFUNCTION("FILTER(Dipromats!H$3:H$101, REGEXMATCH(Dipromats!$A$3:$A$101, ""(?i)"" & $A12) )"),0.427462251024684) -> 0.42746225 | H12: =IFERROR(__xludf.DUMMYFUNCTION("FILTER(Dipromats!I$3:I$101, REGEXMATCH(Dipromats!$A$3:$A$101, ""(?i)"" & $A12) )"),0.245367655632764) -> 0.24536766 | I12: =IFERROR(__xludf.DUMMYFUNCTION("FILTER(Dipromats!J$3:J$101, REGEXMATCH(Dipromats!$A$3:$A$101, ""(?i)"" & $A12) )"),0.282654794342775) -> 0.28265479
A13: delta_own_description_comp | B13: =B3-B12 -> 0.0062996494 | C13: =C3-C12 -> 0.0072369644 | D13: =D3-D12 -> 0.089084914 | E13: =E3-E12 -> 0.11547296 | F13: =F3-F12 -> 0.11503622 | G13: =G3-G12 -> 0.10730365 | H13: =H3-H12 -> 0.089857786 | I13: =I3-I12 -> 0.069912805 | J13: =AVERAGE(B13:I13) -> 0.075025619
A14: gpt_description_complete | B14: =IFERROR(__xludf.DUMMYFUNCTION("FILTER(Dipromats!C$3:C$101, REGEXMATCH(Dipromats!$A$3:$A$101, ""(?i)"" & $A14) )"),0.626620634285161) -> 0.62662063 | C14: =IFERROR(__xludf.DUMMYFUNCTION("FILTER(Dipromats!D$3:D$101, REGEXMATCH(Dipromats!$A$3:$A$101, ""(?i)"" & $A14) )"),0.604801060798369) -> 0.60480106 | D14: =IFERROR(__xludf.DUMMYFUNCTION("FILTER(Dipromats!E$3:E$101, REGEXMATCH(Dipromats!$A$3:$A$101, ""(?i)"" & $A14) )"),0.274748595417237) -> 0.2747486 | E14: =IFERROR(__xludf.DUMMYFUNCTION("FILTER(Dipromats!F$3:F$101, REGEXMATCH(Dipromats!$A$3:$A$101, ""(?i)"" & $A14) )"),0.380177808740426) -> 0.38017781 | F14: =IFERROR(__xludf.DUMMYFUNCTION("FILTER(Dipromats!G$3:G$101, REGEXMATCH(Dipromats!$A$3:$A$101, ""(?i)"" & $A14) )"),0.484593915089339) -> 0.48459392 | G14: =IFERROR(__xludf.DUMMYFUNCTION("FILTER(Dipromats!H$3:H$101, REGEXMATCH(Dipromats!$A$3:$A$101, ""(?i)"" & $A14) )"),0.437797137788191) -> 0.43779714 | H14: =IFERROR(__xludf.DUMMYFUNCTION("FILTER(Dipromats!I$3:I$101, REGEXMATCH(Dipromats!$A$3:$A$101, ""(?i)"" & $A14) )"),0.220620940157727) -> 0.22062094 | I14: =IFERROR(__xludf.DUMMYFUNCTION("FILTER(Dipromats!J$3:J$101, REGEXMATCH(Dipromats!$A$3:$A$101, ""(?i)"" & $A14) )"),0.271705614091627) -> 0.27170561
A15: delta_gpt_description_comp | B15: =B3-B14 -> 0.012034178 | C15: =C3-C14 -> 0.0086617308 | D15: =D3-D14 -> 0.34942654 | E15: =E3-E14 -> 0.21304552 | F15: =F3-F14 -> 0.087884532 | G15: =G3-G14 -> 0.096968765 | H15: =H3-H14 -> 0.1146045 | I15: =I3-I14 -> 0.080861986 | J15: =AVERAGE(B15:I15) -> 0.12043597
B16: =AVERAGE(B5,B7,B9,B11,B13,B15) -> 0.011884525 | C16: =AVERAGE(C5,C7,C9,C11,C13,C15) -> 0.016816868 | D16: =AVERAGE(D5,D7,D9,D11,D13,D15) -> 0.095814179 | E16: =AVERAGE(E5,E7,E9,E11,E13,E15) -> 0.08297457 | F16: =AVERAGE(F5,F7,F9,F11,F13,F15) -> 0.061626594 | G16: =AVERAGE(G5,G7,G9,G11,G13,G15) -> 0.055438253 | H16: =AVERAGE(H5,H7,H9,H11,H13,H15) -> 0.069694622 | I16: =AVERAGE(I5,I7,I9,I11,I13,I15) -> 0.05575372
B17: =AVERAGE(B16:C16) -> 0.014350697 | D17: =AVERAGE(D16:E16) -> 0.089394375 | F17: =AVERAGE(F16:G16) -> 0.058532424 | H17: =AVERAGE(H16:I16) -> 0.062724171
A21: 3_steps | B21: calme | D21: gemma | F21: exaone | H21: granite
A22: original_original | B22: =IFERROR(__xludf.DUMMYFUNCTION("FILTER(SemEval_2025_T2!$G$3:$G$132, REGEXMATCH(SemEval_2025_T2!$A$3:$A$132, ""(?i)"" & $B$21 &""_"" & $A22) )"),0.514035206022048) -> 0.51403521 | C22: =IFERROR(__xludf.DUMMYFUNCTION("FILTER(SemEval_2025_T2!$H$3:$H$132, REGEXMATCH(SemEval_2025_T2!$A$3:$A$132, ""(?i)"" & $B$21 &""_"" & $A22) )"),0.307645133386631) -> 0.30764513 | D22: =IFERROR(__xludf.DUMMYFUNCTION("FILTER(SemEval_2025_T2!$G$3:$G$132, REGEXMATCH(SemEval_2025_T2!$A$3:$A$132, ""(?i)"" & $D$21 &""_"" & $A22) )"),0.381269392078906) -> 0.38126939 | E22: =IFERROR(__xludf.DUMMYFUNCTION("FILTER(SemEval_2025_T2!$H$3:$H$132, REGEXMATCH(SemEval_2025_T2!$A$3:$A$132, ""(?i)"" & $D$21 &""_"" & $A22) )"),0.213641884382488) -> 0.21364188 | F22: =IFERROR(__xludf.DUMMYFUNCTION("FILTER(SemEval_2025_T2!$G$3:$G$132, REGEXMATCH(SemEval_2025_T2!$A$3:$A$132, ""(?i)"" & $F$21 &""_"" & $A22) )"),0.297130229419703) -> 0.29713023 | G22: =IFERROR(__xludf.DUMMYFUNCTION("FILTER(SemEval_2025_T2!$H$3:$H$132, REGEXMATCH(SemEval_2025_T2!$A$3:$A$132, ""(?i)"" & $F$21 &""_"" & $A22) )"),0.118694163326551) -> 0.11869416 | H22: =IFERROR(__xludf.DUMMYFUNCTION("FILTER(SemEval_2025_T2!$G$3:$G$132, REGEXMATCH(SemEval_2025_T2!$A$3:$A$132, ""(?i)"" & $H$21 &""_"" & $A22) )"),0.238378224888286) -> 0.23837822 | I22: =IFERROR(__xludf.DUMMYFUNCTION("FILTER(SemEval_2025_T2!$H$3:$H$132, REGEXMATCH(SemEval_2025_T2!$A$3:$A$132, ""(?i)"" & $H$21 &""_"" & $A22) )"),0.083454375288068) -> 0.083454375
A23: only_title | B23: =IFERROR(__xludf.DUMMYFUNCTION("FILTER(SemEval_2025_T2!$G$3:$G$132, REGEXMATCH(SemEval_2025_T2!$A$3:$A$132, ""(?i)"" & $B$21 &""_"" & $A23) )"),0.443146947744113) -> 0.44314695 | C23: =IFERROR(__xludf.DUMMYFUNCTION("FILTER(SemEval_2025_T2!$H$3:$H$132, REGEXMATCH(SemEval_2025_T2!$A$3:$A$132, ""(?i)"" & $B$21 &""_"" & $A23) )"),0.278619253553464) -> 0.27861925 | D23: =IFERROR(__xludf.DUMMYFUNCTION("FILTER(SemEval_2025_T2!$G$3:$G$132, REGEXMATCH(SemEval_2025_T2!$A$3:$A$132, ""(?i)"" & $D$21 &""_"" & $A23) )"),0.183951176893282) -> 0.18395118 | E23: =IFERROR(__xludf.DUMMYFUNCTION("FILTER(SemEval_2025_T2!$H$3:$H$132, REGEXMATCH(SemEval_2025_T2!$A$3:$A$132, ""(?i)"" & $D$21 &""_"" & $A23) )"),0.076478375942546) -> 0.076478376 | F23: =IFERROR(__xludf.DUMMYFUNCTION("FILTER(SemEval_2025_T2!$G$3:$G$132, REGEXMATCH(SemEval_2025_T2!$A$3:$A$132, ""(?i)"" & $F$21 &""_"" & $A23) )"),0.322483844225949) -> 0.32248384 | G23: =IFERROR(__xludf.DUMMYFUNCTION("FILTER(SemEval_2025_T2!$H$3:$H$132, REGEXMATCH(SemEval_2025_T2!$A$3:$A$132, ""(?i)"" & $F$21 &""_"" & $A23) )"),0.137031714619164) -> 0.13703171 | H23: =IFERROR(__xludf.DUMMYFUNCTION("FILTER(SemEval_2025_T2!$G$3:$G$132, REGEXMATCH(SemEval_2025_T2!$A$3:$A$132, ""(?i)"" & $H$21 &""_"" & $A23) )"),0.159618888713625) -> 0.15961889 | I23: =IFERROR(__xludf.DUMMYFUNCTION("FILTER(SemEval_2025_T2!$H$3:$H$132, REGEXMATCH(SemEval_2025_T2!$A$3:$A$132, ""(?i)"" & $H$21 &""_"" & $A23) )"),0.051741760021139) -> 0.05174176 | P23: EN | Q23: HI | R23: PT | S23: BG | T23: RU | U23: Total
A24: delta_own_title | B24: =B$22-B23 -> 0.070888258 | C24: =C$22-C23 -> 0.02902588 | D24: =D$22-D23 -> 0.19731822 | E24: =E$22-E23 -> 0.13716351 | F24: =F$22-F23 -> -0.025353615 | G24: =G$22-G23 -> -0.018337551 | H24: =H$22-H23 -> 0.078759336 | I24: =I$22-I23 -> 0.031712615 | J24: =AVERAGE(B24,D24,F24,H24) -> 0.080403049 | K24: =AVERAGE(C24,E24,G24,I24) -> 0.044891113 | L24: =AVERAGE(J24,K24) -> 0.062647081 | N24: delta_own_title | O24: =AVERAGE(L24,L41,L58) -> 0.023132636 | P24: 0.03900494 | Q24: 0.020250821 | R24: 0.045974636 | S24: 0.034394169 | T24: 0.023132636 | U24: =AVERAGE(P24:T24) -> 0.03255144
A25: zero_shot_gpt_only_title | B25: =IFERROR(__xludf.DUMMYFUNCTION("FILTER(SemEval_2025_T2!$G$3:$G$132, REGEXMATCH(SemEval_2025_T2!$A$3:$A$132, ""(?i)"" & $B$21 &""_"" & $A25) )"),0.413172598162071) -> 0.4131726 | C25: =IFERROR(__xludf.DUMMYFUNCTION("FILTER(SemEval_2025_T2!$H$3:$H$132, REGEXMATCH(SemEval_2025_T2!$A$3:$A$132, ""(?i)"" & $B$21 &""_"" & $A25) )"),0.238469869626549) -> 0.23846987 | D25: =IFERROR(__xludf.DUMMYFUNCTION("FILTER(SemEval_2025_T2!$G$3:$G$132, REGEXMATCH(SemEval_2025_T2!$A$3:$A$132, ""(?i)"" & $D$21 &""_"" & $A25) )"),0.201656347341367) -> 0.20165635 | E25: =IFERROR(__xludf.DUMMYFUNCTION("FILTER(SemEval_2025_T2!$H$3:$H$132, REGEXMATCH(SemEval_2025_T2!$A$3:$A$132, ""(?i)"" & $D$21 &""_"" & $A25) )"),0.098389118476481) -> 0.098389118 | F25: =IFERROR(__xludf.DUMMYFUNCTION("FILTER(SemEval_2025_T2!$G$3:$G$132, REGEXMATCH(SemEval_2025_T2!$A$3:$A$132, ""(?i)"" & $F$21 &""_"" & $A25) )"),0.266104055009318) -> 0.26610406 | G25: =IFERROR(__xludf.DUMMYFUNCTION("FILTER(SemEval_2025_T2!$H$3:$H$132, REGEXMATCH(SemEval_2025_T2!$A$3:$A$132, ""(?i)"" & $F$21 &""_"" & $A25) )"),0.099810456390213) -> 0.099810456 | H25: =IFERROR(__xludf.DUMMYFUNCTION("FILTER(SemEval_2025_T2!$G$3:$G$132, REGEXMATCH(SemEval_2025_T2!$A$3:$A$132, ""(?i)"" & $H$21 &""_"" & $A25) )"),0.246870696554907) -> 0.2468707 | I25: =IFERROR(__xludf.DUMMYFUNCTION("FILTER(SemEval_2025_T2!$H$3:$H$132, REGEXMATCH(SemEval_2025_T2!$A$3:$A$132, ""(?i)"" & $H$21 &""_"" & $A25) )"),0.059954252922066) -> 0.059954253 | N25: delta_gpt_title | O25: =AVERAGE(L26,L43,L60) -> 0.024582464 | P25: 0.03837001 | Q25: 0.02057498 | R25: 0.05159966 | S25: 0.035957518 | T25: 0.024582464 | U25: =AVERAGE(P25:T25) -> 0.034216926
A26: delta_gpt_title | B26: =B$22-B25 -> 0.10086261 | C26: =C$22-C25 -> 0.069175264 | D26: =D$22-D25 -> 0.17961304 | E26: =E$22-E25 -> 0.11525277 | F26: =F$22-F25 -> 0.031026174 | G26: =G$22-G25 -> 0.018883707 | H26: =H$22-H25 -> -0.0084924717 | I26: =I$22-I25 -> 0.023500122 | J26: =AVERAGE(B26,D26,F26,H26) -> 0.075752339 | K26: =AVERAGE(C26,E26,G26,I26) -> 0.056702965 | L26: =AVERAGE(J26,K26) -> 0.066227652 | N26: delta_own_description | O26: =AVERAGE(L28,L45,L62) -> 0.015253893 | P26: 0.022904303 | Q26: 0.0177053 | R26: 0.046244694 | S26: 0.028120029 | T26: 0.015253893 | U26: =AVERAGE(P26:T26) -> 0.026045644
A27: title_description | B27: =IFERROR(__xludf.DUMMYFUNCTION("FILTER(SemEval_2025_T2!$G$3:$G$132, REGEXMATCH(SemEval_2025_T2!$A$3:$A$132, ""(?i)"" & $B$21 &""_"" & $A27), NOT(REGEXMATCH(SemEval_2025_T2!$A$3:$A$132, ""(?i)complete"")) )"),0.475694995063416) -> 0.475695 | C27: =IFERROR(__xludf.DUMMYFUNCTION("FILTER(SemEval_2025_T2!$H$3:$H$132, REGEXMATCH(SemEval_2025_T2!$A$3:$A$132, ""(?i)"" & $B$21 &""_"" & $A27), NOT(REGEXMATCH(SemEval_2025_T2!$A$3:$A$132, ""(?i)complete"")) )"),0.255848749114133) -> 0.25584875 | D27: =IFERROR(__xludf.DUMMYFUNCTION("FILTER(SemEval_2025_T2!$G$3:$G$132, REGEXMATCH(SemEval_2025_T2!$A$3:$A$132, ""(?i)"" & $D$21 &""_"" & $A27), NOT(REGEXMATCH(SemEval_2025_T2!$A$3:$A$132, ""(?i)complete"")) )"),0.263223865900181) -> 0.26322387 | E27: =IFERROR(__xludf.DUMMYFUNCTION("FILTER(SemEval_2025_T2!$H$3:$H$132, REGEXMATCH(SemEval_2025_T2!$A$3:$A$132, ""(?i)"" & $D$21 &""_"" & $A27), NOT(REGEXMATCH(SemEval_2025_T2!$A$3:$A$132, ""(?i)complete"")) )"),0.12963188756561) -> 0.12963189 | F27: =IFERROR(__xludf.DUMMYFUNCTION("FILTER(SemEval_2025_T2!$G$3:$G$132, REGEXMATCH(SemEval_2025_T2!$A$3:$A$132, ""(?i)"" & $F$21 &""_"" & $A27), NOT(REGEXMATCH(SemEval_2025_T2!$A$3:$A$132, ""(?i)complete"")) )"),0.301315471370734) -> 0.30131547 | G27: =IFERROR(__xludf.DUMMYFUNCTION("FILTER(SemEval_2025_T2!$H$3:$H$132, REGEXMATCH(SemEval_2025_T2!$A$3:$A$132, ""(?i)"" & $F$21 &""_"" & $A27), NOT(REGEXMATCH(SemEval_2025_T2!$A$3:$A$132, ""(?i)complete"")) )"),0.111016939313498) -> 0.11101694 | H27: =IFERROR(__xludf.DUMMYFUNCTION("FILTER(SemEval_2025_T2!$G$3:$G$132, REGEXMATCH(SemEval_2025_T2!$A$3:$A$132, ""(?i)"" & $H$21 &""_"" & $A27), NOT(REGEXMATCH(SemEval_2025_T2!$A$3:$A$132, ""(?i)complete"")) )"),0.236880045685308) -> 0.23688005 | I27: =IFERROR(__xludf.DUMMYFUNCTION("FILTER(SemEval_2025_T2!$H$3:$H$132, REGEXMATCH(SemEval_2025_T2!$A$3:$A$132, ""(?i)"" & $H$21 &""_"" & $A27), NOT(REGEXMATCH(SemEval_2025_T2!$A$3:$A$132, ""(?i)complete"")) )"),0.068547640773795) -> 0.068547641 | N27: delta_gpt_description | O27: =AVERAGE(L30,L47,L64) -> 0.026963175 | P27: 0.02680696 | Q27: 0.016755317 | R27: 0.033848008 | S27: 0.028145969 | T27: 0.026963175 | U27: =AVERAGE(P27:T27) -> 0.026503886
A28: delta_own_description | B28: =B$22-B27 -> 0.038340211 | C28: =C$22-C27 -> 0.051796384 | D28: =D$22-D27 -> 0.11804553 | E28: =E$22-E27 -> 0.084009997 | F28: =F$22-F27 -> -0.004185242 | G28: =G$22-G27 -> 0.007677224 | H28: =H$22-H27 -> 0.0014981792 | I28: =I$22-I27 -> 0.014906735 | J28: =AVERAGE(B28,D28,F28,H28) -> 0.038424669 | K28: =AVERAGE(C28,E28,G28,I28) -> 0.039597585 | L28: =AVERAGE(J28,K28) -> 0.039011127 | N28: delta_own_description_comp | O28: =AVERAGE(L32,L49) -> 0.07301138 | P28: 0.048227543 | Q28: 0.043386044 | R28: 0.10760792 | S28: 0.074072847 | T28: 0.07301138 | U28: =AVERAGE(P28:T28) -> 0.069261148
A29: zero_shot_gpt_title_description | B29: =IFERROR(__xludf.DUMMYFUNCTION("FILTER(SemEval_2025_T2!$G$3:$G$132, REGEXMATCH(SemEval_2025_T2!$A$3:$A$132, ""(?i)"" & $B$21 &""_"" & $A29), NOT(REGEXMATCH(SemEval_2025_T2!$A$3:$A$132, ""(?i)complete"")) )"),0.447556318827371) -> 0.44755632 | C29: =IFERROR(__xludf.DUMMYFUNCTION("FILTER(SemEval_2025_T2!$H$3:$H$132, REGEXMATCH(SemEval_2025_T2!$A$3:$A$132, ""(?i)"" & $B$21 &""_"" & $A29), NOT(REGEXMATCH(SemEval_2025_T2!$A$3:$A$132, ""(?i)complete"")) )"),0.260569443848998) -> 0.26056944 | D29: =IFERROR(__xludf.DUMMYFUNCTION("FILTER(SemEval_2025_T2!$G$3:$G$132, REGEXMATCH(SemEval_2025_T2!$A$3:$A$132, ""(?i)"" & $D$21 &""_"" & $A29), NOT(REGEXMATCH(SemEval_2025_T2!$A$3:$A$132, ""(?i)complete"")) )"),0.214114112495691) -> 0.21411411 | E29: =IFERROR(__xludf.DUMMYFUNCTION("FILTER(SemEval_2025_T2!$H$3:$H$132, REGEXMATCH(SemEval_2025_T2!$A$3:$A$132, ""(?i)"" & $D$21 &""_"" & $A29), NOT(REGEXMATCH(SemEval_2025_T2!$A$3:$A$132, ""(?i)complete"")) )"),0.106058068538986) -> 0.10605807 | F29: =IFERROR(__xludf.DUMMYFUNCTION("FILTER(SemEval_2025_T2!$G$3:$G$132, REGEXMATCH(SemEval_2025_T2!$A$3:$A$132, ""(?i)"" & $F$21 &""_"" & $A29), NOT(REGEXMATCH(SemEval_2025_T2!$A$3:$A$132, ""(?i)complete"")) )"),0.283892118115802) -> 0.28389212 | G29: =IFERROR(__xludf.DUMMYFUNCTION("FILTER(SemEval_2025_T2!$H$3:$H$132, REGEXMATCH(SemEval_2025_T2!$A$3:$A$132, ""(?i)"" & $F$21 &""_"" & $A29), NOT(REGEXMATCH(SemEval_2025_T2!$A$3:$A$132, ""(?i)complete"")) )"),0.113968810788851) -> 0.11396881 | H29: =IFERROR(__xludf.DUMMYFUNCTION("FILTER(SemEval_2025_T2!$G$3:$G$132, REGEXMATCH(SemEval_2025_T2!$A$3:$A$132, ""(?i)"" & $H$21 &""_"" & $A29), NOT(REGEXMATCH(SemEval_2025_T2!$A$3:$A$132, ""(?i)complete"")) )"),0.212448441324757) -> 0.21244844 | I29: =IFERROR(__xludf.DUMMYFUNCTION("FILTER(SemEval_2025_T2!$H$3:$H$132, REGEXMATCH(SemEval_2025_T2!$A$3:$A$132, ""(?i)"" & $H$21 &""_"" & $A29), NOT(REGEXMATCH(SemEval_2025_T2!$A$3:$A$132, ""(?i)complete"")) )"),0.062289598997493) -> 0.062289599 | N29: delta_gpt_description_comp | O29: =AVERAGE(L34,L51) -> 0.060007155 | P29: 0.04300454 | Q29: 0.02600612 | R29: 0.0724398 | S29: 0.050806827 | T29: 0.060007155 | U29: =AVERAGE(P29:T29) -> 0.050452888
A30: delta_gpt_description | B30: =B$22-B29 -> 0.066478887 | C30: =C$22-C29 -> 0.04707569 | D30: =D$22-D29 -> 0.16715528 | E30: =E$22-E29 -> 0.10758382 | F30: =F$22-F29 -> 0.013238111 | G30: =G$22-G29 -> 0.0047253525 | H30: =H$22-H29 -> 0.025929784 | I30: =I$22-I29 -> 0.021164776 | J30: =AVERAGE(B30,D30,F30,H30) -> 0.068200515 | K30: =AVERAGE(C30,E30,G30,I30) -> 0.045137409 | L30: =AVERAGE(J30,K30) -> 0.056668962
A31: title_description_complete | B31: =IFERROR(__xludf.DUMMYFUNCTION("FILTER(SemEval_2025_T2!$G$3:$G$132, REGEXMATCH(SemEval_2025_T2!$A$3:$A$132, ""(?i)"" & $B$21 &""_"" & $A31) )"),0.430385701433069) -> 0.4303857 | C31: =IFERROR(__xludf.DUMMYFUNCTION("FILTER(SemEval_2025_T2!$H$3:$H$132, REGEXMATCH(SemEval_2025_T2!$A$3:$A$132, ""(?i)"" & $B$21 &""_"" & $A31) )"),0.246254129631052) -> 0.24625413 | D31: =IFERROR(__xludf.DUMMYFUNCTION("FILTER(SemEval_2025_T2!$G$3:$G$132, REGEXMATCH(SemEval_2025_T2!$A$3:$A$132, ""(?i)"" & $D$21 &""_"" & $A31) )"),0.031951417004048) -> 0.031951417 | E31: =IFERROR(__xludf.DUMMYFUNCTION("FILTER(SemEval_2025_T2!$H$3:$H$132, REGEXMATCH(SemEval_2025_T2!$A$3:$A$132, ""(?i)"" & $D$21 &""_"" & $A31) )"),0.016105263157894) -> 0.016105263 | F31: =IFERROR(__xludf.DUMMYFUNCTION("FILTER(SemEval_2025_T2!$G$3:$G$132, REGEXMATCH(SemEval_2025_T2!$A$3:$A$132, ""(?i)"" & $F$21 &""_"" & $A31) )"),0.288692243429085) -> 0.28869224 | G31: =IFERROR(__xludf.DUMMYFUNCTION("FILTER(SemEval_2025_T2!$H$3:$H$132, REGEXMATCH(SemEval_2025_T2!$A$3:$A$132, ""(?i)"" & $F$21 &""_"" & $A31) )"),0.125237610500161) -> 0.12523761 | H31: =IFERROR(__xludf.DUMMYFUNCTION("FILTER(SemEval_2025_T2!$G$3:$G$132, REGEXMATCH(SemEval_2025_T2!$A$3:$A$132, ""(?i)"" & $H$21 &""_"" & $A31) )"),0.160590853882959) -> 0.16059085 | I31: =IFERROR(__xludf.DUMMYFUNCTION("FILTER(SemEval_2025_T2!$H$3:$H$132, REGEXMATCH(SemEval_2025_T2!$A$3:$A$132, ""(?i)"" & $H$21 &""_"" & $A31) )"),0.059550146974033) -> 0.059550147
A32: delta_own_description_comp | B32: =B$22-B31 -> 0.083649505 | C32: =C$22-C31 -> 0.061391004 | D32: =D$22-D31 -> 0.34931798 | E32: =E$22-E31 -> 0.19753662 | F32: =F$22-F31 -> 0.008437986 | G32: =G$22-G31 -> -0.0065434472 | H32: =H$22-H31 -> 0.077787371 | I32: =I$22-I31 -> 0.023904228 | J32: =AVERAGE(B32,D32,F32,H32) -> 0.12979821 | K32: =AVERAGE(C32,E32,G32,I32) -> 0.069072102 | L32: =AVERAGE(J32,K32) -> 0.099435155 | N32: Narr | P32: EN | Q32: HI | R32: PT | S32: BG | T32: RU | U32: Total
A33: zero_shot_gpt_title_description_complete | B33: =IFERROR(__xludf.DUMMYFUNCTION("FILTER(SemEval_2025_T2!$G$3:$G$132, REGEXMATCH(SemEval_2025_T2!$A$3:$A$132, ""(?i)"" & $B$21 &""_"" & $A33) )"),0.387901176016965) -> 0.38790118 | C33: =IFERROR(__xludf.DUMMYFUNCTION("FILTER(SemEval_2025_T2!$H$3:$H$132, REGEXMATCH(SemEval_2025_T2!$A$3:$A$132, ""(?i)"" & $B$21 &""_"" & $A33) )"),0.233524755451476) -> 0.23352476 | D33: =IFERROR(__xludf.DUMMYFUNCTION("FILTER(SemEval_2025_T2!$G$3:$G$132, REGEXMATCH(SemEval_2025_T2!$A$3:$A$132, ""(?i)"" & $D$21 &""_"" & $A33) )"),0.190261348592927) -> 0.19026135 | E33: =IFERROR(__xludf.DUMMYFUNCTION("FILTER(SemEval_2025_T2!$H$3:$H$132, REGEXMATCH(SemEval_2025_T2!$A$3:$A$132, ""(?i)"" & $D$21 &""_"" & $A33) )"),0.088050555691827) -> 0.088050556 | F33: =IFERROR(__xludf.DUMMYFUNCTION("FILTER(SemEval_2025_T2!$G$3:$G$132, REGEXMATCH(SemEval_2025_T2!$A$3:$A$132, ""(?i)"" & $F$21 &""_"" & $A33) )"),0.259401876486087) -> 0.25940188 | G33: =IFERROR(__xludf.DUMMYFUNCTION("FILTER(SemEval_2025_T2!$H$3:$H$132, REGEXMATCH(SemEval_2025_T2!$A$3:$A$132, ""(?i)"" & $F$21 &""_"" & $A33) )"),0.116199203293332) -> 0.1161992 | H33: =IFERROR(__xludf.DUMMYFUNCTION("FILTER(SemEval_2025_T2!$G$3:$G$132, REGEXMATCH(SemEval_2025_T2!$A$3:$A$132, ""(?i)"" & $H$21 &""_"" & $A33) )"),0.192691655712708) -> 0.19269166 | I33: =IFERROR(__xludf.DUMMYFUNCTION("FILTER(SemEval_2025_T2!$H$3:$H$132, REGEXMATCH(SemEval_2025_T2!$A$3:$A$132, ""(?i)"" & $H$21 &""_"" & $A33) )"),0.035547496655391) -> 0.035547497 | N33: delta_own_title | O33: =AVERAGE(J24,J41,J58) -> 0.024380124 | P33: 0.048741053 | Q33: 0.028445797 | R33: 0.062086409 | S33: 0.041446765 | T33: 0.024380124 | U33: =AVERAGE(P33:T33) -> 0.04102003
A34: delta_gpt_description_comp | B34: =B$22-B33 -> 0.12613403 | C34: =C$22-C33 -> 0.074120378 | D34: =D$22-D33 -> 0.19100804 | E34: =E$22-E33 -> 0.12559133 | F34: =F$22-F33 -> 0.037728353 | G34: =G$22-G33 -> 0.00249496 | H34: =H$22-H33 -> 0.045686569 | I34: =I$22-I33 -> 0.047906879 | J34: =AVERAGE(B34,D34,F34,H34) -> 0.10013925 | K34: =AVERAGE(C34,E34,G34,I34) -> 0.062528386 | L34: =AVERAGE(J34,K34) -> 0.081333818 | N34: delta_gpt_title | O34: =AVERAGE(J26,J43,J60) -> 0.023672837 | P34: 0.056904708 | Q34: 0.028617427 | R34: 0.067605756 | S34: 0.040138791 | T34: 0.023672837 | U34: =AVERAGE(P34:T34) -> 0.043387904
B35: =AVERAGE(#REF!,B24,B26,B28,B30,B32,B34) -> #REF! | C35: =AVERAGE(#REF!,C24,C26,C28,C30,C32,C34) -> #REF! | D35: =AVERAGE(#REF!,D24,D26,D28,D30,D32,D34) -> #REF! | E35: =AVERAGE(#REF!,E24,E26,E28,E30,E32,E34) -> #REF! | F35: =AVERAGE(#REF!,F24,F26,F28,F30,F32,F34) -> #REF! | G35: =AVERAGE(#REF!,G24,G26,G28,G30,G32,G34) -> #REF! | H35: =AVERAGE(#REF!,H24,H26,H28,H30,H32,H34) -> #REF! | I35: =AVERAGE(#REF!,I24,I26,I28,I30,I32,I34) -> #REF! | N35: delta_own_description | O35: =AVERAGE(J28,J45,J62) -> 0.0088890732 | P35: 0.032674289 | Q35: 0.027044079 | R35: 0.060360722 | S35: 0.033924434 | T35: 0.0088890732 | U35: =AVERAGE(P35:T35) -> 0.032578519
B36: =AVERAGE(B35,C35) -> #REF! | D36: =AVERAGE(D35,E35) -> #REF! | F36: =AVERAGE(F35,G35) -> #REF! | H36: =AVERAGE(H35,I35) -> #REF! | N36: delta_gpt_description | O36: =AVERAGE(J30,J47,J64) -> 0.029201098 | P36: 0.040680211 | Q36: 0.023646583 | R36: 0.04441758 | S36: 0.031979065 | T36: 0.029201098 | U36: =AVERAGE(P36:T36) -> 0.033984907
N37: delta_own_description_comp | O37: =AVERAGE(J32,J49) -> 0.08906232 | P37: 0.053591864 | Q37: 0.049007191 | R37: 0.14132139 | S37: 0.080826683 | T37: 0.08906232 | U37: =AVERAGE(P37:T37) -> 0.082761889
A38: hybrid | B38: calme | D38: gemma | F38: exaone | H38: granite | N38: delta_gpt_description_comp | O38: =AVERAGE(J34,J51) -> 0.07107733 | P38: 0.052155017 | Q38: 0.034676591 | R38: 0.092912773 | S38: 0.056326906 | T38: 0.07107733 | U38: =AVERAGE(P38:T38) -> 0.061429723
A39: original_original | B39: =IFERROR(__xludf.DUMMYFUNCTION("FILTER(SemEval_2025_T2!$E$3:$E$132, REGEXMATCH(SemEval_2025_T2!$A$3:$A$132, ""(?i)"" & $B$21 &""_"" & $A39) )"),0.515748946083156) -> 0.51574895 | C39: =IFERROR(__xludf.DUMMYFUNCTION("FILTER(SemEval_2025_T2!$F$3:$F$132, REGEXMATCH(SemEval_2025_T2!$A$3:$A$132, ""(?i)"" & $B$21 &""_"" & $A39) )"),0.304809111760933) -> 0.30480911 | D39: =IFERROR(__xludf.DUMMYFUNCTION("FILTER(SemEval_2025_T2!$E$3:$E$132, REGEXMATCH(SemEval_2025_T2!$A$3:$A$132, ""(?i)"" & $D$21 &""_"" & $A39) )"),0.255187902448428) -> 0.2551879 | E39: =IFERROR(__xludf.DUMMYFUNCTION("FILTER(SemEval_2025_T2!$F$3:$F$132, REGEXMATCH(SemEval_2025_T2!$A$3:$A$132, ""(?i)"" & $D$21 &""_"" & $A39) )"),0.125488533980639) -> 0.12548853 | F39: =IFERROR(__xludf.DUMMYFUNCTION("FILTER(SemEval_2025_T2!$E$3:$E$132, REGEXMATCH(SemEval_2025_T2!$A$3:$A$132, ""(?i)"" & $F$21 &""_"" & $A39) )"),0.29827218687745) -> 0.29827219 | G39: =IFERROR(__xludf.DUMMYFUNCTION("FILTER(SemEval_2025_T2!$F$3:$F$132, REGEXMATCH(SemEval_2025_T2!$A$3:$A$132, ""(?i)"" & $F$21 &""_"" & $A39) )"),0.096927893451577) -> 0.096927893 | H39: =IFERROR(__xludf.DUMMYFUNCTION("FILTER(SemEval_2025_T2!$E$3:$E$132, REGEXMATCH(SemEval_2025_T2!$A$3:$A$132, ""(?i)"" & $H$21 &""_"" & $A39) )"),0.321656297795771) -> 0.3216563 | I39: =IFERROR(__xludf.DUMMYFUNCTION("FILTER(SemEval_2025_T2!$F$3:$F$132, REGEXMATCH(SemEval_2025_T2!$A$3:$A$132, ""(?i)"" & $H$21 &""_"" & $A39) )"),0.04430764314408) -> 0.044307643
A40: only_title | B40: =IFERROR(__xludf.DUMMYFUNCTION("FILTER(SemEval_2025_T2!$E$3:$E$132, REGEXMATCH(SemEval_2025_T2!$A$3:$A$132, ""(?i)"" & $B$21 &""_"" & $A40) )"),0.499190977443609) -> 0.49919098 | C40: =IFERROR(__xludf.DUMMYFUNCTION("FILTER(SemEval_2025_T2!$F$3:$F$132, REGEXMATCH(SemEval_2025_T2!$A$3:$A$132, ""(?i)"" & $B$21 &""_"" & $A40) )"),0.293747720745291) -> 0.29374772 | D40: =IFERROR(__xludf.DUMMYFUNCTION("FILTER(SemEval_2025_T2!$E$3:$E$132, REGEXMATCH(SemEval_2025_T2!$A$3:$A$132, ""(?i)"" & $D$21 &""_"" & $A40) )"),0.256158582353319) -> 0.25615858 | E40: =IFERROR(__xludf.DUMMYFUNCTION("FILTER(SemEval_2025_T2!$F$3:$F$132, REGEXMATCH(SemEval_2025_T2!$A$3:$A$132, ""(?i)"" & $D$21 &""_"" & $A40) )"),0.104719207692891) -> 0.10471921 | F40: =IFERROR(__xludf.DUMMYFUNCTION("FILTER(SemEval_2025_T2!$E$3:$E$132, REGEXMATCH(SemEval_2025_T2!$A$3:$A$132, ""(?i)"" & $F$21 &""_"" & $A40) )"),0.319426180836707) -> 0.31942618 | G40: =IFERROR(__xludf.DUMMYFUNCTION("FILTER(SemEval_2025_T2!$F$3:$F$132, REGEXMATCH(SemEval_2025_T2!$A$3:$A$132, ""(?i)"" & $F$21 &""_"" & $A40) )"),0.06204916136495) -> 0.062049161 | H40: =IFERROR(__xludf.DUMMYFUNCTION("FILTER(SemEval_2025_T2!$E$3:$E$132, REGEXMATCH(SemEval_2025_T2!$A$3:$A$132, ""(?i)"" & $H$21 &""_"" & $A40) )"),0.265505709787288) -> 0.26550571 | I40: =IFERROR(__xludf.DUMMYFUNCTION("FILTER(SemEval_2025_T2!$F$3:$F$132, REGEXMATCH(SemEval_2025_T2!$A$3:$A$132, ""(?i)"" & $H$21 &""_"" & $A40) )"),0.028443701912122) -> 0.028443702
A41: delta_own_title | B41: =B$39-B40 -> 0.016557969 | C41: =C$39-C40 -> 0.011061391 | D41: =D$39-D40 -> -0.0009706799 | E41: =E$39-E40 -> 0.020769326 | F41: =F$39-F40 -> -0.021153994 | G41: =G$39-G40 -> 0.034878732 | H41: =H$39-H40 -> 0.056150588 | I41: =I$39-I40 -> 0.015863941 | J41: =AVERAGE(B41,D41,F41,H41) -> 0.012645971 | K41: =AVERAGE(C41,E41,G41,I41) -> 0.020643348 | L41: =AVERAGE(J41,K41) -> 0.016644659 | N41: Subnarr | U41: Total
A42: zero_shot_gpt_only_title | B42: =IFERROR(__xludf.DUMMYFUNCTION("FILTER(SemEval_2025_T2!$E$3:$E$132, REGEXMATCH(SemEval_2025_T2!$A$3:$A$132, ""(?i)"" & $B$21 &""_"" & $A42) )"),0.507974487500803) -> 0.50797449 | C42: =IFERROR(__xludf.DUMMYFUNCTION("FILTER(SemEval_2025_T2!$F$3:$F$132, REGEXMATCH(SemEval_2025_T2!$A$3:$A$132, ""(?i)"" & $B$21 &""_"" & $A42) )"),0.302492234036768) -> 0.30249223 | D42: =IFERROR(__xludf.DUMMYFUNCTION("FILTER(SemEval_2025_T2!$E$3:$E$132, REGEXMATCH(SemEval_2025_T2!$A$3:$A$132, ""(?i)"" & $D$21 &""_"" & $A42) )"),0.239861981877771) -> 0.23986198 | E42: =IFERROR(__xludf.DUMMYFUNCTION("FILTER(SemEval_2025_T2!$F$3:$F$132, REGEXMATCH(SemEval_2025_T2!$A$3:$A$132, ""(?i)"" & $D$21 &""_"" & $A42) )"),0.08960207015207) -> 0.08960207 | F42: =IFERROR(__xludf.DUMMYFUNCTION("FILTER(SemEval_2025_T2!$E$3:$E$132, REGEXMATCH(SemEval_2025_T2!$A$3:$A$132, ""(?i)"" & $F$21 &""_"" & $A42) )"),0.32236522717049) -> 0.32236523 | G42: =IFERROR(__xludf.DUMMYFUNCTION("FILTER(SemEval_2025_T2!$F$3:$F$132, REGEXMATCH(SemEval_2025_T2!$A$3:$A$132, ""(?i)"" & $F$21 &""_"" & $A42) )"),0.068857975942186) -> 0.068857976 | H42: =IFERROR(__xludf.DUMMYFUNCTION("FILTER(SemEval_2025_T2!$E$3:$E$132, REGEXMATCH(SemEval_2025_T2!$A$3:$A$132, ""(?i)"" & $H$21 &""_"" & $A42) )"),0.286967640254482) -> 0.28696764 | I42: =IFERROR(__xludf.DUMMYFUNCTION("FILTER(SemEval_2025_T2!$F$3:$F$132, REGEXMATCH(SemEval_2025_T2!$A$3:$A$132, ""(?i)"" & $H$21 &""_"" & $A42) )"),0.030866897137949) -> 0.030866897 | N42: delta_own_title | O42: =AVERAGE(K24,K41,K58) -> 0.021885147 | P42: 0.029268827 | Q42: 0.012055844 | R42: 0.029862863 | S42: 0.027341573 | T42: 0.021885147 | U42: =AVERAGE(P42:T42) -> 0.024082851
A43: delta_gpt_title | B43: =B$39-B42 -> 0.0077744586 | C43: =C$39-C42 -> 0.0023168777 | D43: =D$39-D42 -> 0.015325921 | E43: =E$39-E42 -> 0.035886464 | F43: =F$39-F42 -> -0.02409304 | G43: =G$39-G42 -> 0.028069918 | H43: =H$39-H42 -> 0.034688658 | I43: =I$39-I42 -> 0.013440746 | J43: =AVERAGE(B43,D43,F43,H43) -> 0.0084239991 | K43: =AVERAGE(C43,E43,G43,I43) -> 0.019928501 | L43: =AVERAGE(J43,K43) -> 0.01417625 | N43: delta_gpt_title | O43: =AVERAGE(K26,K43,K60) -> 0.02549209 | P43: 0.019835311 | Q43: 0.012532533 | R43: 0.035593565 | S43: 0.031776245 | T43: 0.02549209 | U43: =AVERAGE(P43:T43) -> 0.025045949
A44: title_description | B44: =IFERROR(__xludf.DUMMYFUNCTION("FILTER(SemEval_2025_T2!$E$3:$E$132, REGEXMATCH(SemEval_2025_T2!$A$3:$A$132, ""(?i)"" & $B$21 &""_"" & $A44), NOT(REGEXMATCH(SemEval_2025_T2!$A$3:$A$132, ""(?i)complete"")) )"),0.523713880855986) -> 0.52371388 | C44: =IFERROR(__xludf.DUMMYFUNCTION("FILTER(SemEval_2025_T2!$F$3:$F$132, REGEXMATCH(SemEval_2025_T2!$A$3:$A$132, ""(?i)"" & $B$21 &""_"" & $A44), NOT(REGEXMATCH(SemEval_2025_T2!$A$3:$A$132, ""(?i)complete"")) )"),0.298182340601368) -> 0.29818234 | D44: =IFERROR(__xludf.DUMMYFUNCTION("FILTER(SemEval_2025_T2!$E$3:$E$132, REGEXMATCH(SemEval_2025_T2!$A$3:$A$132, ""(?i)"" & $D$21 &""_"" & $A44), NOT(REGEXMATCH(SemEval_2025_T2!$A$3:$A$132, ""(?i)complete"")) )"),0.255036344065291) -> 0.25503634 | E44: =IFERROR(__xludf.DUMMYFUNCTION("FILTER(SemEval_2025_T2!$F$3:$F$132, REGEXMATCH(SemEval_2025_T2!$A$3:$A$132, ""(?i)"" & $D$21 &""_"" & $A44), NOT(REGEXMATCH(SemEval_2025_T2!$A$3:$A$132, ""(?i)complete"")) )"),0.10422726630095) -> 0.10422727 | F44: =IFERROR(__xludf.DUMMYFUNCTION("FILTER(SemEval_2025_T2!$E$3:$E$132, REGEXMATCH(SemEval_2025_T2!$A$3:$A$132, ""(?i)"" & $F$21 &""_"" & $A44), NOT(REGEXMATCH(SemEval_2025_T2!$A$3:$A$132, ""(?i)complete"")) )"),0.303224179037336) -> 0.30322418 | G44: =IFERROR(__xludf.DUMMYFUNCTION("FILTER(SemEval_2025_T2!$F$3:$F$132, REGEXMATCH(SemEval_2025_T2!$A$3:$A$132, ""(?i)"" & $F$21 &""_"" & $A44), NOT(REGEXMATCH(SemEval_2025_T2!$A$3:$A$132, ""(?i)complete"")) )"),0.06794643339117) -> 0.067946433 | H44: =IFERROR(__xludf.DUMMYFUNCTION("FILTER(SemEval_2025_T2!$E$3:$E$132, REGEXMATCH(SemEval_2025_T2!$A$3:$A$132, ""(?i)"" & $H$21 &""_"" & $A44), NOT(REGEXMATCH(SemEval_2025_T2!$A$3:$A$132, ""(?i)complete"")) )"),0.28368918449971) -> 0.28368918 | I44: =IFERROR(__xludf.DUMMYFUNCTION("FILTER(SemEval_2025_T2!$F$3:$F$132, REGEXMATCH(SemEval_2025_T2!$A$3:$A$132, ""(?i)"" & $H$21 &""_"" & $A44), NOT(REGEXMATCH(SemEval_2025_T2!$A$3:$A$132, ""(?i)complete"")) )"),0.022842436218752) -> 0.022842436 | N44: delta_own_description | O44: =AVERAGE(K28,K45,K62) -> 0.021618713 | P44: 0.013134317 | Q44: 0.0083665204 | R44: 0.032128666 | S44: 0.022315625 | T44: 0.021618713 | U44: =AVERAGE(P44:T44) -> 0.019512768
A45: delta_own_description | B45: =B$39-B44 -> -0.0079649348 | C45: =C$39-C44 -> 0.0066267712 | D45: =D$39-D44 -> 0.00015155838 | E45: =E$39-E44 -> 0.021261268 | F45: =F$39-F44 -> -0.0049519922 | G45: =G$39-G44 -> 0.02898146 | H45: =H$39-H44 -> 0.037967113 | I45: =I$39-I44 -> 0.021465207 | J45: =AVERAGE(B45,D45,F45,H45) -> 0.0063004362 | K45: =AVERAGE(C45,E45,G45,I45) -> 0.019583676 | L45: =AVERAGE(J45,K45) -> 0.012942056 | N45: delta_gpt_description | O45: =AVERAGE(K30,K47,K64) -> 0.024725252 | P45: 0.012933709 | Q45: 0.009864051 | R45: 0.023278436 | S45: 0.024312873 | T45: 0.024725252 | U45: =AVERAGE(P45:T45) -> 0.019022864
A46: zero_shot_gpt_title_description | B46: =IFERROR(__xludf.DUMMYFUNCTION("FILTER(SemEval_2025_T2!$E$3:$E$132, REGEXMATCH(SemEval_2025_T2!$A$3:$A$132, ""(?i)"" & $B$21 &""_"" & $A46), NOT(REGEXMATCH(SemEval_2025_T2!$A$3:$A$132, ""(?i)complete"")) )"),0.499797384486858) -> 0.49979738 | C46: =IFERROR(__xludf.DUMMYFUNCTION("FILTER(SemEval_2025_T2!$F$3:$F$132, REGEXMATCH(SemEval_2025_T2!$A$3:$A$132, ""(?i)"" & $B$21 &""_"" & $A46), NOT(REGEXMATCH(SemEval_2025_T2!$A$3:$A$132, ""(?i)complete"")) )"),0.275172661886022) -> 0.27517266 | D46: =IFERROR(__xludf.DUMMYFUNCTION("FILTER(SemEval_2025_T2!$E$3:$E$132, REGEXMATCH(SemEval_2025_T2!$A$3:$A$132, ""(?i)"" & $D$21 &""_"" & $A46), NOT(REGEXMATCH(SemEval_2025_T2!$A$3:$A$132, ""(?i)complete"")) )"),0.225635200179937) -> 0.2256352 | E46: =IFERROR(__xludf.DUMMYFUNCTION("FILTER(SemEval_2025_T2!$F$3:$F$132, REGEXMATCH(SemEval_2025_T2!$A$3:$A$132, ""(?i)"" & $D$21 &""_"" & $A46), NOT(REGEXMATCH(SemEval_2025_T2!$A$3:$A$132, ""(?i)complete"")) )"),0.095786284475758) -> 0.095786284 | F46: =IFERROR(__xludf.DUMMYFUNCTION("FILTER(SemEval_2025_T2!$E$3:$E$132, REGEXMATCH(SemEval_2025_T2!$A$3:$A$132, ""(?i)"" & $F$21 &""_"" & $A46), NOT(REGEXMATCH(SemEval_2025_T2!$A$3:$A$132, ""(?i)complete"")) )"),0.283900443416232) -> 0.28390044 | G46: =IFERROR(__xludf.DUMMYFUNCTION("FILTER(SemEval_2025_T2!$F$3:$F$132, REGEXMATCH(SemEval_2025_T2!$A$3:$A$132, ""(?i)"" & $F$21 &""_"" & $A46), NOT(REGEXMATCH(SemEval_2025_T2!$A$3:$A$132, ""(?i)complete"")) )"),0.063735660223716) -> 0.06373566 | H46: =IFERROR(__xludf.DUMMYFUNCTION("FILTER(SemEval_2025_T2!$E$3:$E$132, REGEXMATCH(SemEval_2025_T2!$A$3:$A$132, ""(?i)"" & $H$21 &""_"" & $A46), NOT(REGEXMATCH(SemEval_2025_T2!$A$3:$A$132, ""(?i)complete"")) )"),0.259658161429214) -> 0.25965816 | I46: =IFERROR(__xludf.DUMMYFUNCTION("FILTER(SemEval_2025_T2!$F$3:$F$132, REGEXMATCH(SemEval_2025_T2!$A$3:$A$132, ""(?i)"" & $H$21 &""_"" & $A46), NOT(REGEXMATCH(SemEval_2025_T2!$A$3:$A$132, ""(?i)complete"")) )"),0.026723515261167) -> 0.026723515 | N46: delta_own_description_comp | O46: =AVERAGE(K32,K49) -> 0.056960441 | P46: 0.042863221 | Q46: 0.037764897 | R46: 0.07389446 | S46: 0.067319011 | T46: 0.056960441 | U46: =AVERAGE(P46:T46) -> 0.055760406
A47: delta_gpt_description | B47: =B$39-B46 -> 0.015951562 | C47: =C$39-C46 -> 0.02963645 | D47: =D$39-D46 -> 0.029552702 | E47: =E$39-E46 -> 0.029702249 | F47: =F$39-F46 -> 0.014371743 | G47: =G$39-G46 -> 0.033192233 | H47: =H$39-H46 -> 0.061998136 | I47: =I$39-I46 -> 0.017584128 | J47: =AVERAGE(B47,D47,F47,H47) -> 0.030468536 | K47: =AVERAGE(C47,E47,G47,I47) -> 0.027528765 | L47: =AVERAGE(J47,K47) -> 0.028998651 | N47: delta_gpt_description_comp | O47: =AVERAGE(K34,K51) -> 0.04893698 | P47: 0.033854063 | Q47: 0.017335648 | R47: 0.051966828 | S47: 0.045286748 | T47: 0.04893698 | U47: =AVERAGE(P47:T47) -> 0.039476053
A48: title_description_complete | B48: =IFERROR(__xludf.DUMMYFUNCTION("FILTER(SemEval_2025_T2!$E$3:$E$132, REGEXMATCH(SemEval_2025_T2!$A$3:$A$132, ""(?i)"" & $B$21 &""_"" & $A48) )"),0.493213067926225) -> 0.49321307 | C48: =IFERROR(__xludf.DUMMYFUNCTION("FILTER(SemEval_2025_T2!$F$3:$F$132, REGEXMATCH(SemEval_2025_T2!$A$3:$A$132, ""(?i)"" & $B$21 &""_"" & $A48) )"),0.274709964596806) -> 0.27470996 | D48: =IFERROR(__xludf.DUMMYFUNCTION("FILTER(SemEval_2025_T2!$E$3:$E$132, REGEXMATCH(SemEval_2025_T2!$A$3:$A$132, ""(?i)"" & $D$21 &""_"" & $A48) )"),0.223272228648544) -> 0.22327223 | E48: =IFERROR(__xludf.DUMMYFUNCTION("FILTER(SemEval_2025_T2!$F$3:$F$132, REGEXMATCH(SemEval_2025_T2!$A$3:$A$132, ""(?i)"" & $D$21 &""_"" & $A48) )"),0.054960912389454) -> 0.054960912 | F48: =IFERROR(__xludf.DUMMYFUNCTION("FILTER(SemEval_2025_T2!$E$3:$E$132, REGEXMATCH(SemEval_2025_T2!$A$3:$A$132, ""(?i)"" & $F$21 &""_"" & $A48) )"),0.300439374076216) -> 0.30043937 | G48: =IFERROR(__xludf.DUMMYFUNCTION("FILTER(SemEval_2025_T2!$F$3:$F$132, REGEXMATCH(SemEval_2025_T2!$A$3:$A$132, ""(?i)"" & $F$21 &""_"" & $A48) )"),0.040366798406272) -> 0.040366798 | H48: =IFERROR(__xludf.DUMMYFUNCTION("FILTER(SemEval_2025_T2!$E$3:$E$132, REGEXMATCH(SemEval_2025_T2!$A$3:$A$132, ""(?i)"" & $H$21 &""_"" & $A48) )"),0.180634943127048) -> 0.18063494 | I48: =IFERROR(__xludf.DUMMYFUNCTION("FILTER(SemEval_2025_T2!$F$3:$F$132, REGEXMATCH(SemEval_2025_T2!$A$3:$A$132, ""(?i)"" & $H$21 &""_"" & $A48) )"),0.022100388792494) -> 0.022100389
A49: delta_own_description_comp | B49: =B$39-B48 -> 0.022535878 | C49: =C$39-C48 -> 0.030099147 | D49: =D$39-D48 -> 0.031915674 | E49: =E$39-E48 -> 0.070527622 | F49: =F$39-F48 -> -0.0021671872 | G49: =G$39-G48 -> 0.056561095 | H49: =H$39-H48 -> 0.14102135 | I49: =I$39-I48 -> 0.022207254 | J49: =AVERAGE(B49,D49,F49,H49) -> 0.04832643 | K49: =AVERAGE(C49,E49,G49,I49) -> 0.04484878 | L49: =AVERAGE(J49,K49) -> 0.046587605
A50: zero_shot_gpt_title_description_complete | B50: =IFERROR(__xludf.DUMMYFUNCTION("FILTER(SemEval_2025_T2!$E$3:$E$132, REGEXMATCH(SemEval_2025_T2!$A$3:$A$132, ""(?i)"" & $B$21 &""_"" & $A50) )"),0.506004639804639) -> 0.50600464 | C50: =IFERROR(__xludf.DUMMYFUNCTION("FILTER(SemEval_2025_T2!$F$3:$F$132, REGEXMATCH(SemEval_2025_T2!$A$3:$A$132, ""(?i)"" & $B$21 &""_"" & $A50) )"),0.278838425519599) -> 0.27883843 | D50: =IFERROR(__xludf.DUMMYFUNCTION("FILTER(SemEval_2025_T2!$E$3:$E$132, REGEXMATCH(SemEval_2025_T2!$A$3:$A$132, ""(?i)"" & $D$21 &""_"" & $A50) )"),0.196936048454469) -> 0.19693605 | E50: =IFERROR(__xludf.DUMMYFUNCTION("FILTER(SemEval_2025_T2!$F$3:$F$132, REGEXMATCH(SemEval_2025_T2!$A$3:$A$132, ""(?i)"" & $D$21 &""_"" & $A50) )"),0.063800009931588) -> 0.06380001 | F50: =IFERROR(__xludf.DUMMYFUNCTION("FILTER(SemEval_2025_T2!$E$3:$E$132, REGEXMATCH(SemEval_2025_T2!$A$3:$A$132, ""(?i)"" & $F$21 &""_"" & $A50) )"),0.2725549900392) -> 0.27255499 | G50: =IFERROR(__xludf.DUMMYFUNCTION("FILTER(SemEval_2025_T2!$F$3:$F$132, REGEXMATCH(SemEval_2025_T2!$A$3:$A$132, ""(?i)"" & $F$21 &""_"" & $A50) )"),0.056369605248552) -> 0.056369605 | H50: =IFERROR(__xludf.DUMMYFUNCTION("FILTER(SemEval_2025_T2!$E$3:$E$132, REGEXMATCH(SemEval_2025_T2!$A$3:$A$132, ""(?i)"" & $H$21 &""_"" & $A50) )"),0.247308013623803) -> 0.24730801 | I50: =IFERROR(__xludf.DUMMYFUNCTION("FILTER(SemEval_2025_T2!$F$3:$F$132, REGEXMATCH(SemEval_2025_T2!$A$3:$A$132, ""(?i)"" & $H$21 &""_"" & $A50) )"),0.031142846919162) -> 0.031142847
A51: delta_gpt_description_comp | B51: =B$39-B50 -> 0.0097443063 | C51: =C$39-C50 -> 0.025970686 | D51: =D$39-D50 -> 0.058251854 | E51: =E$39-E50 -> 0.061688524 | F51: =F$39-F50 -> 0.025717197 | G51: =G$39-G50 -> 0.040558288 | H51: =H$39-H50 -> 0.074348284 | I51: =I$39-I50 -> 0.013164796 | J51: =AVERAGE(B51,D51,F51,H51) -> 0.04201541 | K51: =AVERAGE(C51,E51,G51,I51) -> 0.035345574 | L51: =AVERAGE(J51,K51) -> 0.038680492
B52: =AVERAGE(#REF!,B41,B43,B45,B47,B49,B51) -> #REF! | C52: =AVERAGE(#REF!,C41,C43,C45,C47,C49,C51) -> #REF! | D52: =AVERAGE(#REF!,D41,D43,D45,D47,D49,D51) -> #REF! | E52: =AVERAGE(#REF!,E41,E43,E45,E47,E49,E51) -> #REF! | F52: =AVERAGE(#REF!,F41,F43,F45,F47,F49,F51) -> #REF! | G52: =AVERAGE(#REF!,G41,G43,G45,G47,G49,G51) -> #REF! | H52: =AVERAGE(#REF!,H41,H43,H45,H47,H49,H51) -> #REF! | I52: =AVERAGE(#REF!,I41,I43,I45,I47,I49,I51) -> #REF!
B53: =AVERAGE(B52,C52) -> #REF! | D53: =AVERAGE(D52,E52) -> #REF! | F53: =AVERAGE(F52,G52) -> #REF! | H53: =AVERAGE(H52,I52) -> #REF!
A55: all_in_one | B55: calme | D55: gemma | F55: exaone | H55: granite
A56: original_original | B56: =IFERROR(__xludf.DUMMYFUNCTION("FILTER(SemEval_2025_T2!$C$3:$C$132, REGEXMATCH(SemEval_2025_T2!$A$3:$A$132, ""(?i)"" & $B$21 &""_"" & $A56) )"),0.509893371248634) -> 0.50989337 | C56: =IFERROR(__xludf.DUMMYFUNCTION("FILTER(SemEval_2025_T2!$D$3:$D$132, REGEXMATCH(SemEval_2025_T2!$A$3:$A$132, ""(?i)"" & $B$21 &""_"" & $A56) )"),0.311016641253483) -> 0.31101664 | D56: =IFERROR(__xludf.DUMMYFUNCTION("FILTER(SemEval_2025_T2!$C$3:$C$132, REGEXMATCH(SemEval_2025_T2!$A$3:$A$132, ""(?i)"" & $D$21 &""_"" & $A56) )"),0.053231630357946) -> 0.05323163 | E56: =IFERROR(__xludf.DUMMYFUNCTION("FILTER(SemEval_2025_T2!$D$3:$D$132, REGEXMATCH(SemEval_2025_T2!$A$3:$A$132, ""(?i)"" & $D$21 &""_"" & $A56) )"),0.026355581260844) -> 0.026355581 | F56: =IFERROR(__xludf.DUMMYFUNCTION("FILTER(SemEval_2025_T2!$C$3:$C$132, REGEXMATCH(SemEval_2025_T2!$A$3:$A$132, ""(?i)"" & $F$21 &""_"" & $A56) )"),0.260835643596169) -> 0.26083564 | G56: =IFERROR(__xludf.DUMMYFUNCTION("FILTER(SemEval_2025_T2!$D$3:$D$132, REGEXMATCH(SemEval_2025_T2!$A$3:$A$132, ""(?i)"" & $F$21 &""_"" & $A56) )"),0.06056911772438) -> 0.060569118 | H56: =IFERROR(__xludf.DUMMYFUNCTION("FILTER(SemEval_2025_T2!$C$3:$C$132, REGEXMATCH(SemEval_2025_T2!$A$3:$A$132, ""(?i)"" & $H$21 &""_"" & $A56) )"),0.230424664224664) -> 0.23042466 | I56: =IFERROR(__xludf.DUMMYFUNCTION("FILTER(SemEval_2025_T2!$D$3:$D$132, REGEXMATCH(SemEval_2025_T2!$A$3:$A$132, ""(?i)"" & $H$21 &""_"" & $A56) )"),0.023545608350264) -> 0.023545608
A57: only_title | B57: =IFERROR(__xludf.DUMMYFUNCTION("FILTER(SemEval_2025_T2!$C$3:$C$132, REGEXMATCH(SemEval_2025_T2!$A$3:$A$132, ""(?i)"" & $B$21 &""_"" & $A57) )"),"") | C57: =IFERROR(__xludf.DUMMYFUNCTION("FILTER(SemEval_2025_T2!$D$3:$D$132, REGEXMATCH(SemEval_2025_T2!$A$3:$A$132, ""(?i)"" & $B$21 &""_"" & $A57) )"),"") | D57: =IFERROR(__xludf.DUMMYFUNCTION("FILTER(SemEval_2025_T2!$C$3:$C$132, REGEXMATCH(SemEval_2025_T2!$A$3:$A$132, ""(?i)"" & $D$21 &""_"" & $A57) )"),0.061765240023134) -> 0.06176524 | E57: =IFERROR(__xludf.DUMMYFUNCTION("FILTER(SemEval_2025_T2!$D$3:$D$132, REGEXMATCH(SemEval_2025_T2!$A$3:$A$132, ""(?i)"" & $D$21 &""_"" & $A57) )"),0.029348708309234) -> 0.029348708 | F57: =IFERROR(__xludf.DUMMYFUNCTION("FILTER(SemEval_2025_T2!$C$3:$C$132, REGEXMATCH(SemEval_2025_T2!$A$3:$A$132, ""(?i)"" & $F$21 &""_"" & $A57) )"),0.286909321380373) -> 0.28690932 | G57: =IFERROR(__xludf.DUMMYFUNCTION("FILTER(SemEval_2025_T2!$D$3:$D$132, REGEXMATCH(SemEval_2025_T2!$A$3:$A$132, ""(?i)"" & $F$21 &""_"" & $A57) )"),0.040739516331621) -> 0.040739516 | H57: =IFERROR(__xludf.DUMMYFUNCTION("FILTER(SemEval_2025_T2!$C$3:$C$132, REGEXMATCH(SemEval_2025_T2!$A$3:$A$132, ""(?i)"" & $H$21 &""_"" & $A57) )"),0.255543317209106) -> 0.25554332 | I57: =IFERROR(__xludf.DUMMYFUNCTION("FILTER(SemEval_2025_T2!$D$3:$D$132, REGEXMATCH(SemEval_2025_T2!$A$3:$A$132, ""(?i)"" & $H$21 &""_"" & $A57) )"),0.040019142778049) -> 0.040019143
A58: delta_own_title | B58: =IF(B57="", "", B$56-B57) | C58: =IF(C57="", "", C$56-C57) | D58: =IF(D57="", "", D$56-D57) -> -0.0085336097 | E58: =IF(E57="", "", E$56-E57) -> -0.002993127 | F58: =IF(F57="", "", F$56-F57) -> -0.026073678 | G58: =IF(G57="", "", G$56-G57) -> 0.019829601 | H58: =IF(H57="", "", H$56-H57) -> -0.025118653 | I58: =IF(I57="", "", I$56-I57) -> -0.016473534 | J58: =AVERAGE(B58,D58,F58,H58) -> -0.019908647 | K58: =AVERAGE(C58,E58,G58,I58) -> 0.00012097997 | L58: =AVERAGE(J58,K58) -> -0.0098938334
A59: zero_shot_gpt_only_title | B59: =IFERROR(__xludf.DUMMYFUNCTION("FILTER(SemEval_2025_T2!$C$3:$C$132, REGEXMATCH(SemEval_2025_T2!$A$3:$A$132, ""(?i)"" & $B$21 &""_"" & $A59) )"),"") | C59: =IFERROR(__xludf.DUMMYFUNCTION("FILTER(SemEval_2025_T2!$D$3:$D$132, REGEXMATCH(SemEval_2025_T2!$A$3:$A$132, ""(?i)"" & $B$21 &""_"" & $A59) )"),"") | D59: =IFERROR(__xludf.DUMMYFUNCTION("FILTER(SemEval_2025_T2!$C$3:$C$132, REGEXMATCH(SemEval_2025_T2!$A$3:$A$132, ""(?i)"" & $D$21 &""_"" & $A59) )"),0.037621149026412) -> 0.037621149 | E59: =IFERROR(__xludf.DUMMYFUNCTION("FILTER(SemEval_2025_T2!$D$3:$D$132, REGEXMATCH(SemEval_2025_T2!$A$3:$A$132, ""(?i)"" & $D$21 &""_"" & $A59) )"),0.018537574705995) -> 0.018537575 | F59: =IFERROR(__xludf.DUMMYFUNCTION("FILTER(SemEval_2025_T2!$C$3:$C$132, REGEXMATCH(SemEval_2025_T2!$A$3:$A$132, ""(?i)"" & $F$21 &""_"" & $A59) )"),0.281565625602467) -> 0.28156563 | G59: =IFERROR(__xludf.DUMMYFUNCTION("FILTER(SemEval_2025_T2!$D$3:$D$132, REGEXMATCH(SemEval_2025_T2!$A$3:$A$132, ""(?i)"" & $F$21 &""_"" & $A59) )"),0.036163580571475) -> 0.036163581 | H59: =IFERROR(__xludf.DUMMYFUNCTION("FILTER(SemEval_2025_T2!$C$3:$C$132, REGEXMATCH(SemEval_2025_T2!$A$3:$A$132, ""(?i)"" & $H$21 &""_"" & $A59) )"),0.264778645331276) -> 0.26477865 | I59: =IFERROR(__xludf.DUMMYFUNCTION("FILTER(SemEval_2025_T2!$D$3:$D$132, REGEXMATCH(SemEval_2025_T2!$A$3:$A$132, ""(?i)"" & $H$21 &""_"" & $A59) )"),0.056234737192631) -> 0.056234737
A60: delta_gpt_title | B60: =IF(B59="", "", B$56-B59) | C60: =IF(C59="", "", C$56-C59) | D60: =IF(D59="", "", D$56-D59) -> 0.015610481 | E60: =IF(E59="", "", E$56-E59) -> 0.0078180066 | F60: =IF(F59="", "", F$56-F59) -> -0.020729982 | G60: =IF(G59="", "", G$56-G59) -> 0.024405537 | H60: =IF(H59="", "", H$56-H59) -> -0.034353981 | I60: =IF(I59="", "", I$56-I59) -> -0.032689129 | J60: =AVERAGE(B60,D60,F60,H60) -> -0.013157827 | K60: =AVERAGE(C60,E60,G60,I60) -> -0.00015519504 | L60: =AVERAGE(J60,K60) -> -0.0066565112
A61: title_description | B61: =IFERROR(__xludf.DUMMYFUNCTION("FILTER(SemEval_2025_T2!$C$3:$C$132, REGEXMATCH(SemEval_2025_T2!$A$3:$A$132, ""(?i)"" & $B$21 &""_"" & $A61), NOT(REGEXMATCH(SemEval_2025_T2!$A$3:$A$132, ""(?i)complete"")) )"),"") | C61: =IFERROR(__xludf.DUMMYFUNCTION("FILTER(SemEval_2025_T2!$D$3:$D$132, REGEXMATCH(SemEval_2025_T2!$A$3:$A$132, ""(?i)"" & $B$21 &""_"" & $A61), NOT(REGEXMATCH(SemEval_2025_T2!$A$3:$A$132, ""(?i)complete"")) )"),"") | D61: =IFERROR(__xludf.DUMMYFUNCTION("FILTER(SemEval_2025_T2!$C$3:$C$132, REGEXMATCH(SemEval_2025_T2!$A$3:$A$132, ""(?i)"" & $D$21 &""_"" & $A61), NOT(REGEXMATCH(SemEval_2025_T2!$A$3:$A$132, ""(?i)complete"")) )"),0.043328475033738) -> 0.043328475 | E61: =IFERROR(__xludf.DUMMYFUNCTION("FILTER(SemEval_2025_T2!$D$3:$D$132, REGEXMATCH(SemEval_2025_T2!$A$3:$A$132, ""(?i)"" & $D$21 &""_"" & $A61), NOT(REGEXMATCH(SemEval_2025_T2!$A$3:$A$132, ""(?i)complete"")) )"),0.02139393997815) -> 0.02139394 | F61: =IFERROR(__xludf.DUMMYFUNCTION("FILTER(SemEval_2025_T2!$C$3:$C$132, REGEXMATCH(SemEval_2025_T2!$A$3:$A$132, ""(?i)"" & $F$21 &""_"" & $A61), NOT(REGEXMATCH(SemEval_2025_T2!$A$3:$A$132, ""(?i)complete"")) )"),0.273295328063749) -> 0.27329533 | G61: =IFERROR(__xludf.DUMMYFUNCTION("FILTER(SemEval_2025_T2!$D$3:$D$132, REGEXMATCH(SemEval_2025_T2!$A$3:$A$132, ""(?i)"" & $F$21 &""_"" & $A61), NOT(REGEXMATCH(SemEval_2025_T2!$A$3:$A$132, ""(?i)complete"")) )"),0.051847278160436) -> 0.051847278 | H61: =IFERROR(__xludf.DUMMYFUNCTION("FILTER(SemEval_2025_T2!$C$3:$C$132, REGEXMATCH(SemEval_2025_T2!$A$3:$A$132, ""(?i)"" & $H$21 &""_"" & $A61), NOT(REGEXMATCH(SemEval_2025_T2!$A$3:$A$132, ""(?i)complete"")) )"),0.282041790373369) -> 0.28204179 | I61: =IFERROR(__xludf.DUMMYFUNCTION("FILTER(SemEval_2025_T2!$D$3:$D$132, REGEXMATCH(SemEval_2025_T2!$A$3:$A$132, ""(?i)"" & $H$21 &""_"" & $A61), NOT(REGEXMATCH(SemEval_2025_T2!$A$3:$A$132, ""(?i)complete"")) )"),0.020204459867617) -> 0.02020446
A62: delta_own_description | B62: =IF(B61="", "", B$56-B61) | C62: =IF(C61="", "", C$56-C61) | D62: =IF(D61="", "", D$56-D61) -> 0.0099031553 | E62: =IF(E61="", "", E$56-E61) -> 0.0049616413 | F62: =IF(F61="", "", F$56-F61) -> -0.012459684 | G62: =IF(G61="", "", G$56-G61) -> 0.0087218396 | H62: =IF(H61="", "", H$56-H61) -> -0.051617126 | I62: =IF(I61="", "", I$56-I61) -> 0.0033411485 | J62: =AVERAGE(B62,D62,F62,H62) -> -0.018057885 | K62: =AVERAGE(C62,E62,G62,I62) -> 0.0056748764 | L62: =AVERAGE(J62,K62) -> -0.0061915043
A63: zero_shot_gpt_title_description | B63: =IFERROR(__xludf.DUMMYFUNCTION("FILTER(SemEval_2025_T2!$C$3:$C$132, REGEXMATCH(SemEval_2025_T2!$A$3:$A$132, ""(?i)"" & $B$21 &""_"" & $A63), NOT(REGEXMATCH(SemEval_2025_T2!$A$3:$A$132, ""(?i)complete"")) )"),"") | C63: =IFERROR(__xludf.DUMMYFUNCTION("FILTER(SemEval_2025_T2!$D$3:$D$132, REGEXMATCH(SemEval_2025_T2!$A$3:$A$132, ""(?i)"" & $B$21 &""_"" & $A63), NOT(REGEXMATCH(SemEval_2025_T2!$A$3:$A$132, ""(?i)complete"")) )"),"") | D63: =IFERROR(__xludf.DUMMYFUNCTION("FILTER(SemEval_2025_T2!$C$3:$C$132, REGEXMATCH(SemEval_2025_T2!$A$3:$A$132, ""(?i)"" & $D$21 &""_"" & $A63), NOT(REGEXMATCH(SemEval_2025_T2!$A$3:$A$132, ""(?i)complete"")) )"),0.047214796606901) -> 0.047214797 | E63: =IFERROR(__xludf.DUMMYFUNCTION("FILTER(SemEval_2025_T2!$D$3:$D$132, REGEXMATCH(SemEval_2025_T2!$A$3:$A$132, ""(?i)"" & $D$21 &""_"" & $A63), NOT(REGEXMATCH(SemEval_2025_T2!$A$3:$A$132, ""(?i)complete"")) )"),0.021408588779641) -> 0.021408589 | F63: =IFERROR(__xludf.DUMMYFUNCTION("FILTER(SemEval_2025_T2!$C$3:$C$132, REGEXMATCH(SemEval_2025_T2!$A$3:$A$132, ""(?i)"" & $F$21 &""_"" & $A63), NOT(REGEXMATCH(SemEval_2025_T2!$A$3:$A$132, ""(?i)complete"")) )"),0.273765442452284) -> 0.27376544 | G63: =IFERROR(__xludf.DUMMYFUNCTION("FILTER(SemEval_2025_T2!$D$3:$D$132, REGEXMATCH(SemEval_2025_T2!$A$3:$A$132, ""(?i)"" & $F$21 &""_"" & $A63), NOT(REGEXMATCH(SemEval_2025_T2!$A$3:$A$132, ""(?i)complete"")) )"),0.039897929555824) -> 0.03989793 | H63: =IFERROR(__xludf.DUMMYFUNCTION("FILTER(SemEval_2025_T2!$C$3:$C$132, REGEXMATCH(SemEval_2025_T2!$A$3:$A$132, ""(?i)"" & $H$21 &""_"" & $A63), NOT(REGEXMATCH(SemEval_2025_T2!$A$3:$A$132, ""(?i)complete"")) )"),0.256708971145813) -> 0.25670897 | I63: =IFERROR(__xludf.DUMMYFUNCTION("FILTER(SemEval_2025_T2!$D$3:$D$132, REGEXMATCH(SemEval_2025_T2!$A$3:$A$132, ""(?i)"" & $H$21 &""_"" & $A63), NOT(REGEXMATCH(SemEval_2025_T2!$A$3:$A$132, ""(?i)complete"")) )"),0.044635044959538) -> 0.044635045
A64: delta_gpt_description | B64: =IF(B63="", "", B$56-B63) | C64: =IF(C63="", "", C$56-C63) | D64: =IF(D63="", "", D$56-D63) -> 0.0060168338 | E64: =IF(E63="", "", E$56-E63) -> 0.0049469925 | F64: =IF(F63="", "", F$56-F63) -> -0.012929799 | G64: =IF(G63="", "", G$56-G63) -> 0.020671188 | H64: =IF(H63="", "", H$56-H63) -> -0.026284307 | I64: =IF(I63="", "", I$56-I63) -> -0.021089437 | J64: =AVERAGE(B64,D64,F64,H64) -> -0.011065757 | K64: =AVERAGE(C64,E64,G64,I64) -> 0.0015095813 | L64: =AVERAGE(J64,K64) -> -0.004778088
A65: title_description_complete | B65: =IFERROR(__xludf.DUMMYFUNCTION("FILTER(SemEval_2025_T2!$C$3:$C$132, REGEXMATCH(SemEval_2025_T2!$A$3:$A$132, ""(?i)"" & $B$21 &""_"" & $A65) )"),"") | C65: =IFERROR(__xludf.DUMMYFUNCTION("FILTER(SemEval_2025_T2!$D$3:$D$132, REGEXMATCH(SemEval_2025_T2!$A$3:$A$132, ""(?i)"" & $B$21 &""_"" & $A65) )"),"") | D65: =IFERROR(__xludf.DUMMYFUNCTION("FILTER(SemEval_2025_T2!$C$3:$C$132, REGEXMATCH(SemEval_2025_T2!$A$3:$A$132, ""(?i)"" & $D$21 &""_"" & $A65) )"),"") | E65: =IFERROR(__xludf.DUMMYFUNCTION("FILTER(SemEval_2025_T2!$D$3:$D$132, REGEXMATCH(SemEval_2025_T2!$A$3:$A$132, ""(?i)"" & $D$21 &""_"" & $A65) )"),"") | F65: =IFERROR(__xludf.DUMMYFUNCTION("FILTER(SemEval_2025_T2!$C$3:$C$132, REGEXMATCH(SemEval_2025_T2!$A$3:$A$132, ""(?i)"" & $F$21 &""_"" & $A65) )"),"") | G65: =IFERROR(__xludf.DUMMYFUNCTION("FILTER(SemEval_2025_T2!$D$3:$D$132, REGEXMATCH(SemEval_2025_T2!$A$3:$A$132, ""(?i)"" & $F$21 &""_"" & $A65) )"),"") | H65: =IFERROR(__xludf.DUMMYFUNCTION("FILTER(SemEval_2025_T2!$C$3:$C$132, REGEXMATCH(SemEval_2025_T2!$A$3:$A$132, ""(?i)"" & $H$21 &""_"" & $A65) )"),0.171234207313154) -> 0.17123421 | I65: =IFERROR(__xludf.DUMMYFUNCTION("FILTER(SemEval_2025_T2!$D$3:$D$132, REGEXMATCH(SemEval_2025_T2!$A$3:$A$132, ""(?i)"" & $H$21 &""_"" & $A65) )"),0.035726314913157) -> 0.035726315
A66: delta_own_description_comp | B66: =IF(B65="", "", B$56-B65) | C66: =IF(C65="", "", C$56-C65) | D66: =IF(D65="", "", D$56-D65) | E66: =IF(E65="", "", E$56-E65) | F66: =IF(F65="", "", F$56-F65) | G66: =IF(G65="", "", G$56-G65) | H66: =IF(H65="", "", H$56-H65) -> 0.059190457 | I66: =IF(I65="", "", I$56-I65) -> -0.012180707
A67: zero_shot_gpt_title_description_complete | B67: =IFERROR(__xludf.DUMMYFUNCTION("FILTER(SemEval_2025_T2!$C$3:$C$132, REGEXMATCH(SemEval_2025_T2!$A$3:$A$132, ""(?i)"" & $B$21 &""_"" & $A67) )"),"") | C67: =IFERROR(__xludf.DUMMYFUNCTION("FILTER(SemEval_2025_T2!$D$3:$D$132, REGEXMATCH(SemEval_2025_T2!$A$3:$A$132, ""(?i)"" & $B$21 &""_"" & $A67) )"),"") | D67: =IFERROR(__xludf.DUMMYFUNCTION("FILTER(SemEval_2025_T2!$C$3:$C$132, REGEXMATCH(SemEval_2025_T2!$A$3:$A$132, ""(?i)"" & $D$21 &""_"" & $A67) )"),"") | E67: =IFERROR(__xludf.DUMMYFUNCTION("FILTER(SemEval_2025_T2!$D$3:$D$132, REGEXMATCH(SemEval_2025_T2!$A$3:$A$132, ""(?i)"" & $D$21 &""_"" & $A67) )"),"") | F67: =IFERROR(__xludf.DUMMYFUNCTION("FILTER(SemEval_2025_T2!$C$3:$C$132, REGEXMATCH(SemEval_2025_T2!$A$3:$A$132, ""(?i)"" & $F$21 &""_"" & $A67) )"),"") | G67: =IFERROR(__xludf.DUMMYFUNCTION("FILTER(SemEval_2025_T2!$D$3:$D$132, REGEXMATCH(SemEval_2025_T2!$A$3:$A$132, ""(?i)"" & $F$21 &""_"" & $A67) )"),"") | H67: =IFERROR(__xludf.DUMMYFUNCTION("FILTER(SemEval_2025_T2!$C$3:$C$132, REGEXMATCH(SemEval_2025_T2!$A$3:$A$132, ""(?i)"" & $H$21 &""_"" & $A67) )"),0.228446018893387) -> 0.22844602 | I67: =IFERROR(__xludf.DUMMYFUNCTION("FILTER(SemEval_2025_T2!$D$3:$D$132, REGEXMATCH(SemEval_2025_T2!$A$3:$A$132, ""(?i)"" & $H$21 &""_"" & $A67) )"),0.030942465137201) -> 0.030942465
A68: delta_gpt_description_comp | B68: =IF(B67="", "", B$56-B67) | C68: =IF(C67="", "", C$56-C67) | D68: =IF(D67="", "", D$56-D67) | E68: =IF(E67="", "", E$56-E67) | F68: =IF(F67="", "", F$56-F67) | G68: =IF(G67="", "", G$56-G67) | H68: =IF(H67="", "", H$56-H67) -> 0.0019786453 | I68: =IF(I67="", "", I$56-I67) -> -0.0073968568
B69: =AVERAGE(#REF!,B58,B60,B62,B64,B66,B68) -> #REF! | C69: =AVERAGE(#REF!,C58,C60,C62,C64,C66,C68) -> #REF! | D69: =AVERAGE(#REF!,D58,D60,D62,D64,D66,D68) -> #REF! | E69: =AVERAGE(#REF!,E58,E60,E62,E64,E66,E68) -> #REF! | F69: =AVERAGE(#REF!,F58,F60,F62,F64,F66,F68) -> #REF! | G69: =AVERAGE(#REF!,G58,G60,G62,G64,G66,G68) -> #REF! | H69: =AVERAGE(#REF!,H58,H60,H62,H64,H66,H68) -> #REF! | I69: =AVERAGE(#REF!,I58,I60,I62,I64,I66,I68) -> #REF!
B70: =AVERAGE(B69,C69) -> #REF! | D70: =AVERAGE(D69,E69) -> #REF! | F70: =AVERAGE(F69,G69) -> #REF! | H70: =AVERAGE(H69,I69) -> #REF!

Sheet RQ2.1
A1: RQ1 | B1: Are narrative titles enough or models benefit from an extended narrative description?
A2: dipro | B2: calme | D2: gemma | F2: exaone | H2: granite
A3: no_no | B3: =IFERROR(__xludf.DUMMYFUNCTION("FILTER(Dipromats!C$3:C$101, REGEXMATCH(Dipromats!$A$3:$A$101, ""(?i)"" & $A3) )"),0.634504615288617) -> 0.63450462 | C3: =IFERROR(__xludf.DUMMYFUNCTION("FILTER(Dipromats!D$3:D$101, REGEXMATCH(Dipromats!$A$3:$A$101, ""(?i)"" & $A3) )"),0.583394320061881) -> 0.58339432 | D3: =IFERROR(__xludf.DUMMYFUNCTION("FILTER(Dipromats!E$3:E$101, REGEXMATCH(Dipromats!$A$3:$A$101, ""(?i)"" & $A3) )"),0.612546907727468) -> 0.61254691 | E3: =IFERROR(__xludf.DUMMYFUNCTION("FILTER(Dipromats!F$3:F$101, REGEXMATCH(Dipromats!$A$3:$A$101, ""(?i)"" & $A3) )"),0.564694414756619) -> 0.56469441 | F3: =IFERROR(__xludf.DUMMYFUNCTION("FILTER(Dipromats!G$3:G$101, REGEXMATCH(Dipromats!$A$3:$A$101, ""(?i)"" & $A3) )"),0.551936514723647) -> 0.55193651 | G3: =IFERROR(__xludf.DUMMYFUNCTION("FILTER(Dipromats!H$3:H$101, REGEXMATCH(Dipromats!$A$3:$A$101, ""(?i)"" & $A3) )"),0.498994997427713) -> 0.498995 | H3: =IFERROR(__xludf.DUMMYFUNCTION("FILTER(Dipromats!I$3:I$101, REGEXMATCH(Dipromats!$A$3:$A$101, ""(?i)"" & $A3) )"),0.333605146281453) -> 0.33360515 | I3: =IFERROR(__xludf.DUMMYFUNCTION("FILTER(Dipromats!J$3:J$101, REGEXMATCH(Dipromats!$A$3:$A$101, ""(?i)"" & $A3) )"),0.367508834746624) -> 0.36750883
A4: original_original | B4: =IFERROR(__xludf.DUMMYFUNCTION("FILTER(Dipromats!C$3:C$101, REGEXMATCH(Dipromats!$A$3:$A$101, ""(?i)"" & $A4) )"),0.638654812715595) -> 0.63865481 | C4: =IFERROR(__xludf.DUMMYFUNCTION("FILTER(Dipromats!D$3:D$101, REGEXMATCH(Dipromats!$A$3:$A$101, ""(?i)"" & $A4) )"),0.613462791622532) -> 0.61346279 | D4: =IFERROR(__xludf.DUMMYFUNCTION("FILTER(Dipromats!E$3:E$101, REGEXMATCH(Dipromats!$A$3:$A$101, ""(?i)"" & $A4) )"),0.624175131263906) -> 0.62417513 | E4: =IFERROR(__xludf.DUMMYFUNCTION("FILTER(Dipromats!F$3:F$101, REGEXMATCH(Dipromats!$A$3:$A$101, ""(?i)"" & $A4) )"),0.593223331315557) -> 0.59322333 | F4: =IFERROR(__xludf.DUMMYFUNCTION("FILTER(Dipromats!G$3:G$101, REGEXMATCH(Dipromats!$A$3:$A$101, ""(?i)"" & $A4) )"),0.572478446675392) -> 0.57247845 | G4: =IFERROR(__xludf.DUMMYFUNCTION("FILTER(Dipromats!H$3:H$101, REGEXMATCH(Dipromats!$A$3:$A$101, ""(?i)"" & $A4) )"),0.534765902917699) -> 0.5347659 | H4: =IFERROR(__xludf.DUMMYFUNCTION("FILTER(Dipromats!I$3:I$101, REGEXMATCH(Dipromats!$A$3:$A$101, ""(?i)"" & $A4) )"),0.335225441305954) -> 0.33522544 | I4: =IFERROR(__xludf.DUMMYFUNCTION("FILTER(Dipromats!J$3:J$101, REGEXMATCH(Dipromats!$A$3:$A$101, ""(?i)"" & $A4) )"),0.352567599779278) -> 0.3525676 | N4: AVG F1 | O4: EN | P4: HI | Q4: PT | R4: BG | S4: RU | T4: Total
A5: delta_original | B5: =B3-B4 -> -0.0041501974 | C5: =C3-C4 -> -0.030068472 | D5: =D3-D4 -> -0.011628224 | E5: =E3-E4 -> -0.028528917 | F5: =F3-F4 -> -0.020541932 | G5: =G3-G4 -> -0.035770905 | H5: =H3-H4 -> -0.001620295 | I5: =I3-I4 -> 0.014941235 | J5: =AVERAGE(B5:I5) -> -0.014670963 | M5: delta_own_title | N5: =AVERAGE($B$7:$I$7,$B$26:$I$26,$B$45:$I$45,$D$64:$I$64) -> 0.032520767 | O5: 0.03159697 | P5: 0.021187083 | Q5: 0.051913844 | R5: 0.035194194 | S5: 0.032520767 | T5: =AVERAGE(O5:S5) -> 0.034482572
A6: own_title | B6: =IFERROR(__xludf.DUMMYFUNCTION("FILTER(Dipromats!C$3:C$101, REGEXMATCH(Dipromats!$A$3:$A$101, ""(?i)"" & $A6) )"),0.621040280030557) -> 0.62104028 | C6: =IFERROR(__xludf.DUMMYFUNCTION("FILTER(Dipromats!D$3:D$101, REGEXMATCH(Dipromats!$A$3:$A$101, ""(?i)"" & $A6) )"),0.571358654012934) -> 0.57135865 | D6: =IFERROR(__xludf.DUMMYFUNCTION("FILTER(Dipromats!E$3:E$101, REGEXMATCH(Dipromats!$A$3:$A$101, ""(?i)"" & $A6) )"),0.57620875615112) -> 0.57620876 | E6: =IFERROR(__xludf.DUMMYFUNCTION("FILTER(Dipromats!F$3:F$101, REGEXMATCH(Dipromats!$A$3:$A$101, ""(?i)"" & $A6) )"),0.531274741257453) -> 0.53127474 | F6: =IFERROR(__xludf.DUMMYFUNCTION("FILTER(Dipromats!G$3:G$101, REGEXMATCH(Dipromats!$A$3:$A$101, ""(?i)"" & $A6) )"),0.506150051999198) -> 0.50615005 | G6: =IFERROR(__xludf.DUMMYFUNCTION("FILTER(Dipromats!H$3:H$101, REGEXMATCH(Dipromats!$A$3:$A$101, ""(?i)"" & $A6) )"),0.483697863941618) -> 0.48369786 | H6: =IFERROR(__xludf.DUMMYFUNCTION("FILTER(Dipromats!I$3:I$101, REGEXMATCH(Dipromats!$A$3:$A$101, ""(?i)"" & $A6) )"),0.286129356930116) -> 0.28612936 | I6: =IFERROR(__xludf.DUMMYFUNCTION("FILTER(Dipromats!J$3:J$101, REGEXMATCH(Dipromats!$A$3:$A$101, ""(?i)"" & $A6) )"),0.29837198245895) -> 0.29837198 | M6: delta_gpt_title | N6: =AVERAGE($B$9:$I$9,$B$28:$I$28,$B$47:$I$47,$B$66:$I$66) -> 0.033850572 | O6: 0.032371508 | P6: 0.021997909 | Q6: 0.056459448 | R6: 0.036306298 | S6: 0.033850572 | T6: =AVERAGE(O6:S6) -> 0.036197147
A7: delta_own_title | B7: =B3-B6 -> 0.013464335 | C7: =C3-C6 -> 0.012035666 | D7: =D3-D6 -> 0.036338152 | E7: =E3-E6 -> 0.033419673 | F7: =F3-F6 -> 0.045786463 | G7: =G3-G6 -> 0.015297133 | H7: =H3-H6 -> 0.047475789 | I7: =I3-I6 -> 0.069136852 | J7: =AVERAGE(B7:I7) -> 0.034119258 | M7: delta_own_description | N7: =AVERAGE($B$11:$I$11,$B$30:$I$30,$B$49:$I$49,$B$68:$I$68) -> 0.01900997 | O7: 0.013131929 | P7: 0.01220304 | Q7: 0.044978897 | R7: 0.023181452 | S7: 0.01900997 | T7: =AVERAGE(O7:S7) -> 0.022501058
A8: gpt_title | B8: =IFERROR(__xludf.DUMMYFUNCTION("FILTER(Dipromats!C$3:C$101, REGEXMATCH(Dipromats!$A$3:$A$101, ""(?i)"" & $A8) )"),0.608500522443986) -> 0.60850052 | C8: =IFERROR(__xludf.DUMMYFUNCTION("FILTER(Dipromats!D$3:D$101, REGEXMATCH(Dipromats!$A$3:$A$101, ""(?i)"" & $A8) )"),0.565727300132339) -> 0.5657273 | D8: =IFERROR(__xludf.DUMMYFUNCTION("FILTER(Dipromats!E$3:E$101, REGEXMATCH(Dipromats!$A$3:$A$101, ""(?i)"" & $A8) )"),0.583927636565709) -> 0.58392764 | E8: =IFERROR(__xludf.DUMMYFUNCTION("FILTER(Dipromats!F$3:F$101, REGEXMATCH(Dipromats!$A$3:$A$101, ""(?i)"" & $A8) )"),0.523712547832867) -> 0.52371255 | F8: =IFERROR(__xludf.DUMMYFUNCTION("FILTER(Dipromats!G$3:G$101, REGEXMATCH(Dipromats!$A$3:$A$101, ""(?i)"" & $A8) )"),0.524902705155418) -> 0.52490271 | G8: =IFERROR(__xludf.DUMMYFUNCTION("FILTER(Dipromats!H$3:H$101, REGEXMATCH(Dipromats!$A$3:$A$101, ""(?i)"" & $A8) )"),0.490732657736496) -> 0.49073266 | H8: =IFERROR(__xludf.DUMMYFUNCTION("FILTER(Dipromats!I$3:I$101, REGEXMATCH(Dipromats!$A$3:$A$101, ""(?i)"" & $A8) )"),0.267289569310955) -> 0.26728957 | I8: =IFERROR(__xludf.DUMMYFUNCTION("FILTER(Dipromats!J$3:J$101, REGEXMATCH(Dipromats!$A$3:$A$101, ""(?i)"" & $A8) )"),0.297865824391553) -> 0.29786582 | M8: delta_gpt_description | N8: =AVERAGE($B$13:$I$13,$B$32:$I$32,$B$51:$I$51,$B$70:$I$70) -> 0.027654039 | O8: 0.015292342 | P8: 0.010792365 | Q8: 0.034266547 | R8: 0.02244276 | S8: 0.027654039 | T8: =AVERAGE(O8:S8) -> 0.02208961
A9: delta_gpt_title | B9: =B3-B8 -> 0.026004093 | C9: =C3-C8 -> 0.01766702 | D9: =D3-D8 -> 0.028619271 | E9: =E3-E8 -> 0.040981867 | F9: =F3-F8 -> 0.02703381 | G9: =G3-G8 -> 0.0082623397 | H9: =H3-H8 -> 0.066315577 | I9: =I3-I8 -> 0.06964301 | J9: =AVERAGE(B9:I9) -> 0.035565873 | M9: delta_own_description_comp | N9: =AVERAGE($B$15:$I$15,$B$34:$I$34,$B$53:$I$53,$B$72:$I$72) -> 0.064495755 | O9: 0.044921115 | P9: 0.040948522 | Q9: 0.087229776 | R9: 0.059113225 | S9: 0.064495755 | T9: =AVERAGE(O9:S9) -> 0.059341679
A10: own_description | B10: =IFERROR(__xludf.DUMMYFUNCTION("FILTER(Dipromats!C$3:C$101, REGEXMATCH(Dipromats!$A$3:$A$101, ""(?i)"" & $A10), NOT(REGEXMATCH(Dipromats!$A$3:$A$101, ""(?i)complete"")) )"),0.631787462260468) -> 0.63178746 | C10: =IFERROR(__xludf.DUMMYFUNCTION("FILTER(Dipromats!D$3:D$101, REGEXMATCH(Dipromats!$A$3:$A$101, ""(?i)"" & $A10), NOT(REGEXMATCH(Dipromats!$A$3:$A$101, ""(?i)complete"")) )"),0.618216042484733) -> 0.61821604 | D10: =IFERROR(__xludf.DUMMYFUNCTION("FILTER(Dipromats!E$3:E$101, REGEXMATCH(Dipromats!$A$3:$A$101, ""(?i)"" & $A10), NOT(REGEXMATCH(Dipromats!$A$3:$A$101, ""(?i)complete"")) )"),0.586439666342686) -> 0.58643967 | E10: =IFERROR(__xludf.DUMMYFUNCTION("FILTER(Dipromats!F$3:F$101, REGEXMATCH(Dipromats!$A$3:$A$101, ""(?i)"" & $A10), NOT(REGEXMATCH(Dipromats!$A$3:$A$101, ""(?i)complete"")) )"),0.569895182181278) -> 0.56989518 | F10: =IFERROR(__xludf.DUMMYFUNCTION("FILTER(Dipromats!G$3:G$101, REGEXMATCH(Dipromats!$A$3:$A$101, ""(?i)"" & $A10), NOT(REGEXMATCH(Dipromats!$A$3:$A$101, ""(?i)complete"")) )"),0.546258468663482) -> 0.54625847 | G10: =IFERROR(__xludf.DUMMYFUNCTION("FILTER(Dipromats!H$3:H$101, REGEXMATCH(Dipromats!$A$3:$A$101, ""(?i)"" & $A10), NOT(REGEXMATCH(Dipromats!$A$3:$A$101, ""(?i)complete"")) )"),0.512012998082786) -> 0.512013 | H10: =IFERROR(__xludf.DUMMYFUNCTION("FILTER(Dipromats!I$3:I$101, REGEXMATCH(Dipromats!$A$3:$A$101, ""(?i)"" & $A10), NOT(REGEXMATCH(Dipromats!$A$3:$A$101, ""(?i)complete"")) )"),0.288938661231155) -> 0.28893866 | I10: =IFERROR(__xludf.DUMMYFUNCTION("FILTER(Dipromats!J$3:J$101, REGEXMATCH(Dipromats!$A$3:$A$101, ""(?i)"" & $A10), NOT(REGEXMATCH(Dipromats!$A$3:$A$101, ""(?i)complete"")) )"),0.329512617172151) -> 0.32951262 | M10: delta_gpt_description_comp | N10: =AVERAGE($B$17:$I$17,$B$36:$I$36,$B$55:$I$55,$B$74:$I$74) -> 0.068449111 | O10: 0.055367598 | P10: 0.044392053 | Q10: 0.078749394 | R10: 0.058230588 | S10: 0.068449111 | T10: =AVERAGE(O10:S10) -> 0.061037749
A11: delta_own_description | B11: =B3-B10 -> 0.002717153 | C11: =C3-C10 -> -0.034821722 | D11: =D3-D10 -> 0.026107241 | E11: =E3-E10 -> -0.0052007674 | F11: =F3-F10 -> 0.0056780461 | G11: =G3-G10 -> -0.013018001 | H11: =H3-H10 -> 0.044666485 | I11: =I3-I10 -> 0.037996218 | J11: =AVERAGE(B11:I11) -> 0.0080155816
A12: gpt_description | B12: =IFERROR(__xludf.DUMMYFUNCTION("FILTER(Dipromats!C$3:C$101, REGEXMATCH(Dipromats!$A$3:$A$101, ""(?i)"" & $A12), NOT(REGEXMATCH(Dipromats!$A$3:$A$101, ""(?i)complete"")) )"),0.640317661477475) -> 0.64031766 | C12: =IFERROR(__xludf.DUMMYFUNCTION("FILTER(Dipromats!D$3:D$101, REGEXMATCH(Dipromats!$A$3:$A$101, ""(?i)"" & $A12), NOT(REGEXMATCH(Dipromats!$A$3:$A$101, ""(?i)complete"")) )"),0.61354665612827) -> 0.61354666 | D12: =IFERROR(__xludf.DUMMYFUNCTION("FILTER(Dipromats!E$3:E$101, REGEXMATCH(Dipromats!$A$3:$A$101, ""(?i)"" & $A12), NOT(REGEXMATCH(Dipromats!$A$3:$A$101, ""(?i)complete"")) )"),0.613750839783722) -> 0.61375084 | E12: =IFERROR(__xludf.DUMMYFUNCTION("FILTER(Dipromats!F$3:F$101, REGEXMATCH(Dipromats!$A$3:$A$101, ""(?i)"" & $A12), NOT(REGEXMATCH(Dipromats!$A$3:$A$101, ""(?i)complete"")) )"),0.578681917130575) -> 0.57868192 | F12: =IFERROR(__xludf.DUMMYFUNCTION("FILTER(Dipromats!G$3:G$101, REGEXMATCH(Dipromats!$A$3:$A$101, ""(?i)"" & $A12), NOT(REGEXMATCH(Dipromats!$A$3:$A$101, ""(?i)complete"")) )"),0.545763744390765) -> 0.54576374 | G12: =IFERROR(__xludf.DUMMYFUNCTION("FILTER(Dipromats!H$3:H$101, REGEXMATCH(Dipromats!$A$3:$A$101, ""(?i)"" & $A12), NOT(REGEXMATCH(Dipromats!$A$3:$A$101, ""(?i)complete"")) )"),0.524262991587101) -> 0.52426299 | H12: =IFERROR(__xludf.DUMMYFUNCTION("FILTER(Dipromats!I$3:I$101, REGEXMATCH(Dipromats!$A$3:$A$101, ""(?i)"" & $A12), NOT(REGEXMATCH(Dipromats!$A$3:$A$101, ""(?i)complete"")) )"),0.284838731621514) -> 0.28483873 | I12: =IFERROR(__xludf.DUMMYFUNCTION("FILTER(Dipromats!J$3:J$101, REGEXMATCH(Dipromats!$A$3:$A$101, ""(?i)"" & $A12), NOT(REGEXMATCH(Dipromats!$A$3:$A$101, ""(?i)complete"")) )"),0.300772443809359) -> 0.30077244
A13: delta_gpt_description | B13: =B3-B12 -> -0.0058130462 | C13: =C3-C12 -> -0.030152336 | D13: =D3-D12 -> -0.0012039321 | E13: =E3-E12 -> -0.013987502 | F13: =F3-F12 -> 0.0061727703 | G13: =G3-G12 -> -0.025267994 | H13: =H3-H12 -> 0.048766415 | I13: =I3-I12 -> 0.066736391 | J13: =AVERAGE(B13:I13) -> 0.0056563456
A14: own_description_complete | B14: =IFERROR(__xludf.DUMMYFUNCTION("FILTER(Dipromats!C$3:C$101, REGEXMATCH(Dipromats!$A$3:$A$101, ""(?i)"" & $A14) )"),0.632355163340107) -> 0.63235516 | C14: =IFERROR(__xludf.DUMMYFUNCTION("FILTER(Dipromats!D$3:D$101, REGEXMATCH(Dipromats!$A$3:$A$101, ""(?i)"" & $A14) )"),0.606225827187698) -> 0.60622583 | D14: =IFERROR(__xludf.DUMMYFUNCTION("FILTER(Dipromats!E$3:E$101, REGEXMATCH(Dipromats!$A$3:$A$101, ""(?i)"" & $A14) )"),0.535090217689681) -> 0.53509022 | E14: =IFERROR(__xludf.DUMMYFUNCTION("FILTER(Dipromats!F$3:F$101, REGEXMATCH(Dipromats!$A$3:$A$101, ""(?i)"" & $A14) )"),0.477750371254548) -> 0.47775037 | F14: =IFERROR(__xludf.DUMMYFUNCTION("FILTER(Dipromats!G$3:G$101, REGEXMATCH(Dipromats!$A$3:$A$101, ""(?i)"" & $A14) )"),0.457442229094388) -> 0.45744223 | G14: =IFERROR(__xludf.DUMMYFUNCTION("FILTER(Dipromats!H$3:H$101, REGEXMATCH(Dipromats!$A$3:$A$101, ""(?i)"" & $A14) )"),0.427462251024684) -> 0.42746225 | H14: =IFERROR(__xludf.DUMMYFUNCTION("FILTER(Dipromats!I$3:I$101, REGEXMATCH(Dipromats!$A$3:$A$101, ""(?i)"" & $A14) )"),0.245367655632764) -> 0.24536766 | I14: =IFERROR(__xludf.DUMMYFUNCTION("FILTER(Dipromats!J$3:J$101, REGEXMATCH(Dipromats!$A$3:$A$101, ""(?i)"" & $A14) )"),0.282654794342775) -> 0.28265479
A15: delta_own_description_comp | B15: =B3-B14 -> 0.0021494519 | C15: =C3-C14 -> -0.022831507 | D15: =D3-D14 -> 0.07745669 | E15: =E3-E14 -> 0.086944043 | F15: =F3-F14 -> 0.094494286 | G15: =G3-G14 -> 0.071532746 | H15: =H3-H14 -> 0.088237491 | I15: =I3-I14 -> 0.08485404 | J15: =AVERAGE(B15:I15) -> 0.060354655
A16: gpt_description_complete | B16: =IFERROR(__xludf.DUMMYFUNCTION("FILTER(Dipromats!C$3:C$101, REGEXMATCH(Dipromats!$A$3:$A$101, ""(?i)"" & $A16) )"),0.626620634285161) -> 0.62662063 | C16: =IFERROR(__xludf.DUMMYFUNCTION("FILTER(Dipromats!D$3:D$101, REGEXMATCH(Dipromats!$A$3:$A$101, ""(?i)"" & $A16) )"),0.604801060798369) -> 0.60480106 | D16: =IFERROR(__xludf.DUMMYFUNCTION("FILTER(Dipromats!E$3:E$101, REGEXMATCH(Dipromats!$A$3:$A$101, ""(?i)"" & $A16) )"),0.274748595417237) -> 0.2747486 | E16: =IFERROR(__xludf.DUMMYFUNCTION("FILTER(Dipromats!F$3:F$101, REGEXMATCH(Dipromats!$A$3:$A$101, ""(?i)"" & $A16) )"),0.380177808740426) -> 0.38017781 | F16: =IFERROR(__xludf.DUMMYFUNCTION("FILTER(Dipromats!G$3:G$101, REGEXMATCH(Dipromats!$A$3:$A$101, ""(?i)"" & $A16) )"),0.484593915089339) -> 0.48459392 | G16: =IFERROR(__xludf.DUMMYFUNCTION("FILTER(Dipromats!H$3:H$101, REGEXMATCH(Dipromats!$A$3:$A$101, ""(?i)"" & $A16) )"),0.437797137788191) -> 0.43779714 | H16: =IFERROR(__xludf.DUMMYFUNCTION("FILTER(Dipromats!I$3:I$101, REGEXMATCH(Dipromats!$A$3:$A$101, ""(?i)"" & $A16) )"),0.220620940157727) -> 0.22062094 | I16: =IFERROR(__xludf.DUMMYFUNCTION("FILTER(Dipromats!J$3:J$101, REGEXMATCH(Dipromats!$A$3:$A$101, ""(?i)"" & $A16) )"),0.271705614091627) -> 0.27170561
A17: delta_gpt_description_comp | B17: =B3-B16 -> 0.007883981 | C17: =C3-C16 -> -0.021406741 | D17: =D3-D16 -> 0.33779831 | E17: =E3-E16 -> 0.18451661 | F17: =F3-F16 -> 0.0673426 | G17: =G3-G16 -> 0.06119786 | H17: =H3-H16 -> 0.11298421 | I17: =I3-I16 -> 0.095803221 | J17: =AVERAGE(B17:I17) -> 0.10576501
B18: =AVERAGE(B5,B7,B9,B11,B13,B15,B17) -> 0.0060365386 | C18: =AVERAGE(C5,C7,C9,C11,C13,C15,C17) -> -0.015654013 | D18: =AVERAGE(D5,D7,D9,D11,D13,D15,D17) -> 0.070498216 | E18: =AVERAGE(E5,E7,E9,E11,E13,E15,E17) -> 0.042592143 | F18: =AVERAGE(F5,F7,F9,F11,F13,F15,F17) -> 0.032280863 | G18: =AVERAGE(G5,G7,G9,G11,G13,G15,G17) -> 0.011747597 | H18: =AVERAGE(H5,H7,H9,H11,H13,H15,H17) -> 0.058117953 | I18: =AVERAGE(I5,I7,I9,I11,I13,I15,I17) -> 0.062730138
B19: =AVERAGE(B18,C18) -> -0.0048087372 | D19: =AVERAGE(D18,E18) -> 0.05654518 | F19: =AVERAGE(F18,G18) -> 0.02201423 | H19: =AVERAGE(H18,I18) -> 0.060424045
A21: 3_steps | B21: calme | D21: gemma | F21: exaone | H21: granite
A22: no_no | B22: =IFERROR(__xludf.DUMMYFUNCTION("FILTER(SemEval_2025_T2!$G$3:$G$132, REGEXMATCH(SemEval_2025_T2!$A$3:$A$132, ""(?i)"" & $B$21 &""_"" & $A22) )"),0.469629994858942) -> 0.46962999 | C22: =IFERROR(__xludf.DUMMYFUNCTION("FILTER(SemEval_2025_T2!$H$3:$H$132, REGEXMATCH(SemEval_2025_T2!$A$3:$A$132, ""(?i)"" & $B$21 &""_"" & $A22) )"),0.29768447503913) -> 0.29768448 | D22: =IFERROR(__xludf.DUMMYFUNCTION("FILTER(SemEval_2025_T2!$G$3:$G$132, REGEXMATCH(SemEval_2025_T2!$A$3:$A$132, ""(?i)"" & $D$21 &""_"" & $A22) )"),0.386661612184486) -> 0.38666161 | E22: =IFERROR(__xludf.DUMMYFUNCTION("FILTER(SemEval_2025_T2!$H$3:$H$132, REGEXMATCH(SemEval_2025_T2!$A$3:$A$132, ""(?i)"" & $D$21 &""_"" & $A22) )"),0.200154216124963) -> 0.20015422 | F22: =IFERROR(__xludf.DUMMYFUNCTION("FILTER(SemEval_2025_T2!$G$3:$G$132, REGEXMATCH(SemEval_2025_T2!$A$3:$A$132, ""(?i)"" & $F$21 &""_"" & $A22) )"),0.322135984191247) -> 0.32213598 | G22: =IFERROR(__xludf.DUMMYFUNCTION("FILTER(SemEval_2025_T2!$H$3:$H$132, REGEXMATCH(SemEval_2025_T2!$A$3:$A$132, ""(?i)"" & $F$21 &""_"" & $A22) )"),0.15832344209996) -> 0.15832344 | H22: =IFERROR(__xludf.DUMMYFUNCTION("FILTER(SemEval_2025_T2!$G$3:$G$132, REGEXMATCH(SemEval_2025_T2!$A$3:$A$132, ""(?i)"" & $H$21 &""_"" & $A22) )"),0.207104738828423) -> 0.20710474 | I22: =IFERROR(__xludf.DUMMYFUNCTION("FILTER(SemEval_2025_T2!$H$3:$H$132, REGEXMATCH(SemEval_2025_T2!$A$3:$A$132, ""(?i)"" & $H$21 &""_"" & $A22) )"),0.087871224883977) -> 0.087871225
A23: original_original | B23: =IFERROR(__xludf.DUMMYFUNCTION("FILTER(SemEval_2025_T2!$G$3:$G$132, REGEXMATCH(SemEval_2025_T2!$A$3:$A$132, ""(?i)"" & $B$21 &""_"" & $A23) )"),0.514035206022048) -> 0.51403521 | C23: =IFERROR(__xludf.DUMMYFUNCTION("FILTER(SemEval_2025_T2!$H$3:$H$132, REGEXMATCH(SemEval_2025_T2!$A$3:$A$132, ""(?i)"" & $B$21 &""_"" & $A23) )"),0.307645133386631) -> 0.30764513 | D23: =IFERROR(__xludf.DUMMYFUNCTION("FILTER(SemEval_2025_T2!$G$3:$G$132, REGEXMATCH(SemEval_2025_T2!$A$3:$A$132, ""(?i)"" & $D$21 &""_"" & $A23) )"),0.381269392078906) -> 0.38126939 | E23: =IFERROR(__xludf.DUMMYFUNCTION("FILTER(SemEval_2025_T2!$H$3:$H$132, REGEXMATCH(SemEval_2025_T2!$A$3:$A$132, ""(?i)"" & $D$21 &""_"" & $A23) )"),0.213641884382488) -> 0.21364188 | F23: =IFERROR(__xludf.DUMMYFUNCTION("FILTER(SemEval_2025_T2!$G$3:$G$132, REGEXMATCH(SemEval_2025_T2!$A$3:$A$132, ""(?i)"" & $F$21 &""_"" & $A23) )"),0.297130229419703) -> 0.29713023 | G23: =IFERROR(__xludf.DUMMYFUNCTION("FILTER(SemEval_2025_T2!$H$3:$H$132, REGEXMATCH(SemEval_2025_T2!$A$3:$A$132, ""(?i)"" & $F$21 &""_"" & $A23) )"),0.118694163326551) -> 0.11869416 | H23: =IFERROR(__xludf.DUMMYFUNCTION("FILTER(SemEval_2025_T2!$G$3:$G$132, REGEXMATCH(SemEval_2025_T2!$A$3:$A$132, ""(?i)"" & $H$21 &""_"" & $A23) )"),0.238378224888286) -> 0.23837822 | I23: =IFERROR(__xludf.DUMMYFUNCTION("FILTER(SemEval_2025_T2!$H$3:$H$132, REGEXMATCH(SemEval_2025_T2!$A$3:$A$132, ""(?i)"" & $H$21 &""_"" & $A23) )"),0.083454375288068) -> 0.083454375
A24: delta_original | B24: =B22-B23 -> -0.044405211 | C24: =C22-C23 -> -0.0099606583 | D24: =D22-D23 -> 0.0053922201 | E24: =E22-E23 -> -0.013487668 | F24: =F22-F23 -> 0.025005755 | G24: =G22-G23 -> 0.039629279 | H24: =H22-H23 -> -0.031273486 | I24: =I22-I23 -> 0.0044168496 | J24: =AVERAGE(B24,D24,F24,H24) -> -0.011320181 | K24: =AVERAGE(C24,E24,G24,I24) -> 0.0051494504 | L24: =AVERAGE(J24,K24) -> -0.0030853651
A25: only_title | B25: =IFERROR(__xludf.DUMMYFUNCTION("FILTER(SemEval_2025_T2!$G$3:$G$132, REGEXMATCH(SemEval_2025_T2!$A$3:$A$132, ""(?i)"" & $B$21 &""_"" & $A25) )"),0.443146947744113) -> 0.44314695 | C25: =IFERROR(__xludf.DUMMYFUNCTION("FILTER(SemEval_2025_T2!$H$3:$H$132, REGEXMATCH(SemEval_2025_T2!$A$3:$A$132, ""(?i)"" & $B$21 &""_"" & $A25) )"),0.278619253553464) -> 0.27861925 | D25: =IFERROR(__xludf.DUMMYFUNCTION("FILTER(SemEval_2025_T2!$G$3:$G$132, REGEXMATCH(SemEval_2025_T2!$A$3:$A$132, ""(?i)"" & $D$21 &""_"" & $A25) )"),0.183951176893282) -> 0.18395118 | E25: =IFERROR(__xludf.DUMMYFUNCTION("FILTER(SemEval_2025_T2!$H$3:$H$132, REGEXMATCH(SemEval_2025_T2!$A$3:$A$132, ""(?i)"" & $D$21 &""_"" & $A25) )"),0.076478375942546) -> 0.076478376 | F25: =IFERROR(__xludf.DUMMYFUNCTION("FILTER(SemEval_2025_T2!$G$3:$G$132, REGEXMATCH(SemEval_2025_T2!$A$3:$A$132, ""(?i)"" & $F$21 &""_"" & $A25) )"),0.322483844225949) -> 0.32248384 | G25: =IFERROR(__xludf.DUMMYFUNCTION("FILTER(SemEval_2025_T2!$H$3:$H$132, REGEXMATCH(SemEval_2025_T2!$A$3:$A$132, ""(?i)"" & $F$21 &""_"" & $A25) )"),0.137031714619164) -> 0.13703171 | H25: =IFERROR(__xludf.DUMMYFUNCTION("FILTER(SemEval_2025_T2!$G$3:$G$132, REGEXMATCH(SemEval_2025_T2!$A$3:$A$132, ""(?i)"" & $H$21 &""_"" & $A25) )"),0.159618888713625) -> 0.15961889 | I25: =IFERROR(__xludf.DUMMYFUNCTION("FILTER(SemEval_2025_T2!$H$3:$H$132, REGEXMATCH(SemEval_2025_T2!$A$3:$A$132, ""(?i)"" & $H$21 &""_"" & $A25) )"),0.051741760021139) -> 0.05174176
A26: delta_own_title | B26: =B22-B25 -> 0.026483047 | C26: =C22-C25 -> 0.019065221 | D26: =D22-D25 -> 0.20271044 | E26: =E22-E25 -> 0.12367584 | F26: =F22-F25 -> -0.00034786003 | G26: =G22-G25 -> 0.021291727 | H26: =H22-H25 -> 0.04748585 | I26: =I22-I25 -> 0.036129465 | J26: =AVERAGE(B26,D26,F26,H26) -> 0.069082868 | K26: =AVERAGE(C26,E26,G26,I26) -> 0.050040564 | L26: =AVERAGE(J26,K26) -> 0.059561716
A27: zero_shot_gpt_only_title | B27: =IFERROR(__xludf.DUMMYFUNCTION("FILTER(SemEval_2025_T2!$G$3:$G$132, REGEXMATCH(SemEval_2025_T2!$A$3:$A$132, ""(?i)"" & $B$21 &""_"" & $A27) )"),0.413172598162071) -> 0.4131726 | C27: =IFERROR(__xludf.DUMMYFUNCTION("FILTER(SemEval_2025_T2!$H$3:$H$132, REGEXMATCH(SemEval_2025_T2!$A$3:$A$132, ""(?i)"" & $B$21 &""_"" & $A27) )"),0.238469869626549) -> 0.23846987 | D27: =IFERROR(__xludf.DUMMYFUNCTION("FILTER(SemEval_2025_T2!$G$3:$G$132, REGEXMATCH(SemEval_2025_T2!$A$3:$A$132, ""(?i)"" & $D$21 &""_"" & $A27) )"),0.201656347341367) -> 0.20165635 | E27: =IFERROR(__xludf.DUMMYFUNCTION("FILTER(SemEval_2025_T2!$H$3:$H$132, REGEXMATCH(SemEval_2025_T2!$A$3:$A$132, ""(?i)"" & $D$21 &""_"" & $A27) )"),0.098389118476481) -> 0.098389118 | F27: =IFERROR(__xludf.DUMMYFUNCTION("FILTER(SemEval_2025_T2!$G$3:$G$132, REGEXMATCH(SemEval_2025_T2!$A$3:$A$132, ""(?i)"" & $F$21 &""_"" & $A27) )"),0.266104055009318) -> 0.26610406 | G27: =IFERROR(__xludf.DUMMYFUNCTION("FILTER(SemEval_2025_T2!$H$3:$H$132, REGEXMATCH(SemEval_2025_T2!$A$3:$A$132, ""(?i)"" & $F$21 &""_"" & $A27) )"),0.099810456390213) -> 0.099810456 | H27: =IFERROR(__xludf.DUMMYFUNCTION("FILTER(SemEval_2025_T2!$G$3:$G$132, REGEXMATCH(SemEval_2025_T2!$A$3:$A$132, ""(?i)"" & $H$21 &""_"" & $A27) )"),0.246870696554907) -> 0.2468707 | I27: =IFERROR(__xludf.DUMMYFUNCTION("FILTER(SemEval_2025_T2!$H$3:$H$132, REGEXMATCH(SemEval_2025_T2!$A$3:$A$132, ""(?i)"" & $H$21 &""_"" & $A27) )"),0.059954252922066) -> 0.059954253
A28: delta_gpt_title | B28: =B22-B27 -> 0.056457397 | C28: =C22-C27 -> 0.059214605 | D28: =D22-D27 -> 0.18500526 | E28: =E22-E27 -> 0.1017651 | F28: =F22-F27 -> 0.056031929 | G28: =G22-G27 -> 0.058512986 | H28: =H22-H27 -> -0.039765958 | I28: =I22-I27 -> 0.027916972 | J28: =AVERAGE(B28,D28,F28,H28) -> 0.064432158 | K28: =AVERAGE(C28,E28,G28,I28) -> 0.061852415 | L28: =AVERAGE(J28,K28) -> 0.063142287
A29: title_description | B29: =IFERROR(__xludf.DUMMYFUNCTION("FILTER(SemEval_2025_T2!$G$3:$G$132, REGEXMATCH(SemEval_2025_T2!$A$3:$A$132, ""(?i)"" & $B$21 &""_"" & $A29), NOT(REGEXMATCH(SemEval_2025_T2!$A$3:$A$132, ""(?i)complete"")) )"),0.475694995063416) -> 0.475695 | C29: =IFERROR(__xludf.DUMMYFUNCTION("FILTER(SemEval_2025_T2!$H$3:$H$132, REGEXMATCH(SemEval_2025_T2!$A$3:$A$132, ""(?i)"" & $B$21 &""_"" & $A29), NOT(REGEXMATCH(SemEval_2025_T2!$A$3:$A$132, ""(?i)complete"")) )"),0.255848749114133) -> 0.25584875 | D29: =IFERROR(__xludf.DUMMYFUNCTION("FILTER(SemEval_2025_T2!$G$3:$G$132, REGEXMATCH(SemEval_2025_T2!$A$3:$A$132, ""(?i)"" & $D$21 &""_"" & $A29), NOT(REGEXMATCH(SemEval_2025_T2!$A$3:$A$132, ""(?i)complete"")) )"),0.263223865900181) -> 0.26322387 | E29: =IFERROR(__xludf.DUMMYFUNCTION("FILTER(SemEval_2025_T2!$H$3:$H$132, REGEXMATCH(SemEval_2025_T2!$A$3:$A$132, ""(?i)"" & $D$21 &""_"" & $A29), NOT(REGEXMATCH(SemEval_2025_T2!$A$3:$A$132, ""(?i)complete"")) )"),0.12963188756561) -> 0.12963189 | F29: =IFERROR(__xludf.DUMMYFUNCTION("FILTER(SemEval_2025_T2!$G$3:$G$132, REGEXMATCH(SemEval_2025_T2!$A$3:$A$132, ""(?i)"" & $F$21 &""_"" & $A29), NOT(REGEXMATCH(SemEval_2025_T2!$A$3:$A$132, ""(?i)complete"")) )"),0.301315471370734) -> 0.30131547 | G29: =IFERROR(__xludf.DUMMYFUNCTION("FILTER(SemEval_2025_T2!$H$3:$H$132, REGEXMATCH(SemEval_2025_T2!$A$3:$A$132, ""(?i)"" & $F$21 &""_"" & $A29), NOT(REGEXMATCH(SemEval_2025_T2!$A$3:$A$132, ""(?i)complete"")) )"),0.111016939313498) -> 0.11101694 | H29: =IFERROR(__xludf.DUMMYFUNCTION("FILTER(SemEval_2025_T2!$G$3:$G$132, REGEXMATCH(SemEval_2025_T2!$A$3:$A$132, ""(?i)"" & $H$21 &""_"" & $A29), NOT(REGEXMATCH(SemEval_2025_T2!$A$3:$A$132, ""(?i)complete"")) )"),0.236880045685308) -> 0.23688005 | I29: =IFERROR(__xludf.DUMMYFUNCTION("FILTER(SemEval_2025_T2!$H$3:$H$132, REGEXMATCH(SemEval_2025_T2!$A$3:$A$132, ""(?i)"" & $H$21 &""_"" & $A29), NOT(REGEXMATCH(SemEval_2025_T2!$A$3:$A$132, ""(?i)complete"")) )"),0.068547640773795) -> 0.068547641
A30: delta_own_description | B30: =B22-B29 -> -0.0060650002 | C30: =C22-C29 -> 0.041835726 | D30: =D22-D29 -> 0.12343775 | E30: =E22-E29 -> 0.070522329 | F30: =F22-F29 -> 0.020820513 | G30: =G22-G29 -> 0.047306503 | H30: =H22-H29 -> -0.029775307 | I30: =I22-I29 -> 0.019323584 | J30: =AVERAGE(B30,D30,F30,H30) -> 0.027104488 | K30: =AVERAGE(C30,E30,G30,I30) -> 0.044747035 | L30: =AVERAGE(J30,K30) -> 0.035925762
A31: zero_shot_gpt_title_description | B31: =IFERROR(__xludf.DUMMYFUNCTION("FILTER(SemEval_2025_T2!$G$3:$G$132, REGEXMATCH(SemEval_2025_T2!$A$3:$A$132, ""(?i)"" & $B$21 &""_"" & $A31), NOT(REGEXMATCH(SemEval_2025_T2!$A$3:$A$132, ""(?i)complete"")) )"),0.447556318827371) -> 0.44755632 | C31: =IFERROR(__xludf.DUMMYFUNCTION("FILTER(SemEval_2025_T2!$H$3:$H$132, REGEXMATCH(SemEval_2025_T2!$A$3:$A$132, ""(?i)"" & $B$21 &""_"" & $A31), NOT(REGEXMATCH(SemEval_2025_T2!$A$3:$A$132, ""(?i)complete"")) )"),0.260569443848998) -> 0.26056944 | D31: =IFERROR(__xludf.DUMMYFUNCTION("FILTER(SemEval_2025_T2!$G$3:$G$132, REGEXMATCH(SemEval_2025_T2!$A$3:$A$132, ""(?i)"" & $D$21 &""_"" & $A31), NOT(REGEXMATCH(SemEval_2025_T2!$A$3:$A$132, ""(?i)complete"")) )"),0.214114112495691) -> 0.21411411 | E31: =IFERROR(__xludf.DUMMYFUNCTION("FILTER(SemEval_2025_T2!$H$3:$H$132, REGEXMATCH(SemEval_2025_T2!$A$3:$A$132, ""(?i)"" & $D$21 &""_"" & $A31), NOT(REGEXMATCH(SemEval_2025_T2!$A$3:$A$132, ""(?i)complete"")) )"),0.106058068538986) -> 0.10605807 | F31: =IFERROR(__xludf.DUMMYFUNCTION("FILTER(SemEval_2025_T2!$G$3:$G$132, REGEXMATCH(SemEval_2025_T2!$A$3:$A$132, ""(?i)"" & $F$21 &""_"" & $A31), NOT(REGEXMATCH(SemEval_2025_T2!$A$3:$A$132, ""(?i)complete"")) )"),0.283892118115802) -> 0.28389212 | G31: =IFERROR(__xludf.DUMMYFUNCTION("FILTER(SemEval_2025_T2!$H$3:$H$132, REGEXMATCH(SemEval_2025_T2!$A$3:$A$132, ""(?i)"" & $F$21 &""_"" & $A31), NOT(REGEXMATCH(SemEval_2025_T2!$A$3:$A$132, ""(?i)complete"")) )"),0.113968810788851) -> 0.11396881 | H31: =IFERROR(__xludf.DUMMYFUNCTION("FILTER(SemEval_2025_T2!$G$3:$G$132, REGEXMATCH(SemEval_2025_T2!$A$3:$A$132, ""(?i)"" & $H$21 &""_"" & $A31), NOT(REGEXMATCH(SemEval_2025_T2!$A$3:$A$132, ""(?i)complete"")) )"),0.212448441324757) -> 0.21244844 | I31: =IFERROR(__xludf.DUMMYFUNCTION("FILTER(SemEval_2025_T2!$H$3:$H$132, REGEXMATCH(SemEval_2025_T2!$A$3:$A$132, ""(?i)"" & $H$21 &""_"" & $A31), NOT(REGEXMATCH(SemEval_2025_T2!$A$3:$A$132, ""(?i)complete"")) )"),0.062289598997493) -> 0.062289599
A32: delta_gpt_description | B32: =B22-B31 -> 0.022073676 | C32: =C22-C31 -> 0.037115031 | D32: =D22-D31 -> 0.1725475 | E32: =E22-E31 -> 0.094096148 | F32: =F22-F31 -> 0.038243866 | G32: =G22-G31 -> 0.044354631 | H32: =H22-H31 -> -0.0053437025 | I32: =I22-I31 -> 0.025581626 | J32: =AVERAGE(B32,D32,F32,H32) -> 0.056880335 | K32: =AVERAGE(C32,E32,G32,I32) -> 0.050286859 | L32: =AVERAGE(J32,K32) -> 0.053583597
A33: title_description_complete | B33: =IFERROR(__xludf.DUMMYFUNCTION("FILTER(SemEval_2025_T2!$G$3:$G$132, REGEXMATCH(SemEval_2025_T2!$A$3:$A$132, ""(?i)"" & $B$21 &""_"" & $A33) )"),0.430385701433069) -> 0.4303857 | C33: =IFERROR(__xludf.DUMMYFUNCTION("FILTER(SemEval_2025_T2!$H$3:$H$132, REGEXMATCH(SemEval_2025_T2!$A$3:$A$132, ""(?i)"" & $B$21 &""_"" & $A33) )"),0.246254129631052) -> 0.24625413 | D33: =IFERROR(__xludf.DUMMYFUNCTION("FILTER(SemEval_2025_T2!$G$3:$G$132, REGEXMATCH(SemEval_2025_T2!$A$3:$A$132, ""(?i)"" & $D$21 &""_"" & $A33) )"),0.031951417004048) -> 0.031951417 | E33: =IFERROR(__xludf.DUMMYFUNCTION("FILTER(SemEval_2025_T2!$H$3:$H$132, REGEXMATCH(SemEval_2025_T2!$A$3:$A$132, ""(?i)"" & $D$21 &""_"" & $A33) )"),0.016105263157894) -> 0.016105263 | F33: =IFERROR(__xludf.DUMMYFUNCTION("FILTER(SemEval_2025_T2!$G$3:$G$132, REGEXMATCH(SemEval_2025_T2!$A$3:$A$132, ""(?i)"" & $F$21 &""_"" & $A33) )"),0.288692243429085) -> 0.28869224 | G33: =IFERROR(__xludf.DUMMYFUNCTION("FILTER(SemEval_2025_T2!$H$3:$H$132, REGEXMATCH(SemEval_2025_T2!$A$3:$A$132, ""(?i)"" & $F$21 &""_"" & $A33) )"),0.125237610500161) -> 0.12523761 | H33: =IFERROR(__xludf.DUMMYFUNCTION("FILTER(SemEval_2025_T2!$G$3:$G$132, REGEXMATCH(SemEval_2025_T2!$A$3:$A$132, ""(?i)"" & $H$21 &""_"" & $A33) )"),0.160590853882959) -> 0.16059085 | I33: =IFERROR(__xludf.DUMMYFUNCTION("FILTER(SemEval_2025_T2!$H$3:$H$132, REGEXMATCH(SemEval_2025_T2!$A$3:$A$132, ""(?i)"" & $H$21 &""_"" & $A33) )"),0.059550146974033) -> 0.059550147
A34: delta_own_description_comp | B34: =B22-B33 -> 0.039244293 | C34: =C22-C33 -> 0.051430345 | D34: =D22-D33 -> 0.3547102 | E34: =E22-E33 -> 0.18404895 | F34: =F22-F33 -> 0.033443741 | G34: =G22-G33 -> 0.033085832 | H34: =H22-H33 -> 0.046513885 | I34: =I22-I33 -> 0.028321078 | J34: =AVERAGE(B34,D34,F34,H34) -> 0.11847803 | K34: =AVERAGE(C34,E34,G34,I34) -> 0.074221552 | L34: =AVERAGE(J34,K34) -> 0.09634979
A35: zero_shot_gpt_title_description_complete | B35: =IFERROR(__xludf.DUMMYFUNCTION("FILTER(SemEval_2025_T2!$G$3:$G$132, REGEXMATCH(SemEval_2025_T2!$A$3:$A$132, ""(?i)"" & $B$21 &""_"" & $A35) )"),0.387901176016965) -> 0.38790118 | C35: =IFERROR(__xludf.DUMMYFUNCTION("FILTER(SemEval_2025_T2!$H$3:$H$132, REGEXMATCH(SemEval_2025_T2!$A$3:$A$132, ""(?i)"" & $B$21 &""_"" & $A35) )"),0.233524755451476) -> 0.23352476 | D35: =IFERROR(__xludf.DUMMYFUNCTION("FILTER(SemEval_2025_T2!$G$3:$G$132, REGEXMATCH(SemEval_2025_T2!$A$3:$A$132, ""(?i)"" & $D$21 &""_"" & $A35) )"),0.190261348592927) -> 0.19026135 | E35: =IFERROR(__xludf.DUMMYFUNCTION("FILTER(SemEval_2025_T2!$H$3:$H$132, REGEXMATCH(SemEval_2025_T2!$A$3:$A$132, ""(?i)"" & $D$21 &""_"" & $A35) )"),0.088050555691827) -> 0.088050556 | F35: =IFERROR(__xludf.DUMMYFUNCTION("FILTER(SemEval_2025_T2!$G$3:$G$132, REGEXMATCH(SemEval_2025_T2!$A$3:$A$132, ""(?i)"" & $F$21 &""_"" & $A35) )"),0.259401876486087) -> 0.25940188 | G35: =IFERROR(__xludf.DUMMYFUNCTION("FILTER(SemEval_2025_T2!$H$3:$H$132, REGEXMATCH(SemEval_2025_T2!$A$3:$A$132, ""(?i)"" & $F$21 &""_"" & $A35) )"),0.116199203293332) -> 0.1161992 | H35: =IFERROR(__xludf.DUMMYFUNCTION("FILTER(SemEval_2025_T2!$G$3:$G$132, REGEXMATCH(SemEval_2025_T2!$A$3:$A$132, ""(?i)"" & $H$21 &""_"" & $A35) )"),0.192691655712708) -> 0.19269166 | I35: =IFERROR(__xludf.DUMMYFUNCTION("FILTER(SemEval_2025_T2!$H$3:$H$132, REGEXMATCH(SemEval_2025_T2!$A$3:$A$132, ""(?i)"" & $H$21 &""_"" & $A35) )"),0.035547496655391) -> 0.035547497
A36: delta_gpt_description_comp | B36: =B22-B35 -> 0.081728819 | C36: =C22-C35 -> 0.06415972 | D36: =D22-D35 -> 0.19640026 | E36: =E22-E35 -> 0.11210366 | F36: =F22-F35 -> 0.062734108 | G36: =G22-G35 -> 0.042124239 | H36: =H22-H35 -> 0.014413083 | I36: =I22-I35 -> 0.052323728 | J36: =AVERAGE(B36,D36,F36,H36) -> 0.088819068 | K36: =AVERAGE(C36,E36,G36,I36) -> 0.067677837 | L36: =AVERAGE(J36,K36) -> 0.078248453
B37: =AVERAGE(B24,B26,B28,B30,B32,B34,B36) -> 0.02507386 | C37: =AVERAGE(C24,C26,C28,C30,C32,C34,C36) -> 0.037551427 | D37: =AVERAGE(D24,D26,D28,D30,D32,D34,D36) -> 0.17717195 | E37: =AVERAGE(E24,E26,E28,E30,E32,E34,E36) -> 0.09610348 | F37: =AVERAGE(F24,F26,F28,F30,F32,F34,F36) -> 0.033704579 | G37: =AVERAGE(G24,G26,G28,G30,G32,G34,G36) -> 0.040900742 | H37: =AVERAGE(H24,H26,H28,H30,H32,H34,H36) -> 0.00032205215 | I37: =AVERAGE(I24,I26,I28,I30,I32,I34,I36) -> 0.027716186
B38: =AVERAGE(B37,C37) -> 0.031312644 | D38: =AVERAGE(D37,E37) -> 0.13663771 | F38: =AVERAGE(F37,G37) -> 0.037302661 | H38: =AVERAGE(H37,I37) -> 0.014019119
A40: hybrid | B40: calme | D40: gemma | F40: exaone | H40: granite
A41: no_no | B41: =IFERROR(__xludf.DUMMYFUNCTION("FILTER(SemEval_2025_T2!$E$3:$E$132, REGEXMATCH(SemEval_2025_T2!$A$3:$A$132, ""(?i)"" & $B$21 &""_"" & $A41) )"),0.538777572135467) -> 0.53877757 | C41: =IFERROR(__xludf.DUMMYFUNCTION("FILTER(SemEval_2025_T2!$F$3:$F$132, REGEXMATCH(SemEval_2025_T2!$A$3:$A$132, ""(?i)"" & $B$21 &""_"" & $A41) )"),0.339727953333216) -> 0.33972795 | D41: =IFERROR(__xludf.DUMMYFUNCTION("FILTER(SemEval_2025_T2!$E$3:$E$132, REGEXMATCH(SemEval_2025_T2!$A$3:$A$132, ""(?i)"" & $D$21 &""_"" & $A41) )"),0.17067633506844) -> 0.17067634 | E41: =IFERROR(__xludf.DUMMYFUNCTION("FILTER(SemEval_2025_T2!$F$3:$F$132, REGEXMATCH(SemEval_2025_T2!$A$3:$A$132, ""(?i)"" & $D$21 &""_"" & $A41) )"),0.087106689801426) -> 0.08710669 | F41: =IFERROR(__xludf.DUMMYFUNCTION("FILTER(SemEval_2025_T2!$E$3:$E$132, REGEXMATCH(SemEval_2025_T2!$A$3:$A$132, ""(?i)"" & $F$21 &""_"" & $A41) )"),0.357943207377417) -> 0.35794321 | G41: =IFERROR(__xludf.DUMMYFUNCTION("FILTER(SemEval_2025_T2!$F$3:$F$132, REGEXMATCH(SemEval_2025_T2!$A$3:$A$132, ""(?i)"" & $F$21 &""_"" & $A41) )"),0.106532844056528) -> 0.10653284 | H41: =IFERROR(__xludf.DUMMYFUNCTION("FILTER(SemEval_2025_T2!$E$3:$E$132, REGEXMATCH(SemEval_2025_T2!$A$3:$A$132, ""(?i)"" & $H$21 &""_"" & $A41) )"),0.302676293297345) -> 0.30267629 | I41: =IFERROR(__xludf.DUMMYFUNCTION("FILTER(SemEval_2025_T2!$F$3:$F$132, REGEXMATCH(SemEval_2025_T2!$A$3:$A$132, ""(?i)"" & $H$21 &""_"" & $A41) )"),0.044550067970715) -> 0.044550068
A42: original_original | B42: =IFERROR(__xludf.DUMMYFUNCTION("FILTER(SemEval_2025_T2!$E$3:$E$132, REGEXMATCH(SemEval_2025_T2!$A$3:$A$132, ""(?i)"" & $B$21 &""_"" & $A42) )"),0.515748946083156) -> 0.51574895 | C42: =IFERROR(__xludf.DUMMYFUNCTION("FILTER(SemEval_2025_T2!$F$3:$F$132, REGEXMATCH(SemEval_2025_T2!$A$3:$A$132, ""(?i)"" & $B$21 &""_"" & $A42) )"),0.304809111760933) -> 0.30480911 | D42: =IFERROR(__xludf.DUMMYFUNCTION("FILTER(SemEval_2025_T2!$E$3:$E$132, REGEXMATCH(SemEval_2025_T2!$A$3:$A$132, ""(?i)"" & $D$21 &""_"" & $A42) )"),0.255187902448428) -> 0.2551879 | E42: =IFERROR(__xludf.DUMMYFUNCTION("FILTER(SemEval_2025_T2!$F$3:$F$132, REGEXMATCH(SemEval_2025_T2!$A$3:$A$132, ""(?i)"" & $D$21 &""_"" & $A42) )"),0.125488533980639) -> 0.12548853 | F42: =IFERROR(__xludf.DUMMYFUNCTION("FILTER(SemEval_2025_T2!$E$3:$E$132, REGEXMATCH(SemEval_2025_T2!$A$3:$A$132, ""(?i)"" & $F$21 &""_"" & $A42) )"),0.29827218687745) -> 0.29827219 | G42: =IFERROR(__xludf.DUMMYFUNCTION("FILTER(SemEval_2025_T2!$F$3:$F$132, REGEXMATCH(SemEval_2025_T2!$A$3:$A$132, ""(?i)"" & $F$21 &""_"" & $A42) )"),0.096927893451577) -> 0.096927893 | H42: =IFERROR(__xludf.DUMMYFUNCTION("FILTER(SemEval_2025_T2!$E$3:$E$132, REGEXMATCH(SemEval_2025_T2!$A$3:$A$132, ""(?i)"" & $H$21 &""_"" & $A42) )"),0.321656297795771) -> 0.3216563 | I42: =IFERROR(__xludf.DUMMYFUNCTION("FILTER(SemEval_2025_T2!$F$3:$F$132, REGEXMATCH(SemEval_2025_T2!$A$3:$A$132, ""(?i)"" & $H$21 &""_"" & $A42) )"),0.04430764314408) -> 0.044307643
A43: delta_original | B43: =B41-B42 -> 0.023028626 | C43: =C41-C42 -> 0.034918842 | D43: =D41-D42 -> -0.084511567 | E43: =E41-E42 -> -0.038381844 | F43: =F41-F42 -> 0.05967102 | G43: =G41-G42 -> 0.0096049506 | H43: =H41-H42 -> -0.018980005 | I43: =I41-I42 -> 0.00024242483 | J43: =AVERAGE(B43,D43,F43,H43) -> -0.0051979813 | K43: =AVERAGE(C43,E43,G43,I43) -> 0.0015960932 | L43: =AVERAGE(J43,K43) -> -0.0018009441
A44: only_title | B44: =IFERROR(__xludf.DUMMYFUNCTION("FILTER(SemEval_2025_T2!$E$3:$E$132, REGEXMATCH(SemEval_2025_T2!$A$3:$A$132, ""(?i)"" & $B$21 &""_"" & $A44) )"),0.499190977443609) -> 0.49919098 | C44: =IFERROR(__xludf.DUMMYFUNCTION("FILTER(SemEval_2025_T2!$F$3:$F$132, REGEXMATCH(SemEval_2025_T2!$A$3:$A$132, ""(?i)"" & $B$21 &""_"" & $A44) )"),0.293747720745291) -> 0.29374772 | D44: =IFERROR(__xludf.DUMMYFUNCTION("FILTER(SemEval_2025_T2!$E$3:$E$132, REGEXMATCH(SemEval_2025_T2!$A$3:$A$132, ""(?i)"" & $D$21 &""_"" & $A44) )"),0.256158582353319) -> 0.25615858 | E44: =IFERROR(__xludf.DUMMYFUNCTION("FILTER(SemEval_2025_T2!$F$3:$F$132, REGEXMATCH(SemEval_2025_T2!$A$3:$A$132, ""(?i)"" & $D$21 &""_"" & $A44) )"),0.104719207692891) -> 0.10471921 | F44: =IFERROR(__xludf.DUMMYFUNCTION("FILTER(SemEval_2025_T2!$E$3:$E$132, REGEXMATCH(SemEval_2025_T2!$A$3:$A$132, ""(?i)"" & $F$21 &""_"" & $A44) )"),0.319426180836707) -> 0.31942618 | G44: =IFERROR(__xludf.DUMMYFUNCTION("FILTER(SemEval_2025_T2!$F$3:$F$132, REGEXMATCH(SemEval_2025_T2!$A$3:$A$132, ""(?i)"" & $F$21 &""_"" & $A44) )"),0.06204916136495) -> 0.062049161 | H44: =IFERROR(__xludf.DUMMYFUNCTION("FILTER(SemEval_2025_T2!$E$3:$E$132, REGEXMATCH(SemEval_2025_T2!$A$3:$A$132, ""(?i)"" & $H$21 &""_"" & $A44) )"),0.265505709787288) -> 0.26550571 | I44: =IFERROR(__xludf.DUMMYFUNCTION("FILTER(SemEval_2025_T2!$F$3:$F$132, REGEXMATCH(SemEval_2025_T2!$A$3:$A$132, ""(?i)"" & $H$21 &""_"" & $A44) )"),0.028443701912122) -> 0.028443702
A45: delta_own_title | B45: =B41-B44 -> 0.039586595 | C45: =C41-C44 -> 0.045980233 | D45: =D41-D44 -> -0.085482247 | E45: =E41-E44 -> -0.017612518 | F45: =F41-F44 -> 0.038517027 | G45: =G41-G44 -> 0.044483683 | H45: =H41-H44 -> 0.037170584 | I45: =I41-I44 -> 0.016106366 | J45: =AVERAGE(B45,D45,F45,H45) -> 0.0074479894 | K45: =AVERAGE(C45,E45,G45,I45) -> 0.022239441 | L45: =AVERAGE(J45,K45) -> 0.014843715
A46: zero_shot_gpt_only_title | B46: =IFERROR(__xludf.DUMMYFUNCTION("FILTER(SemEval_2025_T2!$E$3:$E$132, REGEXMATCH(SemEval_2025_T2!$A$3:$A$132, ""(?i)"" & $B$21 &""_"" & $A46) )"),0.507974487500803) -> 0.50797449 | C46: =IFERROR(__xludf.DUMMYFUNCTION("FILTER(SemEval_2025_T2!$F$3:$F$132, REGEXMATCH(SemEval_2025_T2!$A$3:$A$132, ""(?i)"" & $B$21 &""_"" & $A46) )"),0.302492234036768) -> 0.30249223 | D46: =IFERROR(__xludf.DUMMYFUNCTION("FILTER(SemEval_2025_T2!$E$3:$E$132, REGEXMATCH(SemEval_2025_T2!$A$3:$A$132, ""(?i)"" & $D$21 &""_"" & $A46) )"),0.239861981877771) -> 0.23986198 | E46: =IFERROR(__xludf.DUMMYFUNCTION("FILTER(SemEval_2025_T2!$F$3:$F$132, REGEXMATCH(SemEval_2025_T2!$A$3:$A$132, ""(?i)"" & $D$21 &""_"" & $A46) )"),0.08960207015207) -> 0.08960207 | F46: =IFERROR(__xludf.DUMMYFUNCTION("FILTER(SemEval_2025_T2!$E$3:$E$132, REGEXMATCH(SemEval_2025_T2!$A$3:$A$132, ""(?i)"" & $F$21 &""_"" & $A46) )"),0.32236522717049) -> 0.32236523 | G46: =IFERROR(__xludf.DUMMYFUNCTION("FILTER(SemEval_2025_T2!$F$3:$F$132, REGEXMATCH(SemEval_2025_T2!$A$3:$A$132, ""(?i)"" & $F$21 &""_"" & $A46) )"),0.068857975942186) -> 0.068857976 | H46: =IFERROR(__xludf.DUMMYFUNCTION("FILTER(SemEval_2025_T2!$E$3:$E$132, REGEXMATCH(SemEval_2025_T2!$A$3:$A$132, ""(?i)"" & $H$21 &""_"" & $A46) )"),0.286967640254482) -> 0.28696764 | I46: =IFERROR(__xludf.DUMMYFUNCTION("FILTER(SemEval_2025_T2!$F$3:$F$132, REGEXMATCH(SemEval_2025_T2!$A$3:$A$132, ""(?i)"" & $H$21 &""_"" & $A46) )"),0.030866897137949) -> 0.030866897
A47: delta_gpt_title | B47: =B41-B46 -> 0.030803085 | C47: =C41-C46 -> 0.037235719 | D47: =D41-D46 -> -0.069185647 | E47: =E41-E46 -> -0.0024953804 | F47: =F41-F46 -> 0.03557798 | G47: =G41-G46 -> 0.037674868 | H47: =H41-H46 -> 0.015708653 | I47: =I41-I46 -> 0.013683171 | J47: =AVERAGE(B47,D47,F47,H47) -> 0.0032260178 | K47: =AVERAGE(C47,E47,G47,I47) -> 0.021524594 | L47: =AVERAGE(J47,K47) -> 0.012375306
A48: title_description | B48: =IFERROR(__xludf.DUMMYFUNCTION("FILTER(SemEval_2025_T2!$E$3:$E$132, REGEXMATCH(SemEval_2025_T2!$A$3:$A$132, ""(?i)"" & $B$21 &""_"" & $A48), NOT(REGEXMATCH(SemEval_2025_T2!$A$3:$A$132, ""(?i)complete"")) )"),0.523713880855986) -> 0.52371388 | C48: =IFERROR(__xludf.DUMMYFUNCTION("FILTER(SemEval_2025_T2!$F$3:$F$132, REGEXMATCH(SemEval_2025_T2!$A$3:$A$132, ""(?i)"" & $B$21 &""_"" & $A48), NOT(REGEXMATCH(SemEval_2025_T2!$A$3:$A$132, ""(?i)complete"")) )"),0.298182340601368) -> 0.29818234 | D48: =IFERROR(__xludf.DUMMYFUNCTION("FILTER(SemEval_2025_T2!$E$3:$E$132, REGEXMATCH(SemEval_2025_T2!$A$3:$A$132, ""(?i)"" & $D$21 &""_"" & $A48), NOT(REGEXMATCH(SemEval_2025_T2!$A$3:$A$132, ""(?i)complete"")) )"),0.255036344065291) -> 0.25503634 | E48: =IFERROR(__xludf.DUMMYFUNCTION("FILTER(SemEval_2025_T2!$F$3:$F$132, REGEXMATCH(SemEval_2025_T2!$A$3:$A$132, ""(?i)"" & $D$21 &""_"" & $A48), NOT(REGEXMATCH(SemEval_2025_T2!$A$3:$A$132, ""(?i)complete"")) )"),0.10422726630095) -> 0.10422727 | F48: =IFERROR(__xludf.DUMMYFUNCTION("FILTER(SemEval_2025_T2!$E$3:$E$132, REGEXMATCH(SemEval_2025_T2!$A$3:$A$132, ""(?i)"" & $F$21 &""_"" & $A48), NOT(REGEXMATCH(SemEval_2025_T2!$A$3:$A$132, ""(?i)complete"")) )"),0.303224179037336) -> 0.30322418 | G48: =IFERROR(__xludf.DUMMYFUNCTION("FILTER(SemEval_2025_T2!$F$3:$F$132, REGEXMATCH(SemEval_2025_T2!$A$3:$A$132, ""(?i)"" & $F$21 &""_"" & $A48), NOT(REGEXMATCH(SemEval_2025_T2!$A$3:$A$132, ""(?i)complete"")) )"),0.06794643339117) -> 0.067946433 | H48: =IFERROR(__xludf.DUMMYFUNCTION("FILTER(SemEval_2025_T2!$E$3:$E$132, REGEXMATCH(SemEval_2025_T2!$A$3:$A$132, ""(?i)"" & $H$21 &""_"" & $A48), NOT(REGEXMATCH(SemEval_2025_T2!$A$3:$A$132, ""(?i)complete"")) )"),0.28368918449971) -> 0.28368918 | I48: =IFERROR(__xludf.DUMMYFUNCTION("FILTER(SemEval_2025_T2!$F$3:$F$132, REGEXMATCH(SemEval_2025_T2!$A$3:$A$132, ""(?i)"" & $H$21 &""_"" & $A48), NOT(REGEXMATCH(SemEval_2025_T2!$A$3:$A$132, ""(?i)complete"")) )"),0.022842436218752) -> 0.022842436
A49: delta_own_description | B49: =B41-B48 -> 0.015063691 | C49: =C41-C48 -> 0.041545613 | D49: =D41-D48 -> -0.084360009 | E49: =E41-E48 -> -0.017120577 | F49: =F41-F48 -> 0.054719028 | G49: =G41-G48 -> 0.038586411 | H49: =H41-H48 -> 0.018987109 | I49: =I41-I48 -> 0.021707632 | J49: =AVERAGE(B49,D49,F49,H49) -> 0.0011024549 | K49: =AVERAGE(C49,E49,G49,I49) -> 0.02117977 | L49: =AVERAGE(J49,K49) -> 0.011141112
A50: zero_shot_gpt_title_description | B50: =IFERROR(__xludf.DUMMYFUNCTION("FILTER(SemEval_2025_T2!$E$3:$E$132, REGEXMATCH(SemEval_2025_T2!$A$3:$A$132, ""(?i)"" & $B$21 &""_"" & $A50), NOT(REGEXMATCH(SemEval_2025_T2!$A$3:$A$132, ""(?i)complete"")) )"),0.499797384486858) -> 0.49979738 | C50: =IFERROR(__xludf.DUMMYFUNCTION("FILTER(SemEval_2025_T2!$F$3:$F$132, REGEXMATCH(SemEval_2025_T2!$A$3:$A$132, ""(?i)"" & $B$21 &""_"" & $A50), NOT(REGEXMATCH(SemEval_2025_T2!$A$3:$A$132, ""(?i)complete"")) )"),0.275172661886022) -> 0.27517266 | D50: =IFERROR(__xludf.DUMMYFUNCTION("FILTER(SemEval_2025_T2!$E$3:$E$132, REGEXMATCH(SemEval_2025_T2!$A$3:$A$132, ""(?i)"" & $D$21 &""_"" & $A50), NOT(REGEXMATCH(SemEval_2025_T2!$A$3:$A$132, ""(?i)complete"")) )"),0.225635200179937) -> 0.2256352 | E50: =IFERROR(__xludf.DUMMYFUNCTION("FILTER(SemEval_2025_T2!$F$3:$F$132, REGEXMATCH(SemEval_2025_T2!$A$3:$A$132, ""(?i)"" & $D$21 &""_"" & $A50), NOT(REGEXMATCH(SemEval_2025_T2!$A$3:$A$132, ""(?i)complete"")) )"),0.095786284475758) -> 0.095786284 | F50: =IFERROR(__xludf.DUMMYFUNCTION("FILTER(SemEval_2025_T2!$E$3:$E$132, REGEXMATCH(SemEval_2025_T2!$A$3:$A$132, ""(?i)"" & $F$21 &""_"" & $A50), NOT(REGEXMATCH(SemEval_2025_T2!$A$3:$A$132, ""(?i)complete"")) )"),0.283900443416232) -> 0.28390044 | G50: =IFERROR(__xludf.DUMMYFUNCTION("FILTER(SemEval_2025_T2!$F$3:$F$132, REGEXMATCH(SemEval_2025_T2!$A$3:$A$132, ""(?i)"" & $F$21 &""_"" & $A50), NOT(REGEXMATCH(SemEval_2025_T2!$A$3:$A$132, ""(?i)complete"")) )"),0.063735660223716) -> 0.06373566 | H50: =IFERROR(__xludf.DUMMYFUNCTION("FILTER(SemEval_2025_T2!$E$3:$E$132, REGEXMATCH(SemEval_2025_T2!$A$3:$A$132, ""(?i)"" & $H$21 &""_"" & $A50), NOT(REGEXMATCH(SemEval_2025_T2!$A$3:$A$132, ""(?i)complete"")) )"),0.259658161429214) -> 0.25965816 | I50: =IFERROR(__xludf.DUMMYFUNCTION("FILTER(SemEval_2025_T2!$F$3:$F$132, REGEXMATCH(SemEval_2025_T2!$A$3:$A$132, ""(?i)"" & $H$21 &""_"" & $A50), NOT(REGEXMATCH(SemEval_2025_T2!$A$3:$A$132, ""(?i)complete"")) )"),0.026723515261167) -> 0.026723515
A51: delta_gpt_description | B51: =B41-B50 -> 0.038980188 | C51: =C41-C50 -> 0.064555291 | D51: =D41-D50 -> -0.054958865 | E51: =E41-E50 -> -0.0086795947 | F51: =F41-F50 -> 0.074042764 | G51: =G41-G50 -> 0.042797184 | H51: =H41-H50 -> 0.043018132 | I51: =I41-I50 -> 0.017826553 | J51: =AVERAGE(B51,D51,F51,H51) -> 0.025270555 | K51: =AVERAGE(C51,E51,G51,I51) -> 0.029124858 | L51: =AVERAGE(J51,K51) -> 0.027197706
A52: title_description_complete | B52: =IFERROR(__xludf.DUMMYFUNCTION("FILTER(SemEval_2025_T2!$E$3:$E$132, REGEXMATCH(SemEval_2025_T2!$A$3:$A$132, ""(?i)"" & $B$21 &""_"" & $A52) )"),0.493213067926225) -> 0.49321307 | C52: =IFERROR(__xludf.DUMMYFUNCTION("FILTER(SemEval_2025_T2!$F$3:$F$132, REGEXMATCH(SemEval_2025_T2!$A$3:$A$132, ""(?i)"" & $B$21 &""_"" & $A52) )"),0.274709964596806) -> 0.27470996 | D52: =IFERROR(__xludf.DUMMYFUNCTION("FILTER(SemEval_2025_T2!$E$3:$E$132, REGEXMATCH(SemEval_2025_T2!$A$3:$A$132, ""(?i)"" & $D$21 &""_"" & $A52) )"),0.223272228648544) -> 0.22327223 | E52: =IFERROR(__xludf.DUMMYFUNCTION("FILTER(SemEval_2025_T2!$F$3:$F$132, REGEXMATCH(SemEval_2025_T2!$A$3:$A$132, ""(?i)"" & $D$21 &""_"" & $A52) )"),0.054960912389454) -> 0.054960912 | F52: =IFERROR(__xludf.DUMMYFUNCTION("FILTER(SemEval_2025_T2!$E$3:$E$132, REGEXMATCH(SemEval_2025_T2!$A$3:$A$132, ""(?i)"" & $F$21 &""_"" & $A52) )"),0.300439374076216) -> 0.30043937 | G52: =IFERROR(__xludf.DUMMYFUNCTION("FILTER(SemEval_2025_T2!$F$3:$F$132, REGEXMATCH(SemEval_2025_T2!$A$3:$A$132, ""(?i)"" & $F$21 &""_"" & $A52) )"),0.040366798406272) -> 0.040366798 | H52: =IFERROR(__xludf.DUMMYFUNCTION("FILTER(SemEval_2025_T2!$E$3:$E$132, REGEXMATCH(SemEval_2025_T2!$A$3:$A$132, ""(?i)"" & $H$21 &""_"" & $A52) )"),0.180634943127048) -> 0.18063494 | I52: =IFERROR(__xludf.DUMMYFUNCTION("FILTER(SemEval_2025_T2!$F$3:$F$132, REGEXMATCH(SemEval_2025_T2!$A$3:$A$132, ""(?i)"" & $H$21 &""_"" & $A52) )"),0.022100388792494) -> 0.022100389
A53: delta_own_description_comp | B53: =B41-B52 -> 0.045564504 | C53: =C41-C52 -> 0.065017989 | D53: =D41-D52 -> -0.052595894 | E53: =E41-E52 -> 0.032145777 | F53: =F41-F52 -> 0.057503833 | G53: =G41-G52 -> 0.066166046 | H53: =H41-H52 -> 0.12204135 | I53: =I41-I52 -> 0.022449679 | J53: =AVERAGE(B53,D53,F53,H53) -> 0.043128449 | K53: =AVERAGE(C53,E53,G53,I53) -> 0.046444873 | L53: =AVERAGE(J53,K53) -> 0.044786661
A54: zero_shot_gpt_title_description_complete | B54: =IFERROR(__xludf.DUMMYFUNCTION("FILTER(SemEval_2025_T2!$E$3:$E$132, REGEXMATCH(SemEval_2025_T2!$A$3:$A$132, ""(?i)"" & $B$21 &""_"" & $A54) )"),0.506004639804639) -> 0.50600464 | C54: =IFERROR(__xludf.DUMMYFUNCTION("FILTER(SemEval_2025_T2!$F$3:$F$132, REGEXMATCH(SemEval_2025_T2!$A$3:$A$132, ""(?i)"" & $B$21 &""_"" & $A54) )"),0.278838425519599) -> 0.27883843 | D54: =IFERROR(__xludf.DUMMYFUNCTION("FILTER(SemEval_2025_T2!$E$3:$E$132, REGEXMATCH(SemEval_2025_T2!$A$3:$A$132, ""(?i)"" & $D$21 &""_"" & $A54) )"),0.196936048454469) -> 0.19693605 | E54: =IFERROR(__xludf.DUMMYFUNCTION("FILTER(SemEval_2025_T2!$F$3:$F$132, REGEXMATCH(SemEval_2025_T2!$A$3:$A$132, ""(?i)"" & $D$21 &""_"" & $A54) )"),0.063800009931588) -> 0.06380001 | F54: =IFERROR(__xludf.DUMMYFUNCTION("FILTER(SemEval_2025_T2!$E$3:$E$132, REGEXMATCH(SemEval_2025_T2!$A$3:$A$132, ""(?i)"" & $F$21 &""_"" & $A54) )"),0.2725549900392) -> 0.27255499 | G54: =IFERROR(__xludf.DUMMYFUNCTION("FILTER(SemEval_2025_T2!$F$3:$F$132, REGEXMATCH(SemEval_2025_T2!$A$3:$A$132, ""(?i)"" & $F$21 &""_"" & $A54) )"),0.056369605248552) -> 0.056369605 | H54: =IFERROR(__xludf.DUMMYFUNCTION("FILTER(SemEval_2025_T2!$E$3:$E$132, REGEXMATCH(SemEval_2025_T2!$A$3:$A$132, ""(?i)"" & $H$21 &""_"" & $A54) )"),0.247308013623803) -> 0.24730801 | I54: =IFERROR(__xludf.DUMMYFUNCTION("FILTER(SemEval_2025_T2!$F$3:$F$132, REGEXMATCH(SemEval_2025_T2!$A$3:$A$132, ""(?i)"" & $H$21 &""_"" & $A54) )"),0.031142846919162) -> 0.031142847
A55: delta_gpt_description_comp | B55: =B41-B54 -> 0.032772932 | C55: =C41-C54 -> 0.060889528 | D55: =D41-D54 -> -0.026259713 | E55: =E41-E54 -> 0.02330668 | F55: =F41-F54 -> 0.085388217 | G55: =G41-G54 -> 0.050163239 | H55: =H41-H54 -> 0.05536828 | I55: =I41-I54 -> 0.013407221 | J55: =AVERAGE(B55,D55,F55,H55) -> 0.036817429 | K55: =AVERAGE(C55,E55,G55,I55) -> 0.036941667 | L55: =AVERAGE(J55,K55) -> 0.036879548
B56: =AVERAGE(B43,B45,B47,B49,B51,B53,B55) -> 0.032257089 | C56: =AVERAGE(C43,C45,C47,C49,C51,C53,C55) -> 0.050020459 | D56: =AVERAGE(D43,D45,D47,D49,D51,D53,D55) -> -0.065336278 | E56: =AVERAGE(E43,E45,E47,E49,E51,E53,E55) -> -0.0041196366 | F56: =AVERAGE(F43,F45,F47,F49,F51,F53,F55) -> 0.057917124 | G56: =AVERAGE(G43,G45,G47,G49,G51,G53,G55) -> 0.041353769 | H56: =AVERAGE(H43,H45,H47,H49,H51,H53,H55) -> 0.039044872 | I56: =AVERAGE(I43,I45,I47,I49,I51,I53,I55) -> 0.015060435
B57: =AVERAGE(B56,C56) -> 0.041138774 | D57: =AVERAGE(D56,E56) -> -0.034727957 | F57: =AVERAGE(F56,G56) -> 0.049635446 | H57: =AVERAGE(H56,I56) -> 0.027052653
A59: all_in_one | B59: calme | D59: gemma | F59: exaone | H59: granite
A60: no_no | B60: =IFERROR(__xludf.DUMMYFUNCTION("FILTER(SemEval_2025_T2!$C$3:$C$132, REGEXMATCH(SemEval_2025_T2!$A$3:$A$132, ""(?i)"" & $B$21 &""_"" & $A60) )"),0.537594490305016) -> 0.53759449 | C60: =IFERROR(__xludf.DUMMYFUNCTION("FILTER(SemEval_2025_T2!$D$3:$D$132, REGEXMATCH(SemEval_2025_T2!$A$3:$A$132, ""(?i)"" & $B$21 &""_"" & $A60) )"),0.32476797950138) -> 0.32476798 | D60: =IFERROR(__xludf.DUMMYFUNCTION("FILTER(SemEval_2025_T2!$C$3:$C$132, REGEXMATCH(SemEval_2025_T2!$A$3:$A$132, ""(?i)"" & $D$21 &""_"" & $A60) )"),0.107663177173703) -> 0.10766318 | E60: =IFERROR(__xludf.DUMMYFUNCTION("FILTER(SemEval_2025_T2!$D$3:$D$132, REGEXMATCH(SemEval_2025_T2!$A$3:$A$132, ""(?i)"" & $D$21 &""_"" & $A60) )"),0.049053364179679) -> 0.049053364 | F60: =IFERROR(__xludf.DUMMYFUNCTION("FILTER(SemEval_2025_T2!$C$3:$C$132, REGEXMATCH(SemEval_2025_T2!$A$3:$A$132, ""(?i)"" & $F$21 &""_"" & $A60) )"),0.300086787481524) -> 0.30008679 | G60: =IFERROR(__xludf.DUMMYFUNCTION("FILTER(SemEval_2025_T2!$D$3:$D$132, REGEXMATCH(SemEval_2025_T2!$A$3:$A$132, ""(?i)"" & $F$21 &""_"" & $A60) )"),0.093026101855858) -> 0.093026102 | H60: =IFERROR(__xludf.DUMMYFUNCTION("FILTER(SemEval_2025_T2!$C$3:$C$132, REGEXMATCH(SemEval_2025_T2!$A$3:$A$132, ""(?i)"" & $H$21 &""_"" & $A60) )"),0.232173196394249) -> 0.2321732 | I60: =IFERROR(__xludf.DUMMYFUNCTION("FILTER(SemEval_2025_T2!$D$3:$D$132, REGEXMATCH(SemEval_2025_T2!$A$3:$A$132, ""(?i)"" & $H$21 &""_"" & $A60) )"),0.039748113874429) -> 0.039748114
A61: original_original | B61: =IFERROR(__xludf.DUMMYFUNCTION("FILTER(SemEval_2025_T2!$C$3:$C$132, REGEXMATCH(SemEval_2025_T2!$A$3:$A$132, ""(?i)"" & $B$21 &""_"" & $A61) )"),0.509893371248634) -> 0.50989337 | C61: =IFERROR(__xludf.DUMMYFUNCTION("FILTER(SemEval_2025_T2!$D$3:$D$132, REGEXMATCH(SemEval_2025_T2!$A$3:$A$132, ""(?i)"" & $B$21 &""_"" & $A61) )"),0.311016641253483) -> 0.31101664 | D61: =IFERROR(__xludf.DUMMYFUNCTION("FILTER(SemEval_2025_T2!$C$3:$C$132, REGEXMATCH(SemEval_2025_T2!$A$3:$A$132, ""(?i)"" & $D$21 &""_"" & $A61) )"),0.053231630357946) -> 0.05323163 | E61: =IFERROR(__xludf.DUMMYFUNCTION("FILTER(SemEval_2025_T2!$D$3:$D$132, REGEXMATCH(SemEval_2025_T2!$A$3:$A$132, ""(?i)"" & $D$21 &""_"" & $A61) )"),0.026355581260844) -> 0.026355581 | F61: =IFERROR(__xludf.DUMMYFUNCTION("FILTER(SemEval_2025_T2!$C$3:$C$132, REGEXMATCH(SemEval_2025_T2!$A$3:$A$132, ""(?i)"" & $F$21 &""_"" & $A61) )"),0.260835643596169) -> 0.26083564 | G61: =IFERROR(__xludf.DUMMYFUNCTION("FILTER(SemEval_2025_T2!$D$3:$D$132, REGEXMATCH(SemEval_2025_T2!$A$3:$A$132, ""(?i)"" & $F$21 &""_"" & $A61) )"),0.06056911772438) -> 0.060569118 | H61: =IFERROR(__xludf.DUMMYFUNCTION("FILTER(SemEval_2025_T2!$C$3:$C$132, REGEXMATCH(SemEval_2025_T2!$A$3:$A$132, ""(?i)"" & $H$21 &""_"" & $A61) )"),0.230424664224664) -> 0.23042466 | I61: =IFERROR(__xludf.DUMMYFUNCTION("FILTER(SemEval_2025_T2!$D$3:$D$132, REGEXMATCH(SemEval_2025_T2!$A$3:$A$132, ""(?i)"" & $H$21 &""_"" & $A61) )"),0.023545608350264) -> 0.023545608
A62: delta_original | B62: =IF(B61="", "", B$60-B61) -> 0.027701119 | C62: =IF(C61="", "", C$60-C61) -> 0.013751338 | D62: =IF(D61="", "", D$60-D61) -> 0.054431547 | E62: =IF(E61="", "", E$60-E61) -> 0.022697783 | F62: =IF(F61="", "", F$60-F61) -> 0.039251144 | G62: =IF(G61="", "", G$60-G61) -> 0.032456984 | H62: =IF(H61="", "", H$60-H61) -> 0.0017485322 | I62: =IF(I61="", "", I$60-I61) -> 0.016202506 | J62: =AVERAGE(B62,D62,F62,H62) -> 0.030783085 | K62: =AVERAGE(C62,E62,G62,I62) -> 0.021277153 | L62: =AVERAGE(J62,K62) -> 0.026030119
A63: only_title | B63: =IFERROR(__xludf.DUMMYFUNCTION("FILTER(SemEval_2025_T2!$C$3:$C$132, REGEXMATCH(SemEval_2025_T2!$A$3:$A$132, ""(?i)"" & $B$21 &""_"" & $A63) )"),"") | C63: =IFERROR(__xludf.DUMMYFUNCTION("FILTER(SemEval_2025_T2!$D$3:$D$132, REGEXMATCH(SemEval_2025_T2!$A$3:$A$132, ""(?i)"" & $B$21 &""_"" & $A63) )"),"") | D63: =IFERROR(__xludf.DUMMYFUNCTION("FILTER(SemEval_2025_T2!$C$3:$C$132, REGEXMATCH(SemEval_2025_T2!$A$3:$A$132, ""(?i)"" & $D$21 &""_"" & $A63) )"),0.061765240023134) -> 0.06176524 | E63: =IFERROR(__xludf.DUMMYFUNCTION("FILTER(SemEval_2025_T2!$D$3:$D$132, REGEXMATCH(SemEval_2025_T2!$A$3:$A$132, ""(?i)"" & $D$21 &""_"" & $A63) )"),0.029348708309234) -> 0.029348708 | F63: =IFERROR(__xludf.DUMMYFUNCTION("FILTER(SemEval_2025_T2!$C$3:$C$132, REGEXMATCH(SemEval_2025_T2!$A$3:$A$132, ""(?i)"" & $F$21 &""_"" & $A63) )"),0.286909321380373) -> 0.28690932 | G63: =IFERROR(__xludf.DUMMYFUNCTION("FILTER(SemEval_2025_T2!$D$3:$D$132, REGEXMATCH(SemEval_2025_T2!$A$3:$A$132, ""(?i)"" & $F$21 &""_"" & $A63) )"),0.040739516331621) -> 0.040739516 | H63: =IFERROR(__xludf.DUMMYFUNCTION("FILTER(SemEval_2025_T2!$C$3:$C$132, REGEXMATCH(SemEval_2025_T2!$A$3:$A$132, ""(?i)"" & $H$21 &""_"" & $A63) )"),0.255543317209106) -> 0.25554332 | I63: =IFERROR(__xludf.DUMMYFUNCTION("FILTER(SemEval_2025_T2!$D$3:$D$132, REGEXMATCH(SemEval_2025_T2!$A$3:$A$132, ""(?i)"" & $H$21 &""_"" & $A63) )"),0.040019142778049) -> 0.040019143
A64: delta_own_title | B64: =IF(B63="", "", B$60-B63) | C64: =IF(C63="", "", C$60-C63) | D64: =IF(D63="", "", D$60-D63) -> 0.045897937 | E64: =IF(E63="", "", E$60-E63) -> 0.019704656 | F64: =IF(F63="", "", F$60-F63) -> 0.013177466 | G64: =IF(G63="", "", G$60-G63) -> 0.052286586 | H64: =IF(H63="", "", H$60-H63) -> -0.023370121 | I64: =IF(I63="", "", I$60-I63) -> -0.0002710289 | J64: =AVERAGE(B64,D64,F64,H64) -> 0.011901761 | K64: =AVERAGE(C64,E64,G64,I64) -> 0.023906738 | L64: =AVERAGE(J64,K64) -> 0.017904249
A65: zero_shot_gpt_only_title | B65: =IFERROR(__xludf.DUMMYFUNCTION("FILTER(SemEval_2025_T2!$C$3:$C$132, REGEXMATCH(SemEval_2025_T2!$A$3:$A$132, ""(?i)"" & $B$21 &""_"" & $A65) )"),"") | C65: =IFERROR(__xludf.DUMMYFUNCTION("FILTER(SemEval_2025_T2!$D$3:$D$132, REGEXMATCH(SemEval_2025_T2!$A$3:$A$132, ""(?i)"" & $B$21 &""_"" & $A65) )"),"") | D65: =IFERROR(__xludf.DUMMYFUNCTION("FILTER(SemEval_2025_T2!$C$3:$C$132, REGEXMATCH(SemEval_2025_T2!$A$3:$A$132, ""(?i)"" & $D$21 &""_"" & $A65) )"),0.037621149026412) -> 0.037621149 | E65: =IFERROR(__xludf.DUMMYFUNCTION("FILTER(SemEval_2025_T2!$D$3:$D$132, REGEXMATCH(SemEval_2025_T2!$A$3:$A$132, ""(?i)"" & $D$21 &""_"" & $A65) )"),0.018537574705995) -> 0.018537575 | F65: =IFERROR(__xludf.DUMMYFUNCTION("FILTER(SemEval_2025_T2!$C$3:$C$132, REGEXMATCH(SemEval_2025_T2!$A$3:$A$132, ""(?i)"" & $F$21 &""_"" & $A65) )"),0.281565625602467) -> 0.28156563 | G65: =IFERROR(__xludf.DUMMYFUNCTION("FILTER(SemEval_2025_T2!$D$3:$D$132, REGEXMATCH(SemEval_2025_T2!$A$3:$A$132, ""(?i)"" & $F$21 &""_"" & $A65) )"),0.036163580571475) -> 0.036163581 | H65: =IFERROR(__xludf.DUMMYFUNCTION("FILTER(SemEval_2025_T2!$C$3:$C$132, REGEXMATCH(SemEval_2025_T2!$A$3:$A$132, ""(?i)"" & $H$21 &""_"" & $A65) )"),0.264778645331276) -> 0.26477865 | I65: =IFERROR(__xludf.DUMMYFUNCTION("FILTER(SemEval_2025_T2!$D$3:$D$132, REGEXMATCH(SemEval_2025_T2!$A$3:$A$132, ""(?i)"" & $H$21 &""_"" & $A65) )"),0.056234737192631) -> 0.056234737
A66: delta_gpt_title | B66: =IF(B65="", "", B$60-B65) | C66: =IF(C65="", "", C$60-C65) | D66: =IF(D65="", "", D$60-D65) -> 0.070042028 | E66: =IF(E65="", "", E$60-E65) -> 0.030515789 | F66: =IF(F65="", "", F$60-F65) -> 0.018521162 | G66: =IF(G65="", "", G$60-G65) -> 0.056862521 | H66: =IF(H65="", "", H$60-H65) -> -0.032605449 | I66: =IF(I65="", "", I$60-I65) -> -0.016486623 | J66: =AVERAGE(B66,D66,F66,H66) -> 0.01865258 | K66: =AVERAGE(C66,E66,G66,I66) -> 0.023630562 | L66: =AVERAGE(J66,K66) -> 0.021141571
A67: title_description | B67: =IFERROR(__xludf.DUMMYFUNCTION("FILTER(SemEval_2025_T2!$C$3:$C$132, REGEXMATCH(SemEval_2025_T2!$A$3:$A$132, ""(?i)"" & $B$21 &""_"" & $A67), NOT(REGEXMATCH(SemEval_2025_T2!$A$3:$A$132, ""(?i)complete"")) )"),"") | C67: =IFERROR(__xludf.DUMMYFUNCTION("FILTER(SemEval_2025_T2!$D$3:$D$132, REGEXMATCH(SemEval_2025_T2!$A$3:$A$132, ""(?i)"" & $B$21 &""_"" & $A67), NOT(REGEXMATCH(SemEval_2025_T2!$A$3:$A$132, ""(?i)complete"")) )"),"") | D67: =IFERROR(__xludf.DUMMYFUNCTION("FILTER(SemEval_2025_T2!$C$3:$C$132, REGEXMATCH(SemEval_2025_T2!$A$3:$A$132, ""(?i)"" & $D$21 &""_"" & $A67), NOT(REGEXMATCH(SemEval_2025_T2!$A$3:$A$132, ""(?i)complete"")) )"),0.043328475033738) -> 0.043328475 | E67: =IFERROR(__xludf.DUMMYFUNCTION("FILTER(SemEval_2025_T2!$D$3:$D$132, REGEXMATCH(SemEval_2025_T2!$A$3:$A$132, ""(?i)"" & $D$21 &""_"" & $A67), NOT(REGEXMATCH(SemEval_2025_T2!$A$3:$A$132, ""(?i)complete"")) )"),0.02139393997815) -> 0.02139394 | F67: =IFERROR(__xludf.DUMMYFUNCTION("FILTER(SemEval_2025_T2!$C$3:$C$132, REGEXMATCH(SemEval_2025_T2!$A$3:$A$132, ""(?i)"" & $F$21 &""_"" & $A67), NOT(REGEXMATCH(SemEval_2025_T2!$A$3:$A$132, ""(?i)complete"")) )"),0.273295328063749) -> 0.27329533 | G67: =IFERROR(__xludf.DUMMYFUNCTION("FILTER(SemEval_2025_T2!$D$3:$D$132, REGEXMATCH(SemEval_2025_T2!$A$3:$A$132, ""(?i)"" & $F$21 &""_"" & $A67), NOT(REGEXMATCH(SemEval_2025_T2!$A$3:$A$132, ""(?i)complete"")) )"),0.051847278160436) -> 0.051847278 | H67: =IFERROR(__xludf.DUMMYFUNCTION("FILTER(SemEval_2025_T2!$C$3:$C$132, REGEXMATCH(SemEval_2025_T2!$A$3:$A$132, ""(?i)"" & $H$21 &""_"" & $A67), NOT(REGEXMATCH(SemEval_2025_T2!$A$3:$A$132, ""(?i)complete"")) )"),0.282041790373369) -> 0.28204179 | I67: =IFERROR(__xludf.DUMMYFUNCTION("FILTER(SemEval_2025_T2!$D$3:$D$132, REGEXMATCH(SemEval_2025_T2!$A$3:$A$132, ""(?i)"" & $H$21 &""_"" & $A67), NOT(REGEXMATCH(SemEval_2025_T2!$A$3:$A$132, ""(?i)complete"")) )"),0.020204459867617) -> 0.02020446
A68: delta_own_description | B68: =IF(B67="", "", B$60-B67) | C68: =IF(C67="", "", C$60-C67) | D68: =IF(D67="", "", D$60-D67) -> 0.064334702 | E68: =IF(E67="", "", E$60-E67) -> 0.027659424 | F68: =IF(F67="", "", F$60-F67) -> 0.026791459 | G68: =IF(G67="", "", G$60-G67) -> 0.041178824 | H68: =IF(H67="", "", H$60-H67) -> -0.049868594 | I68: =IF(I67="", "", I$60-I67) -> 0.019543654 | J68: =AVERAGE(B68,D68,F68,H68) -> 0.013752523 | K68: =AVERAGE(C68,E68,G68,I68) -> 0.029460634 | L68: =AVERAGE(J68,K68) -> 0.021606578
A69: zero_shot_gpt_title_description | B69: =IFERROR(__xludf.DUMMYFUNCTION("FILTER(SemEval_2025_T2!$C$3:$C$132, REGEXMATCH(SemEval_2025_T2!$A$3:$A$132, ""(?i)"" & $B$21 &""_"" & $A69), NOT(REGEXMATCH(SemEval_2025_T2!$A$3:$A$132, ""(?i)complete"")) )"),"") | C69: =IFERROR(__xludf.DUMMYFUNCTION("FILTER(SemEval_2025_T2!$D$3:$D$132, REGEXMATCH(SemEval_2025_T2!$A$3:$A$132, ""(?i)"" & $B$21 &""_"" & $A69), NOT(REGEXMATCH(SemEval_2025_T2!$A$3:$A$132, ""(?i)complete"")) )"),"") | D69: =IFERROR(__xludf.DUMMYFUNCTION("FILTER(SemEval_2025_T2!$C$3:$C$132, REGEXMATCH(SemEval_2025_T2!$A$3:$A$132, ""(?i)"" & $D$21 &""_"" & $A69), NOT(REGEXMATCH(SemEval_2025_T2!$A$3:$A$132, ""(?i)complete"")) )"),0.047214796606901) -> 0.047214797 | E69: =IFERROR(__xludf.DUMMYFUNCTION("FILTER(SemEval_2025_T2!$D$3:$D$132, REGEXMATCH(SemEval_2025_T2!$A$3:$A$132, ""(?i)"" & $D$21 &""_"" & $A69), NOT(REGEXMATCH(SemEval_2025_T2!$A$3:$A$132, ""(?i)complete"")) )"),0.021408588779641) -> 0.021408589 | F69: =IFERROR(__xludf.DUMMYFUNCTION("FILTER(SemEval_2025_T2!$C$3:$C$132, REGEXMATCH(SemEval_2025_T2!$A$3:$A$132, ""(?i)"" & $F$21 &""_"" & $A69), NOT(REGEXMATCH(SemEval_2025_T2!$A$3:$A$132, ""(?i)complete"")) )"),0.273765442452284) -> 0.27376544 | G69: =IFERROR(__xludf.DUMMYFUNCTION("FILTER(SemEval_2025_T2!$D$3:$D$132, REGEXMATCH(SemEval_2025_T2!$A$3:$A$132, ""(?i)"" & $F$21 &""_"" & $A69), NOT(REGEXMATCH(SemEval_2025_T2!$A$3:$A$132, ""(?i)complete"")) )"),0.039897929555824) -> 0.03989793 | H69: =IFERROR(__xludf.DUMMYFUNCTION("FILTER(SemEval_2025_T2!$C$3:$C$132, REGEXMATCH(SemEval_2025_T2!$A$3:$A$132, ""(?i)"" & $H$21 &""_"" & $A69), NOT(REGEXMATCH(SemEval_2025_T2!$A$3:$A$132, ""(?i)complete"")) )"),0.256708971145813) -> 0.25670897 | I69: =IFERROR(__xludf.DUMMYFUNCTION("FILTER(SemEval_2025_T2!$D$3:$D$132, REGEXMATCH(SemEval_2025_T2!$A$3:$A$132, ""(?i)"" & $H$21 &""_"" & $A69), NOT(REGEXMATCH(SemEval_2025_T2!$A$3:$A$132, ""(?i)complete"")) )"),0.044635044959538) -> 0.044635045
A70: delta_gpt_description | B70: =IF(B69="", "", B$60-B69) | C70: =IF(C69="", "", C$60-C69) | D70: =IF(D69="", "", D$60-D69) -> 0.060448381 | E70: =IF(E69="", "", E$60-E69) -> 0.027644775 | F70: =IF(F69="", "", F$60-F69) -> 0.026321345 | G70: =IF(G69="", "", G$60-G69) -> 0.053128172 | H70: =IF(H69="", "", H$60-H69) -> -0.024535775 | I70: =IF(I69="", "", I$60-I69) -> -0.0048869311 | J70: =AVERAGE(B70,D70,F70,H70) -> 0.02074465 | K70: =AVERAGE(C70,E70,G70,I70) -> 0.025295339 | L70: =AVERAGE(J70,K70) -> 0.023019995
A71: title_description_complete | B71: =IFERROR(__xludf.DUMMYFUNCTION("FILTER(SemEval_2025_T2!$C$3:$C$132, REGEXMATCH(SemEval_2025_T2!$A$3:$A$132, ""(?i)"" & $B$21 &""_"" & $A71) )"),"") | C71: =IFERROR(__xludf.DUMMYFUNCTION("FILTER(SemEval_2025_T2!$D$3:$D$132, REGEXMATCH(SemEval_2025_T2!$A$3:$A$132, ""(?i)"" & $B$21 &""_"" & $A71) )"),"") | D71: =IFERROR(__xludf.DUMMYFUNCTION("FILTER(SemEval_2025_T2!$C$3:$C$132, REGEXMATCH(SemEval_2025_T2!$A$3:$A$132, ""(?i)"" & $D$21 &""_"" & $A71) )"),"") | E71: =IFERROR(__xludf.DUMMYFUNCTION("FILTER(SemEval_2025_T2!$D$3:$D$132, REGEXMATCH(SemEval_2025_T2!$A$3:$A$132, ""(?i)"" & $D$21 &""_"" & $A71) )"),"") | F71: =IFERROR(__xludf.DUMMYFUNCTION("FILTER(SemEval_2025_T2!$C$3:$C$132, REGEXMATCH(SemEval_2025_T2!$A$3:$A$132, ""(?i)"" & $F$21 &""_"" & $A71) )"),"") | G71: =IFERROR(__xludf.DUMMYFUNCTION("FILTER(SemEval_2025_T2!$D$3:$D$132, REGEXMATCH(SemEval_2025_T2!$A$3:$A$132, ""(?i)"" & $F$21 &""_"" & $A71) )"),"") | H71: =IFERROR(__xludf.DUMMYFUNCTION("FILTER(SemEval_2025_T2!$C$3:$C$132, REGEXMATCH(SemEval_2025_T2!$A$3:$A$132, ""(?i)"" & $H$21 &""_"" & $A71) )"),0.171234207313154) -> 0.17123421 | I71: =IFERROR(__xludf.DUMMYFUNCTION("FILTER(SemEval_2025_T2!$D$3:$D$132, REGEXMATCH(SemEval_2025_T2!$A$3:$A$132, ""(?i)"" & $H$21 &""_"" & $A71) )"),0.035726314913157) -> 0.035726315
A72: delta_own_description_comp | B72: =IF(B71="", "", B$60-B71) | C72: =IF(C71="", "", C$60-C71) | D72: =IF(D71="", "", D$60-D71) | E72: =IF(E71="", "", E$60-E71) | F72: =IF(F71="", "", F$60-F71) | G72: =IF(G71="", "", G$60-G71) | H72: =IF(H71="", "", H$60-H71) -> 0.060938989 | I72: =IF(I71="", "", I$60-I71) -> 0.004021799
A73: zero_shot_gpt_title_description_complete | B73: =IFERROR(__xludf.DUMMYFUNCTION("FILTER(SemEval_2025_T2!$C$3:$C$132, REGEXMATCH(SemEval_2025_T2!$A$3:$A$132, ""(?i)"" & $B$21 &""_"" & $A73) )"),"") | C73: =IFERROR(__xludf.DUMMYFUNCTION("FILTER(SemEval_2025_T2!$D$3:$D$132, REGEXMATCH(SemEval_2025_T2!$A$3:$A$132, ""(?i)"" & $B$21 &""_"" & $A73) )"),"") | D73: =IFERROR(__xludf.DUMMYFUNCTION("FILTER(SemEval_2025_T2!$C$3:$C$132, REGEXMATCH(SemEval_2025_T2!$A$3:$A$132, ""(?i)"" & $D$21 &""_"" & $A73) )"),"") | E73: =IFERROR(__xludf.DUMMYFUNCTION("FILTER(SemEval_2025_T2!$D$3:$D$132, REGEXMATCH(SemEval_2025_T2!$A$3:$A$132, ""(?i)"" & $D$21 &""_"" & $A73) )"),"") | F73: =IFERROR(__xludf.DUMMYFUNCTION("FILTER(SemEval_2025_T2!$C$3:$C$132, REGEXMATCH(SemEval_2025_T2!$A$3:$A$132, ""(?i)"" & $F$21 &""_"" & $A73) )"),"") | G73: =IFERROR(__xludf.DUMMYFUNCTION("FILTER(SemEval_2025_T2!$D$3:$D$132, REGEXMATCH(SemEval_2025_T2!$A$3:$A$132, ""(?i)"" & $F$21 &""_"" & $A73) )"),"") | H73: =IFERROR(__xludf.DUMMYFUNCTION("FILTER(SemEval_2025_T2!$C$3:$C$132, REGEXMATCH(SemEval_2025_T2!$A$3:$A$132, ""(?i)"" & $H$21 &""_"" & $A73) )"),0.228446018893387) -> 0.22844602 | I73: =IFERROR(__xludf.DUMMYFUNCTION("FILTER(SemEval_2025_T2!$D$3:$D$132, REGEXMATCH(SemEval_2025_T2!$A$3:$A$132, ""(?i)"" & $H$21 &""_"" & $A73) )"),0.030942465137201) -> 0.030942465
A74: delta_gpt_description_comp | B74: =IF(B73="", "", B$60-B73) | C74: =IF(C73="", "", C$60-C73) | D74: =IF(D73="", "", D$60-D73) | E74: =IF(E73="", "", E$60-E73) | F74: =IF(F73="", "", F$60-F73) | G74: =IF(G73="", "", G$60-G73) | H74: =IF(H73="", "", H$60-H73) -> 0.0037271775 | I74: =IF(I73="", "", I$60-I73) -> 0.0088056487
B75: =AVERAGE(B62,B64,B66,B68,B70,B72,B74) -> 0.027701119 | C75: =AVERAGE(C62,C64,C66,C68,C70,C72,C74) -> 0.013751338 | D75: =AVERAGE(D62,D64,D66,D68,D70,D72,D74) -> 0.059030919 | E75: =AVERAGE(E62,E64,E66,E68,E70,E72,E74) -> 0.025644486 | F75: =AVERAGE(F62,F64,F66,F68,F70,F72,F74) -> 0.024812515 | G75: =AVERAGE(G62,G64,G66,G68,G70,G72,G74) -> 0.047182617 | H75: =AVERAGE(H62,H64,H66,H68,H70,H72,H74) -> -0.0091378914 | I75: =AVERAGE(I62,I64,I66,I68,I70,I72,I74) -> 0.0038470034
B76: =AVERAGE(B75,C75) -> 0.020726229 | D76: =AVERAGE(D75,E75) -> 0.042337702 | F76: =AVERAGE(F75,G75) -> 0.035997566 | H76: =AVERAGE(H75,I75) -> -0.002645444
H80: 2.96

Sheet RQ3
A1: RQ3 | B1: Is it better to use self-description or a more powerful model description, such as GPT?
B2: calme | D2: gemma | F2: exaone | H2: granite
A3: own_title | B3: 0.62104028 | C3: 0.57135865 | D3: 0.57620876 | E3: 0.53127474 | F3: 0.50615005 | G3: 0.48369786 | H3: 0.28612936 | I3: 0.29837198
A4: gpt_title | B4: 0.60850052 | C4: 0.5657273 | D4: 0.58392764 | E4: 0.52371255 | F4: 0.52490271 | G4: 0.49073266 | H4: 0.26728957 | I4: 0.29786582
A5: delta_title | B5: =B3-B4 -> 0.012539758 | C5: =C3-C4 -> 0.0056313539 | D5: =D3-D4 -> -0.0077188804 | E5: =E3-E4 -> 0.0075621934 | F5: =F3-F4 -> -0.018752653 | G5: =G3-G4 -> -0.0070347938 | H5: =H3-H4 -> 0.018839788 | I5: =I3-I4 -> 0.00050615807 | J5: =AVERAGE(B5:I5) -> 0.0014466154
A6: own_description | B6: 0.63178746 | C6: 0.61821604 | D6: 0.58643967 | E6: 0.56989518 | F6: 0.54625847 | G6: 0.512013 | H6: 0.28893866 | I6: 0.32951262
A7: gpt_description | B7: 0.64031766 | C7: 0.61354666 | D7: 0.61375084 | E7: 0.57868192 | F7: 0.54576374 | G7: 0.52426299 | H7: 0.28483873 | I7: 0.30077244
A8: delta_desc | B8: =B6-B7 -> -0.0085301992 | C8: =C6-C7 -> 0.0046693864 | D8: =D6-D7 -> -0.027311173 | E8: =E6-E7 -> -0.0087867349 | F8: =F6-F7 -> 0.00049472427 | G8: =G6-G7 -> -0.012249994 | H8: =H6-H7 -> 0.0040999296 | I8: =I6-I7 -> 0.028740173 | J8: =AVERAGE(B8:I8) -> -0.0023592359
A9: own_description_complete | B9: 0.63235516 | C9: 0.60622583 | D9: 0.53509022 | E9: 0.47775037 | F9: 0.45744223 | G9: 0.42746225 | H9: 0.24536766 | I9: 0.28265479
A10: gpt_description_complete | B10: 0.62662063 | C10: 0.60480106 | D10: 0.2747486 | E10: 0.38017781 | F10: 0.48459392 | G10: 0.43779714 | H10: 0.22062094 | I10: 0.27170561
A11: delta_compl | B11: =B9-B10 -> 0.0057345291 | C11: =C9-C10 -> 0.0014247664 | D11: =D9-D10 -> 0.26034162 | E11: =E9-E10 -> 0.097572563 | F11: =F9-F10 -> -0.027151686 | G11: =G9-G10 -> -0.010334887 | H11: =H9-H10 -> 0.024746715 | I11: =I9-I10 -> 0.01094918 | J11: =AVERAGE(B11:I11) -> 0.04541035
J12: =AVERAGE(B11,C11,F11,G11,H11,I11) -> 0.00089476974
J13: =AVERAGE(D11:E11) -> 0.17895709
A15: 3_steps_narr | B15: calme | C15: gemma | D15: exaone | E15: granite | H15: 3_steps_subnarr | I15: calme | J15: gemma | K15: exaone | L15: granite
A16: own_title | B16: =IFERROR(__xludf.DUMMYFUNCTION("FILTER(SemEval_2025_T2!$G$4:$G$100, REGEXMATCH(SemEval_2025_T2!$A$4:$A$100, ""(?i)"" & B$15 & ""_only_title"") )"),0.443146947744113) -> 0.44314695 | C16: =IFERROR(__xludf.DUMMYFUNCTION("FILTER(SemEval_2025_T2!$G$4:$G$100, REGEXMATCH(SemEval_2025_T2!$A$4:$A$100, ""(?i)"" & C$15 & ""_only_title"") )"),0.183951176893282) -> 0.18395118 | D16: =IFERROR(__xludf.DUMMYFUNCTION("FILTER(SemEval_2025_T2!$G$4:$G$100, REGEXMATCH(SemEval_2025_T2!$A$4:$A$100, ""(?i)"" & D$15 & ""_only_title"") )"),0.322483844225949) -> 0.32248384 | E16: =IFERROR(__xludf.DUMMYFUNCTION("FILTER(SemEval_2025_T2!$G$4:$G$100, REGEXMATCH(SemEval_2025_T2!$A$4:$A$100, ""(?i)"" & E$15 & ""_only_title"") )"),"#N/A") -> #N/A | H16: own_title | I16: =IFERROR(__xludf.DUMMYFUNCTION("FILTER(SemEval_2025_T2!$G$4:$G$100, REGEXMATCH(SemEval_2025_T2!$A$4:$A$100, ""(?i)"" & I$15 & ""_only_title"") )"),0.443146947744113) -> 0.44314695 | J16: =IFERROR(__xludf.DUMMYFUNCTION("FILTER(SemEval_2025_T2!$H$4:$H$100, REGEXMATCH(SemEval_2025_T2!$A$4:$A$100, ""(?i)"" & J$15 & ""_only_title"") )"),0.076478375942546) -> 0.076478376 | K16: =IFERROR(__xludf.DUMMYFUNCTION("FILTER(SemEval_2025_T2!$H$4:$H$100, REGEXMATCH(SemEval_2025_T2!$A$4:$A$100, ""(?i)"" & K$15 & ""_only_title"") )"),0.137031714619164) -> 0.13703171 | L16: =IFERROR(__xludf.DUMMYFUNCTION("FILTER(SemEval_2025_T2!$H$4:$H$100, REGEXMATCH(SemEval_2025_T2!$A$4:$A$100, ""(?i)"" & L$15 & ""_only_title"") )"),"#N/A") -> #N/A
