Workbook

Sheet RQ1
A1: RQ1 | B1: Are narrative titles enough or models benefit from an extended narrative description? | M1: ALL
A2: dipro | B2: calme | D2: gemma | F2: exaone | H2: granite | L2: Number of models better than no_no | O2: =COUNTIF(B5:I5,"<0") + COUNTIF(B7:I7,"<0") + COUNTIF(B9:I9,"<0") + COUNTIF(B11:I11,"<0") + COUNTIF(B13:I13,"<0") + COUNTIF(B15:I15,"<0") + COUNTIF(B17:I17,"<0") + COUNTIF(B24:I24,"<0") + COUNTIF(B26:I26,"<0") + COUNTIF(B28:I28,"<0") + COUNTIF(B30:I30,"<0") + COUNTIF(B32:I32,"<0") + COUNTIF(B34:I34,"<0") + COUNTIF(B36:I36,"<0") + COUNTIF(B43:I43,"<0") + COUNTIF(B45:I45,"<0") + COUNTIF(B47:I47,"<0") + COUNTIF(B49:I49,"<0") + COUNTIF(B51:I51,"<0") + COUNTIF(B53:I53,"<0") + COUNTIF(B55:I55,"<0") + COUNTIF(B62:I62,"<0") + COUNTIF(B64:I64,"<0") + COUNTIF(B66:I66,"<0") + COUNTIF(B68:I68,"<0") + COUNTIF(B69:I69,"<0") + COUNTIF(B70:I70,"<0") + COUNTIF(B72:I72,"<0") + COUNTIF(B74:I74,"<0") -> 62
A3: no_no | B3: =IFERROR(__xludf.DUMMYFUNCTION("FILTER(Dipromats!C$3:C$101, REGEXMATCH(Dipromats!$A$3:$A$101, ""(?i)"" & $A3) )"),0.634504615288617) -> 0.63450462 | C3: =IFERROR(__xludf.DUMMYFUNCTION("FILTER(Dipromats!D$3:D$101, REGEXMATCH(Dipromats!$A$3:$A$101, ""(?i)"" & $A3) )"),0.583394320061881) -> 0.58339432 | D3: =IFERROR(__xludf.DUMMYFUNCTION("FILTER(Dipromats!E$3:E$101, REGEXMATCH(Dipromats!$A$3:$A$101, ""(?i)"" & $A3) )"),0.612546907727468) -> 0.61254691 | E3: =IFERROR(__xludf.DUMMYFUNCTION("FILTER(Dipromats!F$3:F$101, REGEXMATCH(Dipromats!$A$3:$A$101, ""(?i)"" & $A3) )"),0.564694414756619) -> 0.56469441 | F3: =IFERROR(__xludf.DUMMYFUNCTION("FILTER(Dipromats!G$3:G$101, REGEXMATCH(Dipromats!$A$3:$A$101, ""(?i)"" & $A3) )"),0.551936514723647) -> 0.55193651 | G3: =IFERROR(__xludf.DUMMYFUNCTION("FILTER(Dipromats!H$3:H$101, REGEXMATCH(Dipromats!$A$3:$A$101, ""(?i)"" & $A3) )"),0.498994997427713) -> 0.498995 | H3: =IFERROR(__xludf.DUMMYFUNCTION("FILTER(Dipromats!I$3:I$101, REGEXMATCH(Dipromats!$A$3:$A$101, ""(?i)"" & $A3) )"),0.333605146281453) -> 0.33360515 | I3: =IFERROR(__xludf.DUMMYFUNCTION("FILTER(Dipromats!J$3:J$101, REGEXMATCH(Dipromats!$A$3:$A$101, ""(?i)"" & $A3) )"),0.367508834746624) -> 0.36750883 | L3: Number of models worse than no_no | O3: =COUNTIF(B5:I5,">0") + COUNTIF(B7:I7,">0") + COUNTIF(B9:I9,">0") + COUNTIF(B11:I11,">0") + COUNTIF(B13:I13,">0") + COUNTIF(B15:I15,">0") + COUNTIF(B17:I17,">0") + COUNTIF(B24:I24,">0") + COUNTIF(B26:I26,">0") + COUNTIF(B28:I28,">0") + COUNTIF(B30:I30,">0") + COUNTIF(B32:I32,">0") + COUNTIF(B34:I34,">0") + COUNTIF(B36:I36,">0") + COUNTIF(B43:I43,">0") + COUNTIF(B45:I45,">0") + COUNTIF(B47:I47,">0") + COUNTIF(B49:I49,">0") + COUNTIF(B51:I51,">0") + COUNTIF(B53:I53,">0") + COUNTIF(B55:I55,">0") + COUNTIF(B62:I62,">0") + COUNTIF(B64:I64,">0") + COUNTIF(B66:I66,">0") + COUNTIF(B68:I68,">0") + COUNTIF(B69:I69,">0") + COUNTIF(B70:I70,">0") + COUNTIF(B72:I72,">0") + COUNTIF(B74:I74,">0") -> 156
A4: original_original | B4: =IFERROR(__xludf.DUMMYFUNCTION("FILTER(Dipromats!C$3:C$101, REGEXMATCH(Dipromats!$A$3:$A$101, ""(?i)"" & $A4) )"),0.638654812715595) -> 0.63865481 | C4: =IFERROR(__xludf.DUMMYFUNCTION("FILTER(Dipromats!D$3:D$101, REGEXMATCH(Dipromats!$A$3:$A$101, ""(?i)"" & $A4) )"),0.613462791622532) -> 0.61346279 | D4: =IFERROR(__xludf.DUMMYFUNCTION("FILTER(Dipromats!E$3:E$101, REGEXMATCH(Dipromats!$A$3:$A$101, ""(?i)"" & $A4) )"),0.624175131263906) -> 0.62417513 | E4: =IFERROR(__xludf.DUMMYFUNCTION("FILTER(Dipromats!F$3:F$101, REGEXMATCH(Dipromats!$A$3:$A$101, ""(?i)"" & $A4) )"),0.593223331315557) -> 0.59322333 | F4: =IFERROR(__xludf.DUMMYFUNCTION("FILTER(Dipromats!G$3:G$101, REGEXMATCH(Dipromats!$A$3:$A$101, ""(?i)"" & $A4) )"),0.572478446675392) -> 0.57247845 | G4: =IFERROR(__xludf.DUMMYFUNCTION("FILTER(Dipromats!H$3:H$101, REGEXMATCH(Dipromats!$A$3:$A$101, ""(?i)"" & $A4) )"),0.534765902917699) -> 0.5347659 | H4: =IFERROR(__xludf.DUMMYFUNCTION("FILTER(Dipromats!I$3:I$101, REGEXMATCH(Dipromats!$A$3:$A$101, ""(?i)"" & $A4) )"),0.335225441305954) -> 0.33522544 | I4: =IFERROR(__xludf.DUMMYFUNCTION("FILTER(Dipromats!J$3:J$101, REGEXMATCH(Dipromats!$A$3:$A$101, ""(?i)"" & $A4) )"),0.352567599779278) -> 0.3525676 | L4: Percentage of better models | O4: =100*O2/(O3+O2) -> 28.440367
A5: delta_original | B5: =B3-B4 -> -0.0041501974 | C5: =C3-C4 -> -0.030068472 | D5: =D3-D4 -> -0.011628224 | E5: =E3-E4 -> -0.028528917 | F5: =F3-F4 -> -0.020541932 | G5: =G3-G4 -> -0.035770905 | H5: =H3-H4 -> -0.001620295 | I5: =I3-I4 -> 0.014941235 | J5: =AVERAGE(B5:I5) -> -0.014670963 | L5: Percentage of worst models | O5: =100*O3/(O2+O3) -> 71.559633
A6: own_title | B6: =IFERROR(__xludf.DUMMYFUNCTION("FILTER(Dipromats!C$3:C$101, REGEXMATCH(Dipromats!$A$3:$A$101, ""(?i)"" & $A6) )"),0.621040280030557) -> 0.62104028 | C6: =IFERROR(__xludf.DUMMYFUNCTION("FILTER(Dipromats!D$3:D$101, REGEXMATCH(Dipromats!$A$3:$A$101, ""(?i)"" & $A6) )"),0.571358654012934) -> 0.57135865 | D6: =IFERROR(__xludf.DUMMYFUNCTION("FILTER(Dipromats!E$3:E$101, REGEXMATCH(Dipromats!$A$3:$A$101, ""(?i)"" & $A6) )"),0.57620875615112) -> 0.57620876 | E6: =IFERROR(__xludf.DUMMYFUNCTION("FILTER(Dipromats!F$3:F$101, REGEXMATCH(Dipromats!$A$3:$A$101, ""(?i)"" & $A6) )"),0.531274741257453) -> 0.53127474 | F6: =IFERROR(__xludf.DUMMYFUNCTION("FILTER(Dipromats!G$3:G$101, REGEXMATCH(Dipromats!$A$3:$A$101, ""(?i)"" & $A6) )"),0.506150051999198) -> 0.50615005 | G6: =IFERROR(__xludf.DUMMYFUNCTION("FILTER(Dipromats!H$3:H$101, REGEXMATCH(Dipromats!$A$3:$A$101, ""(?i)"" & $A6) )"),0.483697863941618) -> 0.48369786 | H6: =IFERROR(__xludf.DUMMYFUNCTION("FILTER(Dipromats!I$3:I$101, REGEXMATCH(Dipromats!$A$3:$A$101, ""(?i)"" & $A6) )"),0.286129356930116) -> 0.28612936 | I6: =IFERROR(__xludf.DUMMYFUNCTION("FILTER(Dipromats!J$3:J$101, REGEXMATCH(Dipromats!$A$3:$A$101, ""(?i)"" & $A6) )"),0.29837198245895) -> 0.29837198 | M6: ONLY original_original
A7: delta_own_title | B7: =B3-B6 -> 0.013464335 | C7: =C3-C6 -> 0.012035666 | D7: =D3-D6 -> 0.036338152 | E7: =E3-E6 -> 0.033419673 | F7: =F3-F6 -> 0.045786463 | G7: =G3-G6 -> 0.015297133 | H7: =H3-H6 -> 0.047475789 | I7: =I3-I6 -> 0.069136852 | J7: =AVERAGE(B7:I7) -> 0.034119258 | L7: Number of models better than no_no | O7: =COUNTIF(B5:I5,"<0") + COUNTIF(B24:I24,"<0") + COUNTIF(B43:I43,"<0") + COUNTIF(B62:I62,"<0") -> 18
A8: gpt_title | B8: =IFERROR(__xludf.DUMMYFUNCTION("FILTER(Dipromats!C$3:C$101, REGEXMATCH(Dipromats!$A$3:$A$101, ""(?i)"" & $A8) )"),0.608500522443986) -> 0.60850052 | C8: =IFERROR(__xludf.DUMMYFUNCTION("FILTER(Dipromats!D$3:D$101, REGEXMATCH(Dipromats!$A$3:$A$101, ""(?i)"" & $A8) )"),0.565727300132339) -> 0.5657273 | D8: =IFERROR(__xludf.DUMMYFUNCTION("FILTER(Dipromats!E$3:E$101, REGEXMATCH(Dipromats!$A$3:$A$101, ""(?i)"" & $A8) )"),0.583927636565709) -> 0.58392764 | E8: =IFERROR(__xludf.DUMMYFUNCTION("FILTER(Dipromats!F$3:F$101, REGEXMATCH(Dipromats!$A$3:$A$101, ""(?i)"" & $A8) )"),0.523712547832867) -> 0.52371255 | F8: =IFERROR(__xludf.DUMMYFUNCTION("FILTER(Dipromats!G$3:G$101, REGEXMATCH(Dipromats!$A$3:$A$101, ""(?i)"" & $A8) )"),0.524902705155418) -> 0.52490271 | G8: =IFERROR(__xludf.DUMMYFUNCTION("FILTER(Dipromats!H$3:H$101, REGEXMATCH(Dipromats!$A$3:$A$101, ""(?i)"" & $A8) )"),0.490732657736496) -> 0.49073266 | H8: =IFERROR(__xludf.DUMMYFUNCTION("FILTER(Dipromats!I$3:I$101, REGEXMATCH(Dipromats!$A$3:$A$101, ""(?i)"" & $A8) )"),0.267289569310955) -> 0.26728957 | I8: =IFERROR(__xludf.DUMMYFUNCTION("FILTER(Dipromats!J$3:J$101, REGEXMATCH(Dipromats!$A$3:$A$101, ""(?i)"" & $A8) )"),0.297865824391553) -> 0.29786582 | L8: Number of models worse than no_no | O8: =COUNTIF(B5:I5,">0") + COUNTIF(B24:I24,">0") + COUNTIF(B43:I43,">0") + COUNTIF(B62:I62,">0") -> 14
A9: delta_gpt_title | B9: =B3-B8 -> 0.026004093 | C9: =C3-C8 -> 0.01766702 | D9: =D3-D8 -> 0.028619271 | E9: =E3-E8 -> 0.040981867 | F9: =F3-F8 -> 0.02703381 | G9: =G3-G8 -> 0.0082623397 | H9: =H3-H8 -> 0.066315577 | I9: =I3-I8 -> 0.06964301 | J9: =AVERAGE(B9:I9) -> 0.035565873 | L9: Percentage of better models | O9: =100*O7/(O7+O8) -> 56.25
A10: own_description | B10: =IFERROR(__xludf.DUMMYFUNCTION("FILTER(Dipromats!C$3:C$101, REGEXMATCH(Dipromats!$A$3:$A$101, ""(?i)"" & $A10), NOT(REGEXMATCH(Dipromats!$A$3:$A$101, ""(?i)complete"")) )"),0.631787462260468) -> 0.63178746 | C10: =IFERROR(__xludf.DUMMYFUNCTION("FILTER(Dipromats!D$3:D$101, REGEXMATCH(Dipromats!$A$3:$A$101, ""(?i)"" & $A10), NOT(REGEXMATCH(Dipromats!$A$3:$A$101, ""(?i)complete"")) )"),0.618216042484733) -> 0.61821604 | D10: =IFERROR(__xludf.DUMMYFUNCTION("FILTER(Dipromats!E$3:E$101, REGEXMATCH(Dipromats!$A$3:$A$101, ""(?i)"" & $A10), NOT(REGEXMATCH(Dipromats!$A$3:$A$101, ""(?i)complete"")) )"),0.586439666342686) -> 0.58643967 | E10: =IFERROR(__xludf.DUMMYFUNCTION("FILTER(Dipromats!F$3:F$101, REGEXMATCH(Dipromats!$A$3:$A$101, ""(?i)"" & $A10), NOT(REGEXMATCH(Dipromats!$A$3:$A$101, ""(?i)complete"")) )"),0.569895182181278) -> 0.56989518 | F10: =IFERROR(__xludf.DUMMYFUNCTION("FILTER(Dipromats!G$3:G$101, REGEXMATCH(Dipromats!$A$3:$A$101, ""(?i)"" & $A10), NOT(REGEXMATCH(Dipromats!$A$3:$A$101, ""(?i)complete"")) )"),0.546258468663482) -> 0.54625847 | G10: =IFERROR(__xludf.DUMMYFUNCTION("FILTER(Dipromats!H$3:H$101, REGEXMATCH(Dipromats!$A$3:$A$101, ""(?i)"" & $A10), NOT(REGEXMATCH(Dipromats!$A$3:$A$101, ""(?i)complete"")) )"),0.512012998082786) -> 0.512013 | H10: =IFERROR(__xludf.DUMMYFUNCTION("FILTER(Dipromats!I$3:I$101, REGEXMATCH(Dipromats!$A$3:$A$101, ""(?i)"" & $A10), NOT(REGEXMATCH(Dipromats!$A$3:$A$101, ""(?i)complete"")) )"),0.288938661231155) -> 0.28893866 | I10: =IFERROR(__xludf.DUMMYFUNCTION("FILTER(Dipromats!J$3:J$101, REGEXMATCH(Dipromats!$A$3:$A$101, ""(?i)"" & $A10), NOT(REGEXMATCH(Dipromats!$A$3:$A$101, ""(?i)complete"")) )"),0.329512617172151) -> 0.32951262 | L10: Percentage of worst models | O10: =100*O8/(O7+O8) -> 43.75
A11: delta_own_description | B11: =B3-B10 -> 0.002717153 | C11: =C3-C10 -> -0.034821722 | D11: =D3-D10 -> 0.026107241 | E11: =E3-E10 -> -0.0052007674 | F11: =F3-F10 -> 0.0056780461 | G11: =G3-G10 -> -0.013018001 | H11: =H3-H10 -> 0.044666485 | I11: =I3-I10 -> 0.037996218 | J11: =AVERAGE(B11:I11) -> 0.0080155816
A12: gpt_description | B12: =IFERROR(__xludf.DUMMYFUNCTION("FILTER(Dipromats!C$3:C$101, REGEXMATCH(Dipromats!$A$3:$A$101, ""(?i)"" & $A12), NOT(REGEXMATCH(Dipromats!$A$3:$A$101, ""(?i)complete"")) )"),0.640317661477475) -> 0.64031766 | C12: =IFERROR(__xludf.DUMMYFUNCTION("FILTER(Dipromats!D$3:D$101, REGEXMATCH(Dipromats!$A$3:$A$101, ""(?i)"" & $A12), NOT(REGEXMATCH(Dipromats!$A$3:$A$101, ""(?i)complete"")) )"),0.61354665612827) -> 0.61354666 | D12: =IFERROR(__xludf.DUMMYFUNCTION("FILTER(Dipromats!E$3:E$101, REGEXMATCH(Dipromats!$A$3:$A$101, ""(?i)"" & $A12), NOT(REGEXMATCH(Dipromats!$A$3:$A$101, ""(?i)complete"")) )"),0.613750839783722) -> 0.61375084 | E12: =IFERROR(__xludf.DUMMYFUNCTION("FILTER(Dipromats!F$3:F$101, REGEXMATCH(Dipromats!$A$3:$A$101, ""(?i)"" & $A12), NOT(REGEXMATCH(Dipromats!$A$3:$A$101, ""(?i)complete"")) )"),0.578681917130575) -> 0.57868192 | F12: =IFERROR(__xludf.DUMMYFUNCTION("FILTER(Dipromats!G$3:G$101, REGEXMATCH(Dipromats!$A$3:$A$101, ""(?i)"" & $A12), NOT(REGEXMATCH(Dipromats!$A$3:$A$101, ""(?i)complete"")) )"),0.545763744390765) -> 0.54576374 | G12: =IFERROR(__xludf.DUMMYFUNCTION("FILTER(Dipromats!H$3:H$101, REGEXMATCH(Dipromats!$A$3:$A$101, ""(?i)"" & $A12), NOT(REGEXMATCH(Dipromats!$A$3:$A$101, ""(?i)complete"")) )"),0.524262991587101) -> 0.52426299 | H12: =IFERROR(__xludf.DUMMYFUNCTION("FILTER(Dipromats!I$3:I$101, REGEXMATCH(Dipromats!$A$3:$A$101, ""(?i)"" & $A12), NOT(REGEXMATCH(Dipromats!$A$3:$A$101, ""(?i)complete"")) )"),0.284838731621514) -> 0.28483873 | I12: =IFERROR(__xludf.DUMMYFUNCTION("FILTER(Dipromats!J$3:J$101, REGEXMATCH(Dipromats!$A$3:$A$101, ""(?i)"" & $A12), NOT(REGEXMATCH(Dipromats!$A$3:$A$101, ""(?i)complete"")) )"),0.300772443809359) -> 0.30077244 | M12: Enhanced Desc Only
A13: delta_gpt_description | B13: =B3-B12 -> -0.0058130462 | C13: =C3-C12 -> -0.030152336 | D13: =D3-D12 -> -0.0012039321 | E13: =E3-E12 -> -0.013987502 | F13: =F3-F12 -> 0.0061727703 | G13: =G3-G12 -> -0.025267994 | H13: =H3-H12 -> 0.048766415 | I13: =I3-I12 -> 0.066736391 | J13: =AVERAGE(B13:I13) -> 0.0056563456 | L13: Number of models better than no_no | O13: =COUNTIF(B7:I7,"<0") + COUNTIF(B9:I9,"<0") + COUNTIF(B11:I11,"<0") + COUNTIF(B13:I13,"<0") + COUNTIF(B15:I15,"<0") + COUNTIF(B17:I17,"<0") + COUNTIF(B26:I26,"<0") + COUNTIF(B28:I28,"<0") + COUNTIF(B30:I30,"<0") + COUNTIF(B32:I32,"<0") + COUNTIF(B34:I34,"<0") + COUNTIF(B36:I36,"<0") + COUNTIF(B45:I45,"<0") + COUNTIF(B47:I47,"<0") + COUNTIF(B49:I49,"<0") + COUNTIF(B51:I51,"<0") + COUNTIF(B53:I53,"<0") + COUNTIF(B55:I55,"<0") + COUNTIF(B64:I64,"<0") + COUNTIF(B66:I66,"<0") + COUNTIF(B68:I68,"<0") + COUNTIF(B69:I69,"<0") + COUNTIF(B70:I70,"<0") + COUNTIF(B72:I72,"<0") + COUNTIF(B74:I74,"<0") -> 44
A14: own_description_complete | B14: =IFERROR(__xludf.DUMMYFUNCTION("FILTER(Dipromats!C$3:C$101, REGEXMATCH(Dipromats!$A$3:$A$101, ""(?i)"" & $A14) )"),0.632355163340107) -> 0.63235516 | C14: =IFERROR(__xludf.DUMMYFUNCTION("FILTER(Dipromats!D$3:D$101, REGEXMATCH(Dipromats!$A$3:$A$101, ""(?i)"" & $A14) )"),0.606225827187698) -> 0.60622583 | D14: =IFERROR(__xludf.DUMMYFUNCTION("FILTER(Dipromats!E$3:E$101, REGEXMATCH(Dipromats!$A$3:$A$101, ""(?i)"" & $A14) )"),0.535090217689681) -> 0.53509022 | E14: =IFERROR(__xludf.DUMMYFUNCTION("FILTER(Dipromats!F$3:F$101, REGEXMATCH(Dipromats!$A$3:$A$101, ""(?i)"" & $A14) )"),0.477750371254548) -> 0.47775037 | F14: =IFERROR(__xludf.DUMMYFUNCTION("FILTER(Dipromats!G$3:G$101, REGEXMATCH(Dipromats!$A$3:$A$101, ""(?i)"" & $A14) )"),0.457442229094388) -> 0.45744223 | G14: =IFERROR(__xludf.DUMMYFUNCTION("FILTER(Dipromats!H$3:H$101, REGEXMATCH(Dipromats!$A$3:$A$101, ""(?i)"" & $A14) )"),0.427462251024684) -> 0.42746225 | H14: =IFERROR(__xludf.DUMMYFUNCTION("FILTER(Dipromats!I$3:I$101, REGEXMATCH(Dipromats!$A$3:$A$101, ""(?i)"" & $A14) )"),0.245367655632764) -> 0.24536766 | I14: =IFERROR(__xludf.DUMMYFUNCTION("FILTER(Dipromats!J$3:J$101, REGEXMATCH(Dipromats!$A$3:$A$101, ""(?i)"" & $A14) )"),0.282654794342775) -> 0.28265479 | L14: Number of models worse than no_no | O14: =COUNTIF(B7:I7,">0") + COUNTIF(B9:I9,">0") + COUNTIF(B11:I11,">0") + COUNTIF(B13:I13,">0") + COUNTIF(B15:I15,">0") + COUNTIF(B17:I17,">0") + COUNTIF(B26:I26,">0") + COUNTIF(B28:I28,">0") + COUNTIF(B30:I30,">0") + COUNTIF(B32:I32,">0") + COUNTIF(B34:I34,">0") + COUNTIF(B36:I36,">0") + COUNTIF(B45:I45,">0") + COUNTIF(B47:I47,">0") + COUNTIF(B49:I49,">0") + COUNTIF(B51:I51,">0") + COUNTIF(B53:I53,">0") + COUNTIF(B55:I55,">0") + COUNTIF(B64:I64,">0") + COUNTIF(B66:I66,">0") + COUNTIF(B68:I68,">0") + COUNTIF(B69:I69,">0") + COUNTIF(B70:I70,">0") + COUNTIF(B72:I72,">0") + COUNTIF(B74:I74,">0") -> 142
A15: delta_own_description_comp | B15: =B3-B14 -> 0.0021494519 | C15: =C3-C14 -> -0.022831507 | D15: =D3-D14 -> 0.07745669 | E15: =E3-E14 -> 0.086944043 | F15: =F3-F14 -> 0.094494286 | G15: =G3-G14 -> 0.071532746 | H15: =H3-H14 -> 0.088237491 | I15: =I3-I14 -> 0.08485404 | J15: =AVERAGE(B15:I15) -> 0.060354655 | L15: Percentage of better models | O15: =O13*100/(44+142) -> 23.655914
A16: gpt_description_complete | B16: =IFERROR(__xludf.DUMMYFUNCTION("FILTER(Dipromats!C$3:C$101, REGEXMATCH(Dipromats!$A$3:$A$101, ""(?i)"" & $A16) )"),0.626620634285161) -> 0.62662063 | C16: =IFERROR(__xludf.DUMMYFUNCTION("FILTER(Dipromats!D$3:D$101, REGEXMATCH(Dipromats!$A$3:$A$101, ""(?i)"" & $A16) )"),0.604801060798369) -> 0.60480106 | D16: =IFERROR(__xludf.DUMMYFUNCTION("FILTER(Dipromats!E$3:E$101, REGEXMATCH(Dipromats!$A$3:$A$101, ""(?i)"" & $A16) )"),0.274748595417237) -> 0.2747486 | E16: =IFERROR(__xludf.DUMMYFUNCTION("FILTER(Dipromats!F$3:F$101, REGEXMATCH(Dipromats!$A$3:$A$101, ""(?i)"" & $A16) )"),0.380177808740426) -> 0.38017781 | F16: =IFERROR(__xludf.DUMMYFUNCTION("FILTER(Dipromats!G$3:G$101, REGEXMATCH(Dipromats!$A$3:$A$101, ""(?i)"" & $A16) )"),0.484593915089339) -> 0.48459392 | G16: =IFERROR(__xludf.DUMMYFUNCTION("FILTER(Dipromats!H$3:H$101, REGEXMATCH(Dipromats!$A$3:$A$101, ""(?i)"" & $A16) )"),0.437797137788191) -> 0.43779714 | H16: =IFERROR(__xludf.DUMMYFUNCTION("FILTER(Dipromats!I$3:I$101, REGEXMATCH(Dipromats!$A$3:$A$101, ""(?i)"" & $A16) )"),0.220620940157727) -> 0.22062094 | I16: =IFERROR(__xludf.DUMMYFUNCTION("FILTER(Dipromats!J$3:J$101, REGEXMATCH(Dipromats!$A$3:$A$101, ""(?i)"" & $A16) )"),0.271705614091627) -> 0.27170561 | L16: Percentage of worst models | O16: =O14*100/(44+142) -> 76.344086
A17: delta_gpt_description_comp | B17: =B3-B16 -> 0.007883981 | C17: =C3-C16 -> -0.021406741 | D17: =D3-D16 -> 0.33779831 | E17: =E3-E16 -> 0.18451661 | F17: =F3-F16 -> 0.0673426 | G17: =G3-G16 -> 0.06119786 | H17: =H3-H16 -> 0.11298421 | I17: =I3-I16 -> 0.095803221 | J17: =AVERAGE(B17:I17) -> 0.10576501
B18: =AVERAGE(B5,B7,B9,B11,B13,B15,B17) -> 0.0060365386 | C18: =AVERAGE(C5,C7,C9,C11,C13,C15,C17) -> -0.015654013 | D18: =AVERAGE(D5,D7,D9,D11,D13,D15,D17) -> 0.070498216 | E18: =AVERAGE(E5,E7,E9,E11,E13,E15,E17) -> 0.042592143 | F18: =AVERAGE(F5,F7,F9,F11,F13,F15,F17) -> 0.032280863 | G18: =AVERAGE(G5,G7,G9,G11,G13,G15,G17) -> 0.011747597 | H18: =AVERAGE(H5,H7,H9,H11,H13,H15,H17) -> 0.058117953 | I18: =AVERAGE(I5,I7,I9,I11,I13,I15,I17) -> 0.062730138
B19: =AVERAGE(B18,C18) -> -0.0048087372 | D19: =AVERAGE(D18,E18) -> 0.05654518 | F19: =AVERAGE(F18,G18) -> 0.02201423 | H19: =AVERAGE(H18,I18) -> 0.060424045
A21: 3_steps | B21: calme | D21: gemma | F21: exaone | H21: granite
A22: no_no | B22: =IFERROR(__xludf.DUMMYFUNCTION("FILTER(SemEval_2025_T2!$G$3:$G$100, REGEXMATCH(SemEval_2025_T2!$A$3:$A$100, ""(?i)"" & $B$21 &""_"" & $A22) )"),0.4296) -> 0.4296 | C22: =IFERROR(__xludf.DUMMYFUNCTION("FILTER(SemEval_2025_T2!$H$3:$H$100, REGEXMATCH(SemEval_2025_T2!$A$3:$A$100, ""(?i)"" & $B$21 &""_"" & $A22) )"),0.2824) -> 0.2824 | D22: =IFERROR(__xludf.DUMMYFUNCTION("FILTER(SemEval_2025_T2!$G$3:$G$100, REGEXMATCH(SemEval_2025_T2!$A$3:$A$100, ""(?i)"" & $D$21 &""_"" & $A22) )"),0.4004) -> 0.4004 | E22: =IFERROR(__xludf.DUMMYFUNCTION("FILTER(SemEval_2025_T2!$H$3:$H$100, REGEXMATCH(SemEval_2025_T2!$A$3:$A$100, ""(?i)"" & $D$21 &""_"" & $A22) )"),0.264) -> 0.264 | F22: =IFERROR(__xludf.DUMMYFUNCTION("FILTER(SemEval_2025_T2!$G$3:$G$100, REGEXMATCH(SemEval_2025_T2!$A$3:$A$100, ""(?i)"" & $F$21 &""_"" & $A22) )"),0.3482) -> 0.3482 | G22: =IFERROR(__xludf.DUMMYFUNCTION("FILTER(SemEval_2025_T2!$H$3:$H$100, REGEXMATCH(SemEval_2025_T2!$A$3:$A$100, ""(?i)"" & $F$21 &""_"" & $A22) )"),0.2128) -> 0.2128 | H22: =IFERROR(__xludf.DUMMYFUNCTION("FILTER(SemEval_2025_T2!$G$3:$G$100, REGEXMATCH(SemEval_2025_T2!$A$3:$A$100, ""(?i)"" & $H$21 &""_"" & $A22) )"),0.179199999999999) -> 0.1792 | I22: =IFERROR(__xludf.DUMMYFUNCTION("FILTER(SemEval_2025_T2!$H$3:$H$100, REGEXMATCH(SemEval_2025_T2!$A$3:$A$100, ""(?i)"" & $H$21 &""_"" & $A22) )"),0.1202) -> 0.1202
A23: original_original | B23: =IFERROR(__xludf.DUMMYFUNCTION("FILTER(SemEval_2025_T2!$G$3:$G$100, REGEXMATCH(SemEval_2025_T2!$A$3:$A$100, ""(?i)"" & $B$21 &""_"" & $A23) )"),0.4884) -> 0.4884 | C23: =IFERROR(__xludf.DUMMYFUNCTION("FILTER(SemEval_2025_T2!$H$3:$H$100, REGEXMATCH(SemEval_2025_T2!$A$3:$A$100, ""(?i)"" & $B$21 &""_"" & $A23) )"),0.309799999999999) -> 0.3098 | D23: =IFERROR(__xludf.DUMMYFUNCTION("FILTER(SemEval_2025_T2!$G$3:$G$100, REGEXMATCH(SemEval_2025_T2!$A$3:$A$100, ""(?i)"" & $D$21 &""_"" & $A23) )"),0.4214) -> 0.4214 | E23: =IFERROR(__xludf.DUMMYFUNCTION("FILTER(SemEval_2025_T2!$H$3:$H$100, REGEXMATCH(SemEval_2025_T2!$A$3:$A$100, ""(?i)"" & $D$21 &""_"" & $A23) )"),0.2862) -> 0.2862 | F23: =IFERROR(__xludf.DUMMYFUNCTION("FILTER(SemEval_2025_T2!$G$3:$G$100, REGEXMATCH(SemEval_2025_T2!$A$3:$A$100, ""(?i)"" & $F$21 &""_"" & $A23) )"),0.3434) -> 0.3434 | G23: =IFERROR(__xludf.DUMMYFUNCTION("FILTER(SemEval_2025_T2!$H$3:$H$100, REGEXMATCH(SemEval_2025_T2!$A$3:$A$100, ""(?i)"" & $F$21 &""_"" & $A23) )"),0.2124) -> 0.2124 | H23: =IFERROR(__xludf.DUMMYFUNCTION("FILTER(SemEval_2025_T2!$G$3:$G$100, REGEXMATCH(SemEval_2025_T2!$A$3:$A$100, ""(?i)"" & $H$21 &""_"" & $A23) )"),0.1666) -> 0.1666 | I23: =IFERROR(__xludf.DUMMYFUNCTION("FILTER(SemEval_2025_T2!$H$3:$H$100, REGEXMATCH(SemEval_2025_T2!$A$3:$A$100, ""(?i)"" & $H$21 &""_"" & $A23) )"),0.1056) -> 0.1056
A24: delta_original | B24: =B22-B23 -> -0.0588 | C24: =C22-C23 -> -0.0274 | D24: =D22-D23 -> -0.021 | E24: =E22-E23 -> -0.0222 | F24: =F22-F23 -> 0.0048 | G24: =G22-G23 -> 0.0004 | H24: =H22-H23 -> 0.0126 | I24: =I22-I23 -> 0.0146 | J24: =AVERAGE(B24,D24,F24,H24) -> -0.0156 | K24: =AVERAGE(C24,E24,G24,I24) -> -0.00865 | L24: =AVERAGE(J24,K24) -> -0.012125
A25: only_title | B25: =IFERROR(__xludf.DUMMYFUNCTION("FILTER(SemEval_2025_T2!$G$3:$G$100, REGEXMATCH(SemEval_2025_T2!$A$3:$A$100, ""(?i)"" & $B$21 &""_"" & $A25) )"),0.4362) -> 0.4362 | C25: =IFERROR(__xludf.DUMMYFUNCTION("FILTER(SemEval_2025_T2!$H$3:$H$100, REGEXMATCH(SemEval_2025_T2!$A$3:$A$100, ""(?i)"" & $B$21 &""_"" & $A25) )"),0.3042) -> 0.3042 | D25: =IFERROR(__xludf.DUMMYFUNCTION("FILTER(SemEval_2025_T2!$G$3:$G$100, REGEXMATCH(SemEval_2025_T2!$A$3:$A$100, ""(?i)"" & $D$21 &""_"" & $A25) )"),0.3392) -> 0.3392 | E25: =IFERROR(__xludf.DUMMYFUNCTION("FILTER(SemEval_2025_T2!$H$3:$H$100, REGEXMATCH(SemEval_2025_T2!$A$3:$A$100, ""(?i)"" & $D$21 &""_"" & $A25) )"),0.2208) -> 0.2208 | F25: =IFERROR(__xludf.DUMMYFUNCTION("FILTER(SemEval_2025_T2!$G$3:$G$100, REGEXMATCH(SemEval_2025_T2!$A$3:$A$100, ""(?i)"" & $F$21 &""_"" & $A25) )"),0.3016) -> 0.3016 | G25: =IFERROR(__xludf.DUMMYFUNCTION("FILTER(SemEval_2025_T2!$H$3:$H$100, REGEXMATCH(SemEval_2025_T2!$A$3:$A$100, ""(?i)"" & $F$21 &""_"" & $A25) )"),0.1792) -> 0.1792 | H25: =IFERROR(__xludf.DUMMYFUNCTION("FILTER(SemEval_2025_T2!$G$3:$G$100, REGEXMATCH(SemEval_2025_T2!$A$3:$A$100, ""(?i)"" & $H$21 &""_"" & $A25) )"),0.1424) -> 0.1424 | I25: =IFERROR(__xludf.DUMMYFUNCTION("FILTER(SemEval_2025_T2!$H$3:$H$100, REGEXMATCH(SemEval_2025_T2!$A$3:$A$100, ""(?i)"" & $H$21 &""_"" & $A25) )"),0.0802) -> 0.0802
A26: delta_own_title | B26: =B22-B25 -> -0.0066 | C26: =C22-C25 -> -0.0218 | D26: =D22-D25 -> 0.0612 | E26: =E22-E25 -> 0.0432 | F26: =F22-F25 -> 0.0466 | G26: =G22-G25 -> 0.0336 | H26: =H22-H25 -> 0.0368 | I26: =I22-I25 -> 0.04 | J26: =AVERAGE(B26,D26,F26,H26) -> 0.0345 | K26: =AVERAGE(C26,E26,G26,I26) -> 0.02375 | L26: =AVERAGE(J26,K26) -> 0.029125
A27: gpt_only_title | B27: =IFERROR(__xludf.DUMMYFUNCTION("FILTER(SemEval_2025_T2!$G$3:$G$100, REGEXMATCH(SemEval_2025_T2!$A$3:$A$100, ""(?i)"" & $B$21 &""_"" & $A27) )"),0.444199999999999) -> 0.4442 | C27: =IFERROR(__xludf.DUMMYFUNCTION("FILTER(SemEval_2025_T2!$H$3:$H$100, REGEXMATCH(SemEval_2025_T2!$A$3:$A$100, ""(?i)"" & $B$21 &""_"" & $A27) )"),0.281) -> 0.281 | D27: =IFERROR(__xludf.DUMMYFUNCTION("FILTER(SemEval_2025_T2!$G$3:$G$100, REGEXMATCH(SemEval_2025_T2!$A$3:$A$100, ""(?i)"" & $D$21 &""_"" & $A27) )"),0.3556) -> 0.3556 | E27: =IFERROR(__xludf.DUMMYFUNCTION("FILTER(SemEval_2025_T2!$H$3:$H$100, REGEXMATCH(SemEval_2025_T2!$A$3:$A$100, ""(?i)"" & $D$21 &""_"" & $A27) )"),0.235) -> 0.235 | F27: =IFERROR(__xludf.DUMMYFUNCTION("FILTER(SemEval_2025_T2!$G$3:$G$100, REGEXMATCH(SemEval_2025_T2!$A$3:$A$100, ""(?i)"" & $F$21 &""_"" & $A27) )"),0.2892) -> 0.2892 | G27: =IFERROR(__xludf.DUMMYFUNCTION("FILTER(SemEval_2025_T2!$H$3:$H$100, REGEXMATCH(SemEval_2025_T2!$A$3:$A$100, ""(?i)"" & $F$21 &""_"" & $A27) )"),0.16) -> 0.16 | H27: =IFERROR(__xludf.DUMMYFUNCTION("FILTER(SemEval_2025_T2!$G$3:$G$100, REGEXMATCH(SemEval_2025_T2!$A$3:$A$100, ""(?i)"" & $H$21 &""_"" & $A27) )"),0.1274) -> 0.1274 | I27: =IFERROR(__xludf.DUMMYFUNCTION("FILTER(SemEval_2025_T2!$H$3:$H$100, REGEXMATCH(SemEval_2025_T2!$A$3:$A$100, ""(?i)"" & $H$21 &""_"" & $A27) )"),0.0496) -> 0.0496
A28: delta_gpt_title | B28: =B22-B27 -> -0.0146 | C28: =C22-C27 -> 0.0014 | D28: =D22-D27 -> 0.0448 | E28: =E22-E27 -> 0.029 | F28: =F22-F27 -> 0.059 | G28: =G22-G27 -> 0.0528 | H28: =H22-H27 -> 0.0518 | I28: =I22-I27 -> 0.0706 | J28: =AVERAGE(B28,D28,F28,H28) -> 0.03525 | K28: =AVERAGE(C28,E28,G28,I28) -> 0.03845 | L28: =AVERAGE(J28,K28) -> 0.03685
A29: title_description | B29: =IFERROR(__xludf.DUMMYFUNCTION("FILTER(SemEval_2025_T2!$G$3:$G$100, REGEXMATCH(SemEval_2025_T2!$A$3:$A$100, ""(?i)"" & $B$21 &""_"" & $A29), NOT(REGEXMATCH(SemEval_2025_T2!$A$3:$A$100, ""(?i)complete"")) )"),0.4852) -> 0.4852 | C29: =IFERROR(__xludf.DUMMYFUNCTION("FILTER(SemEval_2025_T2!$H$3:$H$100, REGEXMATCH(SemEval_2025_T2!$A$3:$A$100, ""(?i)"" & $B$21 &""_"" & $A29), NOT(REGEXMATCH(SemEval_2025_T2!$A$3:$A$100, ""(?i)complete"")) )"),0.3286) -> 0.3286 | D29: =IFERROR(__xludf.DUMMYFUNCTION("FILTER(SemEval_2025_T2!$G$3:$G$100, REGEXMATCH(SemEval_2025_T2!$A$3:$A$100, ""(?i)"" & $D$21 &""_"" & $A29), NOT(REGEXMATCH(SemEval_2025_T2!$A$3:$A$100, ""(?i)complete"")) )"),0.3592) -> 0.3592 | E29: =IFERROR(__xludf.DUMMYFUNCTION("FILTER(SemEval_2025_T2!$H$3:$H$100, REGEXMATCH(SemEval_2025_T2!$A$3:$A$100, ""(?i)"" & $D$21 &""_"" & $A29), NOT(REGEXMATCH(SemEval_2025_T2!$A$3:$A$100, ""(?i)complete"")) )"),0.2508) -> 0.2508 | F29: =IFERROR(__xludf.DUMMYFUNCTION("FILTER(SemEval_2025_T2!$G$3:$G$100, REGEXMATCH(SemEval_2025_T2!$A$3:$A$100, ""(?i)"" & $F$21 &""_"" & $A29), NOT(REGEXMATCH(SemEval_2025_T2!$A$3:$A$100, ""(?i)complete"")) )"),0.3106) -> 0.3106 | G29: =IFERROR(__xludf.DUMMYFUNCTION("FILTER(SemEval_2025_T2!$H$3:$H$100, REGEXMATCH(SemEval_2025_T2!$A$3:$A$100, ""(?i)"" & $F$21 &""_"" & $A29), NOT(REGEXMATCH(SemEval_2025_T2!$A$3:$A$100, ""(?i)complete"")) )"),0.1764) -> 0.1764 | H29: =IFERROR(__xludf.DUMMYFUNCTION("FILTER(SemEval_2025_T2!$G$3:$G$100, REGEXMATCH(SemEval_2025_T2!$A$3:$A$100, ""(?i)"" & $H$21 &""_"" & $A29), NOT(REGEXMATCH(SemEval_2025_T2!$A$3:$A$100, ""(?i)complete"")) )"),0.1246) -> 0.1246 | I29: =IFERROR(__xludf.DUMMYFUNCTION("FILTER(SemEval_2025_T2!$H$3:$H$100, REGEXMATCH(SemEval_2025_T2!$A$3:$A$100, ""(?i)"" & $H$21 &""_"" & $A29), NOT(REGEXMATCH(SemEval_2025_T2!$A$3:$A$100, ""(?i)complete"")) )"),0.0576) -> 0.0576
A30: delta_own_description | B30: =B22-B29 -> -0.0556 | C30: =C22-C29 -> -0.0462 | D30: =D22-D29 -> 0.0412 | E30: =E22-E29 -> 0.0132 | F30: =F22-F29 -> 0.0376 | G30: =G22-G29 -> 0.0364 | H30: =H22-H29 -> 0.0546 | I30: =I22-I29 -> 0.0626 | J30: =AVERAGE(B30,D30,F30,H30) -> 0.01945 | K30: =AVERAGE(C30,E30,G30,I30) -> 0.0165 | L30: =AVERAGE(J30,K30) -> 0.017975
A31: gpt_title_description | B31: =IFERROR(__xludf.DUMMYFUNCTION("FILTER(SemEval_2025_T2!$G$3:$G$100, REGEXMATCH(SemEval_2025_T2!$A$3:$A$100, ""(?i)"" & $B$21 &""_"" & $A31), NOT(REGEXMATCH(SemEval_2025_T2!$A$3:$A$100, ""(?i)complete"")) )"),0.4684) -> 0.4684 | C31: =IFERROR(__xludf.DUMMYFUNCTION("FILTER(SemEval_2025_T2!$H$3:$H$100, REGEXMATCH(SemEval_2025_T2!$A$3:$A$100, ""(?i)"" & $B$21 &""_"" & $A31), NOT(REGEXMATCH(SemEval_2025_T2!$A$3:$A$100, ""(?i)complete"")) )"),0.3222) -> 0.3222 | D31: =IFERROR(__xludf.DUMMYFUNCTION("FILTER(SemEval_2025_T2!$G$3:$G$100, REGEXMATCH(SemEval_2025_T2!$A$3:$A$100, ""(?i)"" & $D$21 &""_"" & $A31), NOT(REGEXMATCH(SemEval_2025_T2!$A$3:$A$100, ""(?i)complete"")) )"),0.383) -> 0.383 | E31: =IFERROR(__xludf.DUMMYFUNCTION("FILTER(SemEval_2025_T2!$H$3:$H$100, REGEXMATCH(SemEval_2025_T2!$A$3:$A$100, ""(?i)"" & $D$21 &""_"" & $A31), NOT(REGEXMATCH(SemEval_2025_T2!$A$3:$A$100, ""(?i)complete"")) )"),0.267599999999999) -> 0.2676 | F31: =IFERROR(__xludf.DUMMYFUNCTION("FILTER(SemEval_2025_T2!$G$3:$G$100, REGEXMATCH(SemEval_2025_T2!$A$3:$A$100, ""(?i)"" & $F$21 &""_"" & $A31), NOT(REGEXMATCH(SemEval_2025_T2!$A$3:$A$100, ""(?i)complete"")) )"),0.3124) -> 0.3124 | G31: =IFERROR(__xludf.DUMMYFUNCTION("FILTER(SemEval_2025_T2!$H$3:$H$100, REGEXMATCH(SemEval_2025_T2!$A$3:$A$100, ""(?i)"" & $F$21 &""_"" & $A31), NOT(REGEXMATCH(SemEval_2025_T2!$A$3:$A$100, ""(?i)complete"")) )"),0.177) -> 0.177 | H31: =IFERROR(__xludf.DUMMYFUNCTION("FILTER(SemEval_2025_T2!$G$3:$G$100, REGEXMATCH(SemEval_2025_T2!$A$3:$A$100, ""(?i)"" & $H$21 &""_"" & $A31), NOT(REGEXMATCH(SemEval_2025_T2!$A$3:$A$100, ""(?i)complete"")) )"),0.117799999999999) -> 0.1178 | I31: =IFERROR(__xludf.DUMMYFUNCTION("FILTER(SemEval_2025_T2!$H$3:$H$100, REGEXMATCH(SemEval_2025_T2!$A$3:$A$100, ""(?i)"" & $H$21 &""_"" & $A31), NOT(REGEXMATCH(SemEval_2025_T2!$A$3:$A$100, ""(?i)complete"")) )"),0.0406) -> 0.0406
A32: delta_gpt_description | B32: =B22-B31 -> -0.0388 | C32: =C22-C31 -> -0.0398 | D32: =D22-D31 -> 0.0174 | E32: =E22-E31 -> -0.0036 | F32: =F22-F31 -> 0.0358 | G32: =G22-G31 -> 0.0358 | H32: =H22-H31 -> 0.0614 | I32: =I22-I31 -> 0.0796 | J32: =AVERAGE(B32,D32,F32,H32) -> 0.01895 | K32: =AVERAGE(C32,E32,G32,I32) -> 0.018 | L32: =AVERAGE(J32,K32) -> 0.018475
A33: title_description_complete | B33: =IFERROR(__xludf.DUMMYFUNCTION("FILTER(SemEval_2025_T2!$G$3:$G$100, REGEXMATCH(SemEval_2025_T2!$A$3:$A$100, ""(?i)"" & $B$21 &""_"" & $A33) )"),0.4522) -> 0.4522 | C33: =IFERROR(__xludf.DUMMYFUNCTION("FILTER(SemEval_2025_T2!$H$3:$H$100, REGEXMATCH(SemEval_2025_T2!$A$3:$A$100, ""(?i)"" & $B$21 &""_"" & $A33) )"),0.3188) -> 0.3188 | D33: =IFERROR(__xludf.DUMMYFUNCTION("FILTER(SemEval_2025_T2!$G$3:$G$100, REGEXMATCH(SemEval_2025_T2!$A$3:$A$100, ""(?i)"" & $D$21 &""_"" & $A33) )"),0.281) -> 0.281 | E33: =IFERROR(__xludf.DUMMYFUNCTION("FILTER(SemEval_2025_T2!$H$3:$H$100, REGEXMATCH(SemEval_2025_T2!$A$3:$A$100, ""(?i)"" & $D$21 &""_"" & $A33) )"),0.281) -> 0.281 | F33: =IFERROR(__xludf.DUMMYFUNCTION("FILTER(SemEval_2025_T2!$G$3:$G$100, REGEXMATCH(SemEval_2025_T2!$A$3:$A$100, ""(?i)"" & $F$21 &""_"" & $A33) )"),0.2836) -> 0.2836 | G33: =IFERROR(__xludf.DUMMYFUNCTION("FILTER(SemEval_2025_T2!$H$3:$H$100, REGEXMATCH(SemEval_2025_T2!$A$3:$A$100, ""(?i)"" & $F$21 &""_"" & $A33) )"),0.189) -> 0.189 | H33: =IFERROR(__xludf.DUMMYFUNCTION("FILTER(SemEval_2025_T2!$G$3:$G$100, REGEXMATCH(SemEval_2025_T2!$A$3:$A$100, ""(?i)"" & $H$21 &""_"" & $A33) )"),0.1028) -> 0.1028 | I33: =IFERROR(__xludf.DUMMYFUNCTION("FILTER(SemEval_2025_T2!$H$3:$H$100, REGEXMATCH(SemEval_2025_T2!$A$3:$A$100, ""(?i)"" & $H$21 &""_"" & $A33) )"),0.0496) -> 0.0496
A34: delta_own_description_comp | B34: =B22-B33 -> -0.0226 | C34: =C22-C33 -> -0.0364 | D34: =D22-D33 -> 0.1194 | E34: =E22-E33 -> -0.017 | F34: =F22-F33 -> 0.0646 | G34: =G22-G33 -> 0.0238 | H34: =H22-H33 -> 0.0764 | I34: =I22-I33 -> 0.0706 | J34: =AVERAGE(B34,D34,F34,H34) -> 0.05945 | K34: =AVERAGE(C34,E34,G34,I34) -> 0.01025 | L34: =AVERAGE(J34,K34) -> 0.03485
A35: gpt_title_description_complete | B35: =IFERROR(__xludf.DUMMYFUNCTION("FILTER(SemEval_2025_T2!$G$3:$G$100, REGEXMATCH(SemEval_2025_T2!$A$3:$A$100, ""(?i)"" & $B$21 &""_"" & $A35) )"),0.453) -> 0.453 | C35: =IFERROR(__xludf.DUMMYFUNCTION("FILTER(SemEval_2025_T2!$H$3:$H$100, REGEXMATCH(SemEval_2025_T2!$A$3:$A$100, ""(?i)"" & $B$21 &""_"" & $A35) )"),0.3236) -> 0.3236 | D35: =IFERROR(__xludf.DUMMYFUNCTION("FILTER(SemEval_2025_T2!$G$3:$G$100, REGEXMATCH(SemEval_2025_T2!$A$3:$A$100, ""(?i)"" & $D$21 &""_"" & $A35) )"),0.2978) -> 0.2978 | E35: =IFERROR(__xludf.DUMMYFUNCTION("FILTER(SemEval_2025_T2!$H$3:$H$100, REGEXMATCH(SemEval_2025_T2!$A$3:$A$100, ""(?i)"" & $D$21 &""_"" & $A35) )"),0.211399999999999) -> 0.2114 | F35: =IFERROR(__xludf.DUMMYFUNCTION("FILTER(SemEval_2025_T2!$G$3:$G$100, REGEXMATCH(SemEval_2025_T2!$A$3:$A$100, ""(?i)"" & $F$21 &""_"" & $A35) )"),0.2526) -> 0.2526 | G35: =IFERROR(__xludf.DUMMYFUNCTION("FILTER(SemEval_2025_T2!$H$3:$H$100, REGEXMATCH(SemEval_2025_T2!$A$3:$A$100, ""(?i)"" & $F$21 &""_"" & $A35) )"),0.163) -> 0.163 | H35: =IFERROR(__xludf.DUMMYFUNCTION("FILTER(SemEval_2025_T2!$G$3:$G$100, REGEXMATCH(SemEval_2025_T2!$A$3:$A$100, ""(?i)"" & $H$21 &""_"" & $A35) )"),0.1008) -> 0.1008 | I35: =IFERROR(__xludf.DUMMYFUNCTION("FILTER(SemEval_2025_T2!$H$3:$H$100, REGEXMATCH(SemEval_2025_T2!$A$3:$A$100, ""(?i)"" & $H$21 &""_"" & $A35) )"),0.034) -> 0.034
A36: delta_gpt_description_comp | B36: =B22-B35 -> -0.0234 | C36: =C22-C35 -> -0.0412 | D36: =D22-D35 -> 0.1026 | E36: =E22-E35 -> 0.0526 | F36: =F22-F35 -> 0.0956 | G36: =G22-G35 -> 0.0498 | H36: =H22-H35 -> 0.0784 | I36: =I22-I35 -> 0.0862 | J36: =AVERAGE(B36,D36,F36,H36) -> 0.0633 | K36: =AVERAGE(C36,E36,G36,I36) -> 0.03685 | L36: =AVERAGE(J36,K36) -> 0.050075
B37: =AVERAGE(B24,B26,B28,B30,B32,B34,B36) -> -0.031485714 | C37: =AVERAGE(C24,C26,C28,C30,C32,C34,C36) -> -0.0302 | D37: =AVERAGE(D24,D26,D28,D30,D32,D34,D36) -> 0.052228571 | E37: =AVERAGE(E24,E26,E28,E30,E32,E34,E36) -> 0.0136 | F37: =AVERAGE(F24,F26,F28,F30,F32,F34,F36) -> 0.049142857 | G37: =AVERAGE(G24,G26,G28,G30,G32,G34,G36) -> 0.033228571 | H37: =AVERAGE(H24,H26,H28,H30,H32,H34,H36) -> 0.053142857 | I37: =AVERAGE(I24,I26,I28,I30,I32,I34,I36) -> 0.0606
B38: =AVERAGE(B37,C37) -> -0.030842857 | D38: =AVERAGE(D37,E37) -> 0.032914286 | F38: =AVERAGE(F37,G37) -> 0.041185714 | H38: =AVERAGE(H37,I37) -> 0.056871429
A40: hybrid | B40: calme | D40: gemma | F40: exaone | H40: granite
A41: no_no | B41: =IFERROR(__xludf.DUMMYFUNCTION("FILTER(SemEval_2025_T2!$E$3:$E$100, REGEXMATCH(SemEval_2025_T2!$A$3:$A$100, ""(?i)"" & $B$21 &""_"" & $A41) )"),0.5206) -> 0.5206 | C41: =IFERROR(__xludf.DUMMYFUNCTION("FILTER(SemEval_2025_T2!$F$3:$F$100, REGEXMATCH(SemEval_2025_T2!$A$3:$A$100, ""(?i)"" & $B$21 &""_"" & $A41) )"),0.3216) -> 0.3216 | D41: =IFERROR(__xludf.DUMMYFUNCTION("FILTER(SemEval_2025_T2!$E$3:$E$100, REGEXMATCH(SemEval_2025_T2!$A$3:$A$100, ""(?i)"" & $D$21 &""_"" & $A41) )"),0.289799999999999) -> 0.2898 | E41: =IFERROR(__xludf.DUMMYFUNCTION("FILTER(SemEval_2025_T2!$F$3:$F$100, REGEXMATCH(SemEval_2025_T2!$A$3:$A$100, ""(?i)"" & $D$21 &""_"" & $A41) )"),0.287799999999999) -> 0.2878 | F41: =IFERROR(__xludf.DUMMYFUNCTION("FILTER(SemEval_2025_T2!$E$3:$E$100, REGEXMATCH(SemEval_2025_T2!$A$3:$A$100, ""(?i)"" & $F$21 &""_"" & $A41) )"),0.363199999999999) -> 0.3632 | G41: =IFERROR(__xludf.DUMMYFUNCTION("FILTER(SemEval_2025_T2!$F$3:$F$100, REGEXMATCH(SemEval_2025_T2!$A$3:$A$100, ""(?i)"" & $F$21 &""_"" & $A41) )"),0.1464) -> 0.1464 | H41: =IFERROR(__xludf.DUMMYFUNCTION("FILTER(SemEval_2025_T2!$E$3:$E$100, REGEXMATCH(SemEval_2025_T2!$A$3:$A$100, ""(?i)"" & $H$21 &""_"" & $A41) )"),0.195) -> 0.195 | I41: =IFERROR(__xludf.DUMMYFUNCTION("FILTER(SemEval_2025_T2!$F$3:$F$100, REGEXMATCH(SemEval_2025_T2!$A$3:$A$100, ""(?i)"" & $H$21 &""_"" & $A41) )"),0.1172) -> 0.1172
A42: original_original | B42: =IFERROR(__xludf.DUMMYFUNCTION("FILTER(SemEval_2025_T2!$E$3:$E$100, REGEXMATCH(SemEval_2025_T2!$A$3:$A$100, ""(?i)"" & $B$21 &""_"" & $A42) )"),0.4858) -> 0.4858 | C42: =IFERROR(__xludf.DUMMYFUNCTION("FILTER(SemEval_2025_T2!$F$3:$F$100, REGEXMATCH(SemEval_2025_T2!$A$3:$A$100, ""(?i)"" & $B$21 &""_"" & $A42) )"),0.301799999999999) -> 0.3018 | D42: =IFERROR(__xludf.DUMMYFUNCTION("FILTER(SemEval_2025_T2!$E$3:$E$100, REGEXMATCH(SemEval_2025_T2!$A$3:$A$100, ""(?i)"" & $D$21 &""_"" & $A42) )"),0.4278) -> 0.4278 | E42: =IFERROR(__xludf.DUMMYFUNCTION("FILTER(SemEval_2025_T2!$F$3:$F$100, REGEXMATCH(SemEval_2025_T2!$A$3:$A$100, ""(?i)"" & $D$21 &""_"" & $A42) )"),0.324199999999999) -> 0.3242 | F42: =IFERROR(__xludf.DUMMYFUNCTION("FILTER(SemEval_2025_T2!$E$3:$E$100, REGEXMATCH(SemEval_2025_T2!$A$3:$A$100, ""(?i)"" & $F$21 &""_"" & $A42) )"),0.3398) -> 0.3398 | G42: =IFERROR(__xludf.DUMMYFUNCTION("FILTER(SemEval_2025_T2!$F$3:$F$100, REGEXMATCH(SemEval_2025_T2!$A$3:$A$100, ""(?i)"" & $F$21 &""_"" & $A42) )"),0.1402) -> 0.1402 | H42: =IFERROR(__xludf.DUMMYFUNCTION("FILTER(SemEval_2025_T2!$E$3:$E$100, REGEXMATCH(SemEval_2025_T2!$A$3:$A$100, ""(?i)"" & $H$21 &""_"" & $A42) )"),0.177) -> 0.177 | I42: =IFERROR(__xludf.DUMMYFUNCTION("FILTER(SemEval_2025_T2!$F$3:$F$100, REGEXMATCH(SemEval_2025_T2!$A$3:$A$100, ""(?i)"" & $H$21 &""_"" & $A42) )"),0.08) -> 0.08
A43: delta_original | B43: =B41-B42 -> 0.0348 | C43: =C41-C42 -> 0.0198 | D43: =D41-D42 -> -0.138 | E43: =E41-E42 -> -0.0364 | F43: =F41-F42 -> 0.0234 | G43: =G41-G42 -> 0.0062 | H43: =H41-H42 -> 0.018 | I43: =I41-I42 -> 0.0372 | J43: =AVERAGE(B43,D43,F43,H43) -> -0.01545 | K43: =AVERAGE(C43,E43,G43,I43) -> 0.0067 | L43: =AVERAGE(J43,K43) -> -0.004375
A44: only_title | B44: =IFERROR(__xludf.DUMMYFUNCTION("FILTER(SemEval_2025_T2!$E$3:$E$100, REGEXMATCH(SemEval_2025_T2!$A$3:$A$100, ""(?i)"" & $B$21 &""_"" & $A44) )"),0.4516) -> 0.4516 | C44: =IFERROR(__xludf.DUMMYFUNCTION("FILTER(SemEval_2025_T2!$F$3:$F$100, REGEXMATCH(SemEval_2025_T2!$A$3:$A$100, ""(?i)"" & $B$21 &""_"" & $A44) )"),0.2602) -> 0.2602 | D44: =IFERROR(__xludf.DUMMYFUNCTION("FILTER(SemEval_2025_T2!$E$3:$E$100, REGEXMATCH(SemEval_2025_T2!$A$3:$A$100, ""(?i)"" & $D$21 &""_"" & $A44) )"),0.378599999999999) -> 0.3786 | E44: =IFERROR(__xludf.DUMMYFUNCTION("FILTER(SemEval_2025_T2!$F$3:$F$100, REGEXMATCH(SemEval_2025_T2!$A$3:$A$100, ""(?i)"" & $D$21 &""_"" & $A44) )"),0.217399999999999) -> 0.2174 | F44: =IFERROR(__xludf.DUMMYFUNCTION("FILTER(SemEval_2025_T2!$E$3:$E$100, REGEXMATCH(SemEval_2025_T2!$A$3:$A$100, ""(?i)"" & $F$21 &""_"" & $A44) )"),0.3014) -> 0.3014 | G44: =IFERROR(__xludf.DUMMYFUNCTION("FILTER(SemEval_2025_T2!$F$3:$F$100, REGEXMATCH(SemEval_2025_T2!$A$3:$A$100, ""(?i)"" & $F$21 &""_"" & $A44) )"),0.1844) -> 0.1844 | H44: =IFERROR(__xludf.DUMMYFUNCTION("FILTER(SemEval_2025_T2!$E$3:$E$100, REGEXMATCH(SemEval_2025_T2!$A$3:$A$100, ""(?i)"" & $H$21 &""_"" & $A44) )"),0.1542) -> 0.1542 | I44: =IFERROR(__xludf.DUMMYFUNCTION("FILTER(SemEval_2025_T2!$F$3:$F$100, REGEXMATCH(SemEval_2025_T2!$A$3:$A$100, ""(?i)"" & $H$21 &""_"" & $A44) )"),0.0616) -> 0.0616
A45: delta_own_title | B45: =B41-B44 -> 0.069 | C45: =C41-C44 -> 0.0614 | D45: =D41-D44 -> -0.0888 | E45: =E41-E44 -> 0.0704 | F45: =F41-F44 -> 0.0618 | G45: =G41-G44 -> -0.038 | H45: =H41-H44 -> 0.0408 | I45: =I41-I44 -> 0.0556 | J45: =AVERAGE(B45,D45,F45,H45) -> 0.0207 | K45: =AVERAGE(C45,E45,G45,I45) -> 0.03735 | L45: =AVERAGE(J45,K45) -> 0.029025
A46: gpt_only_title | B46: =IFERROR(__xludf.DUMMYFUNCTION("FILTER(SemEval_2025_T2!$E$3:$E$100, REGEXMATCH(SemEval_2025_T2!$A$3:$A$100, ""(?i)"" & $B$21 &""_"" & $A46) )"),0.469) -> 0.469 | C46: =IFERROR(__xludf.DUMMYFUNCTION("FILTER(SemEval_2025_T2!$F$3:$F$100, REGEXMATCH(SemEval_2025_T2!$A$3:$A$100, ""(?i)"" & $B$21 &""_"" & $A46) )"),0.265399999999999) -> 0.2654 | D46: =IFERROR(__xludf.DUMMYFUNCTION("FILTER(SemEval_2025_T2!$E$3:$E$100, REGEXMATCH(SemEval_2025_T2!$A$3:$A$100, ""(?i)"" & $D$21 &""_"" & $A46) )"),0.342199999999999) -> 0.3422 | E46: =IFERROR(__xludf.DUMMYFUNCTION("FILTER(SemEval_2025_T2!$F$3:$F$100, REGEXMATCH(SemEval_2025_T2!$A$3:$A$100, ""(?i)"" & $D$21 &""_"" & $A46) )"),0.180399999999999) -> 0.1804 | F46: =IFERROR(__xludf.DUMMYFUNCTION("FILTER(SemEval_2025_T2!$E$3:$E$100, REGEXMATCH(SemEval_2025_T2!$A$3:$A$100, ""(?i)"" & $F$21 &""_"" & $A46) )"),0.2952) -> 0.2952 | G46: =IFERROR(__xludf.DUMMYFUNCTION("FILTER(SemEval_2025_T2!$F$3:$F$100, REGEXMATCH(SemEval_2025_T2!$A$3:$A$100, ""(?i)"" & $F$21 &""_"" & $A46) )"),0.1818) -> 0.1818 | H46: =IFERROR(__xludf.DUMMYFUNCTION("FILTER(SemEval_2025_T2!$E$3:$E$100, REGEXMATCH(SemEval_2025_T2!$A$3:$A$100, ""(?i)"" & $H$21 &""_"" & $A46) )"),0.1582) -> 0.1582 | I46: =IFERROR(__xludf.DUMMYFUNCTION("FILTER(SemEval_2025_T2!$F$3:$F$100, REGEXMATCH(SemEval_2025_T2!$A$3:$A$100, ""(?i)"" & $H$21 &""_"" & $A46) )"),0.0654) -> 0.0654
A47: delta_gpt_title | B47: =B41-B46 -> 0.0516 | C47: =C41-C46 -> 0.0562 | D47: =D41-D46 -> -0.0524 | E47: =E41-E46 -> 0.1074 | F47: =F41-F46 -> 0.068 | G47: =G41-G46 -> -0.0354 | H47: =H41-H46 -> 0.0368 | I47: =I41-I46 -> 0.0518 | J47: =AVERAGE(B47,D47,F47,H47) -> 0.026 | K47: =AVERAGE(C47,E47,G47,I47) -> 0.045 | L47: =AVERAGE(J47,K47) -> 0.0355
A48: title_description | B48: =IFERROR(__xludf.DUMMYFUNCTION("FILTER(SemEval_2025_T2!$E$3:$E$100, REGEXMATCH(SemEval_2025_T2!$A$3:$A$100, ""(?i)"" & $B$21 &""_"" & $A48), NOT(REGEXMATCH(SemEval_2025_T2!$A$3:$A$100, ""(?i)complete"")) )"),0.4682) -> 0.4682 | C48: =IFERROR(__xludf.DUMMYFUNCTION("FILTER(SemEval_2025_T2!$F$3:$F$100, REGEXMATCH(SemEval_2025_T2!$A$3:$A$100, ""(?i)"" & $B$21 &""_"" & $A48), NOT(REGEXMATCH(SemEval_2025_T2!$A$3:$A$100, ""(?i)complete"")) )"),0.285599999999999) -> 0.2856 | D48: =IFERROR(__xludf.DUMMYFUNCTION("FILTER(SemEval_2025_T2!$E$3:$E$100, REGEXMATCH(SemEval_2025_T2!$A$3:$A$100, ""(?i)"" & $D$21 &""_"" & $A48), NOT(REGEXMATCH(SemEval_2025_T2!$A$3:$A$100, ""(?i)complete"")) )"),0.3714) -> 0.3714 | E48: =IFERROR(__xludf.DUMMYFUNCTION("FILTER(SemEval_2025_T2!$F$3:$F$100, REGEXMATCH(SemEval_2025_T2!$A$3:$A$100, ""(?i)"" & $D$21 &""_"" & $A48), NOT(REGEXMATCH(SemEval_2025_T2!$A$3:$A$100, ""(?i)complete"")) )"),0.204599999999999) -> 0.2046 | F48: =IFERROR(__xludf.DUMMYFUNCTION("FILTER(SemEval_2025_T2!$E$3:$E$100, REGEXMATCH(SemEval_2025_T2!$A$3:$A$100, ""(?i)"" & $F$21 &""_"" & $A48), NOT(REGEXMATCH(SemEval_2025_T2!$A$3:$A$100, ""(?i)complete"")) )"),0.2814) -> 0.2814 | G48: =IFERROR(__xludf.DUMMYFUNCTION("FILTER(SemEval_2025_T2!$F$3:$F$100, REGEXMATCH(SemEval_2025_T2!$A$3:$A$100, ""(?i)"" & $F$21 &""_"" & $A48), NOT(REGEXMATCH(SemEval_2025_T2!$A$3:$A$100, ""(?i)complete"")) )"),0.1774) -> 0.1774 | H48: =IFERROR(__xludf.DUMMYFUNCTION("FILTER(SemEval_2025_T2!$E$3:$E$100, REGEXMATCH(SemEval_2025_T2!$A$3:$A$100, ""(?i)"" & $H$21 &""_"" & $A48), NOT(REGEXMATCH(SemEval_2025_T2!$A$3:$A$100, ""(?i)complete"")) )"),0.1878) -> 0.1878 | I48: =IFERROR(__xludf.DUMMYFUNCTION("FILTER(SemEval_2025_T2!$F$3:$F$100, REGEXMATCH(SemEval_2025_T2!$A$3:$A$100, ""(?i)"" & $H$21 &""_"" & $A48), NOT(REGEXMATCH(SemEval_2025_T2!$A$3:$A$100, ""(?i)complete"")) )"),0.0782) -> 0.0782
A49: delta_own_description | B49: =B41-B48 -> 0.0524 | C49: =C41-C48 -> 0.036 | D49: =D41-D48 -> -0.0816 | E49: =E41-E48 -> 0.0832 | F49: =F41-F48 -> 0.0818 | G49: =G41-G48 -> -0.031 | H49: =H41-H48 -> 0.0072 | I49: =I41-I48 -> 0.039 | J49: =AVERAGE(B49,D49,F49,H49) -> 0.01495 | K49: =AVERAGE(C49,E49,G49,I49) -> 0.0318 | L49: =AVERAGE(J49,K49) -> 0.023375
A50: gpt_title_description | B50: =IFERROR(__xludf.DUMMYFUNCTION("FILTER(SemEval_2025_T2!$E$3:$E$100, REGEXMATCH(SemEval_2025_T2!$A$3:$A$100, ""(?i)"" & $B$21 &""_"" & $A50), NOT(REGEXMATCH(SemEval_2025_T2!$A$3:$A$100, ""(?i)complete"")) )"),0.4574) -> 0.4574 | C50: =IFERROR(__xludf.DUMMYFUNCTION("FILTER(SemEval_2025_T2!$F$3:$F$100, REGEXMATCH(SemEval_2025_T2!$A$3:$A$100, ""(?i)"" & $B$21 &""_"" & $A50), NOT(REGEXMATCH(SemEval_2025_T2!$A$3:$A$100, ""(?i)complete"")) )"),0.267) -> 0.267 | D50: =IFERROR(__xludf.DUMMYFUNCTION("FILTER(SemEval_2025_T2!$E$3:$E$100, REGEXMATCH(SemEval_2025_T2!$A$3:$A$100, ""(?i)"" & $D$21 &""_"" & $A50), NOT(REGEXMATCH(SemEval_2025_T2!$A$3:$A$100, ""(?i)complete"")) )"),0.3716) -> 0.3716 | E50: =IFERROR(__xludf.DUMMYFUNCTION("FILTER(SemEval_2025_T2!$F$3:$F$100, REGEXMATCH(SemEval_2025_T2!$A$3:$A$100, ""(?i)"" & $D$21 &""_"" & $A50), NOT(REGEXMATCH(SemEval_2025_T2!$A$3:$A$100, ""(?i)complete"")) )"),0.2182) -> 0.2182 | F50: =IFERROR(__xludf.DUMMYFUNCTION("FILTER(SemEval_2025_T2!$E$3:$E$100, REGEXMATCH(SemEval_2025_T2!$A$3:$A$100, ""(?i)"" & $F$21 &""_"" & $A50), NOT(REGEXMATCH(SemEval_2025_T2!$A$3:$A$100, ""(?i)complete"")) )"),0.2834) -> 0.2834 | G50: =IFERROR(__xludf.DUMMYFUNCTION("FILTER(SemEval_2025_T2!$F$3:$F$100, REGEXMATCH(SemEval_2025_T2!$A$3:$A$100, ""(?i)"" & $F$21 &""_"" & $A50), NOT(REGEXMATCH(SemEval_2025_T2!$A$3:$A$100, ""(?i)complete"")) )"),0.1776) -> 0.1776 | H50: =IFERROR(__xludf.DUMMYFUNCTION("FILTER(SemEval_2025_T2!$E$3:$E$100, REGEXMATCH(SemEval_2025_T2!$A$3:$A$100, ""(?i)"" & $H$21 &""_"" & $A50), NOT(REGEXMATCH(SemEval_2025_T2!$A$3:$A$100, ""(?i)complete"")) )"),0.175799999999999) -> 0.1758 | I50: =IFERROR(__xludf.DUMMYFUNCTION("FILTER(SemEval_2025_T2!$F$3:$F$100, REGEXMATCH(SemEval_2025_T2!$A$3:$A$100, ""(?i)"" & $H$21 &""_"" & $A50), NOT(REGEXMATCH(SemEval_2025_T2!$A$3:$A$100, ""(?i)complete"")) )"),0.0826) -> 0.0826
A51: delta_gpt_description | B51: =B41-B50 -> 0.0632 | C51: =C41-C50 -> 0.0546 | D51: =D41-D50 -> -0.0818 | E51: =E41-E50 -> 0.0696 | F51: =F41-F50 -> 0.0798 | G51: =G41-G50 -> -0.0312 | H51: =H41-H50 -> 0.0192 | I51: =I41-I50 -> 0.0346 | J51: =AVERAGE(B51,D51,F51,H51) -> 0.0201 | K51: =AVERAGE(C51,E51,G51,I51) -> 0.0319 | L51: =AVERAGE(J51,K51) -> 0.026
A52: title_description_complete | B52: =IFERROR(__xludf.DUMMYFUNCTION("FILTER(SemEval_2025_T2!$E$3:$E$100, REGEXMATCH(SemEval_2025_T2!$A$3:$A$100, ""(?i)"" & $B$21 &""_"" & $A52) )"),0.453599999999999) -> 0.4536 | C52: =IFERROR(__xludf.DUMMYFUNCTION("FILTER(SemEval_2025_T2!$F$3:$F$100, REGEXMATCH(SemEval_2025_T2!$A$3:$A$100, ""(?i)"" & $B$21 &""_"" & $A52) )"),0.2698) -> 0.2698 | D52: =IFERROR(__xludf.DUMMYFUNCTION("FILTER(SemEval_2025_T2!$E$3:$E$100, REGEXMATCH(SemEval_2025_T2!$A$3:$A$100, ""(?i)"" & $D$21 &""_"" & $A52) )"),0.3854) -> 0.3854 | E52: =IFERROR(__xludf.DUMMYFUNCTION("FILTER(SemEval_2025_T2!$F$3:$F$100, REGEXMATCH(SemEval_2025_T2!$A$3:$A$100, ""(?i)"" & $D$21 &""_"" & $A52) )"),0.1814) -> 0.1814 | F52: =IFERROR(__xludf.DUMMYFUNCTION("FILTER(SemEval_2025_T2!$E$3:$E$100, REGEXMATCH(SemEval_2025_T2!$A$3:$A$100, ""(?i)"" & $F$21 &""_"" & $A52) )"),0.2652) -> 0.2652 | G52: =IFERROR(__xludf.DUMMYFUNCTION("FILTER(SemEval_2025_T2!$F$3:$F$100, REGEXMATCH(SemEval_2025_T2!$A$3:$A$100, ""(?i)"" & $F$21 &""_"" & $A52) )"),0.0809999999999999) -> 0.081 | H52: =IFERROR(__xludf.DUMMYFUNCTION("FILTER(SemEval_2025_T2!$E$3:$E$100, REGEXMATCH(SemEval_2025_T2!$A$3:$A$100, ""(?i)"" & $H$21 &""_"" & $A52) )"),0.089) -> 0.089 | I52: =IFERROR(__xludf.DUMMYFUNCTION("FILTER(SemEval_2025_T2!$F$3:$F$100, REGEXMATCH(SemEval_2025_T2!$A$3:$A$100, ""(?i)"" & $H$21 &""_"" & $A52) )"),0.0288) -> 0.0288
A53: delta_own_description_comp | B53: =B41-B52 -> 0.067 | C53: =C41-C52 -> 0.0518 | D53: =D41-D52 -> -0.0956 | E53: =E41-E52 -> 0.1064 | F53: =F41-F52 -> 0.098 | G53: =G41-G52 -> 0.0654 | H53: =H41-H52 -> 0.106 | I53: =I41-I52 -> 0.0884 | J53: =AVERAGE(B53,D53,F53,H53) -> 0.04385 | K53: =AVERAGE(C53,E53,G53,I53) -> 0.078 | L53: =AVERAGE(J53,K53) -> 0.060925
A54: gpt_title_description_complete | B54: =IFERROR(__xludf.DUMMYFUNCTION("FILTER(SemEval_2025_T2!$E$3:$E$100, REGEXMATCH(SemEval_2025_T2!$A$3:$A$100, ""(?i)"" & $B$21 &""_"" & $A54) )"),0.45) -> 0.45 | C54: =IFERROR(__xludf.DUMMYFUNCTION("FILTER(SemEval_2025_T2!$F$3:$F$100, REGEXMATCH(SemEval_2025_T2!$A$3:$A$100, ""(?i)"" & $B$21 &""_"" & $A54) )"),0.2692) -> 0.2692 | D54: =IFERROR(__xludf.DUMMYFUNCTION("FILTER(SemEval_2025_T2!$E$3:$E$100, REGEXMATCH(SemEval_2025_T2!$A$3:$A$100, ""(?i)"" & $D$21 &""_"" & $A54) )"),0.3804) -> 0.3804 | E54: =IFERROR(__xludf.DUMMYFUNCTION("FILTER(SemEval_2025_T2!$F$3:$F$100, REGEXMATCH(SemEval_2025_T2!$A$3:$A$100, ""(?i)"" & $D$21 &""_"" & $A54) )"),0.1926) -> 0.1926 | F54: =IFERROR(__xludf.DUMMYFUNCTION("FILTER(SemEval_2025_T2!$E$3:$E$100, REGEXMATCH(SemEval_2025_T2!$A$3:$A$100, ""(?i)"" & $F$21 &""_"" & $A54) )"),0.2804) -> 0.2804 | G54: =IFERROR(__xludf.DUMMYFUNCTION("FILTER(SemEval_2025_T2!$F$3:$F$100, REGEXMATCH(SemEval_2025_T2!$A$3:$A$100, ""(?i)"" & $F$21 &""_"" & $A54) )"),0.136) -> 0.136 | H54: =IFERROR(__xludf.DUMMYFUNCTION("FILTER(SemEval_2025_T2!$E$3:$E$100, REGEXMATCH(SemEval_2025_T2!$A$3:$A$100, ""(?i)"" & $H$21 &""_"" & $A54) )"),0.1236) -> 0.1236 | I54: =IFERROR(__xludf.DUMMYFUNCTION("FILTER(SemEval_2025_T2!$F$3:$F$100, REGEXMATCH(SemEval_2025_T2!$A$3:$A$100, ""(?i)"" & $H$21 &""_"" & $A54) )"),0.044) -> 0.044
A55: delta_gpt_description_comp | B55: =B41-B54 -> 0.0706 | C55: =C41-C54 -> 0.0524 | D55: =D41-D54 -> -0.0906 | E55: =E41-E54 -> 0.0952 | F55: =F41-F54 -> 0.0828 | G55: =G41-G54 -> 0.0104 | H55: =H41-H54 -> 0.0714 | I55: =I41-I54 -> 0.0732 | J55: =AVERAGE(B55,D55,F55,H55) -> 0.03355 | K55: =AVERAGE(C55,E55,G55,I55) -> 0.0578 | L55: =AVERAGE(J55,K55) -> 0.045675
B56: =AVERAGE(B43,B45,B47,B49,B51,B53,B55) -> 0.058371429 | C56: =AVERAGE(C43,C45,C47,C49,C51,C53,C55) -> 0.047457143 | D56: =AVERAGE(D43,D45,D47,D49,D51,D53,D55) -> -0.089828571 | E56: =AVERAGE(E43,E45,E47,E49,E51,E53,E55) -> 0.070828571 | F56: =AVERAGE(F43,F45,F47,F49,F51,F53,F55) -> 0.0708 | G56: =AVERAGE(G43,G45,G47,G49,G51,G53,G55) -> -0.0076571429 | H56: =AVERAGE(H43,H45,H47,H49,H51,H53,H55) -> 0.042771429 | I56: =AVERAGE(I43,I45,I47,I49,I51,I53,I55) -> 0.054257143
B57: =AVERAGE(B56,C56) -> 0.052914286 | D57: =AVERAGE(D56,E56) -> -0.0095 | F57: =AVERAGE(F56,G56) -> 0.031571429 | H57: =AVERAGE(H56,I56) -> 0.048514286
A59: all_in_one | B59: calme | D59: gemma | F59: exaone | H59: granite
A60: no_no | B60: =IFERROR(__xludf.DUMMYFUNCTION("FILTER(SemEval_2025_T2!$C$3:$C$100, REGEXMATCH(SemEval_2025_T2!$A$3:$A$100, ""(?i)"" & $B$21 &""_"" & $A60) )"),0.4038) -> 0.4038 | C60: =IFERROR(__xludf.DUMMYFUNCTION("FILTER(SemEval_2025_T2!$D$3:$D$100, REGEXMATCH(SemEval_2025_T2!$A$3:$A$100, ""(?i)"" & $B$21 &""_"" & $A60) )"),0.2144) -> 0.2144 | D60: =IFERROR(__xludf.DUMMYFUNCTION("FILTER(SemEval_2025_T2!$C$3:$C$100, REGEXMATCH(SemEval_2025_T2!$A$3:$A$100, ""(?i)"" & $D$21 &""_"" & $A60) )"),0.285599999999999) -> 0.2856 | E60: =IFERROR(__xludf.DUMMYFUNCTION("FILTER(SemEval_2025_T2!$D$3:$D$100, REGEXMATCH(SemEval_2025_T2!$A$3:$A$100, ""(?i)"" & $D$21 &""_"" & $A60) )"),0.284199999999999) -> 0.2842 | F60: =IFERROR(__xludf.DUMMYFUNCTION("FILTER(SemEval_2025_T2!$C$3:$C$100, REGEXMATCH(SemEval_2025_T2!$A$3:$A$100, ""(?i)"" & $F$21 &""_"" & $A60) )"),0.2604) -> 0.2604 | G60: =IFERROR(__xludf.DUMMYFUNCTION("FILTER(SemEval_2025_T2!$D$3:$D$100, REGEXMATCH(SemEval_2025_T2!$A$3:$A$100, ""(?i)"" & $F$21 &""_"" & $A60) )"),0.1682) -> 0.1682 | H60: =IFERROR(__xludf.DUMMYFUNCTION("FILTER(SemEval_2025_T2!$C$3:$C$100, REGEXMATCH(SemEval_2025_T2!$A$3:$A$100, ""(?i)"" & $H$21 &""_"" & $A60) )"),0.1712) -> 0.1712 | I60: =IFERROR(__xludf.DUMMYFUNCTION("FILTER(SemEval_2025_T2!$D$3:$D$100, REGEXMATCH(SemEval_2025_T2!$A$3:$A$100, ""(?i)"" & $H$21 &""_"" & $A60) )"),0.1196) -> 0.1196
A61: original_original | B61: =IFERROR(__xludf.DUMMYFUNCTION("FILTER(SemEval_2025_T2!$C$3:$C$100, REGEXMATCH(SemEval_2025_T2!$A$3:$A$100, ""(?i)"" & $B$21 &""_"" & $A61) )"),0.3806) -> 0.3806 | C61: =IFERROR(__xludf.DUMMYFUNCTION("FILTER(SemEval_2025_T2!$D$3:$D$100, REGEXMATCH(SemEval_2025_T2!$A$3:$A$100, ""(?i)"" & $B$21 &""_"" & $A61) )"),0.2112) -> 0.2112 | D61: =IFERROR(__xludf.DUMMYFUNCTION("FILTER(SemEval_2025_T2!$C$3:$C$100, REGEXMATCH(SemEval_2025_T2!$A$3:$A$100, ""(?i)"" & $D$21 &""_"" & $A61) )"),0.291599999999999) -> 0.2916 | E61: =IFERROR(__xludf.DUMMYFUNCTION("FILTER(SemEval_2025_T2!$D$3:$D$100, REGEXMATCH(SemEval_2025_T2!$A$3:$A$100, ""(?i)"" & $D$21 &""_"" & $A61) )"),0.2844) -> 0.2844 | F61: =IFERROR(__xludf.DUMMYFUNCTION("FILTER(SemEval_2025_T2!$C$3:$C$100, REGEXMATCH(SemEval_2025_T2!$A$3:$A$100, ""(?i)"" & $F$21 &""_"" & $A61) )"),0.2748) -> 0.2748 | G61: =IFERROR(__xludf.DUMMYFUNCTION("FILTER(SemEval_2025_T2!$D$3:$D$100, REGEXMATCH(SemEval_2025_T2!$A$3:$A$100, ""(?i)"" & $F$21 &""_"" & $A61) )"),0.187199999999999) -> 0.1872 | H61: =IFERROR(__xludf.DUMMYFUNCTION("FILTER(SemEval_2025_T2!$C$3:$C$100, REGEXMATCH(SemEval_2025_T2!$A$3:$A$100, ""(?i)"" & $H$21 &""_"" & $A61) )"),0.1846) -> 0.1846 | I61: =IFERROR(__xludf.DUMMYFUNCTION("FILTER(SemEval_2025_T2!$D$3:$D$100, REGEXMATCH(SemEval_2025_T2!$A$3:$A$100, ""(?i)"" & $H$21 &""_"" & $A61) )"),0.1186) -> 0.1186
A62: delta_original | B62: =B60-B61 -> 0.0232 | C62: =C60-C61 -> 0.0032 | D62: =D60-D61 -> -0.006 | E62: =E60-E61 -> -0.0002 | F62: =F60-F61 -> -0.0144 | G62: =G60-G61 -> -0.019 | H62: =H60-H61 -> -0.0134 | I62: =I60-I61 -> 0.001 | J62: =AVERAGE(B62,D62,F62,H62) -> -0.00265 | K62: =AVERAGE(C62,E62,G62,I62) -> -0.00375 | L62: =AVERAGE(J62,K62) -> -0.0032
A63: only_title | B63: =IFERROR(__xludf.DUMMYFUNCTION("FILTER(SemEval_2025_T2!$C$3:$C$100, REGEXMATCH(SemEval_2025_T2!$A$3:$A$100, ""(?i)"" & $B$21 &""_"" & $A63) )"),0.3578) -> 0.3578 | C63: =IFERROR(__xludf.DUMMYFUNCTION("FILTER(SemEval_2025_T2!$D$3:$D$100, REGEXMATCH(SemEval_2025_T2!$A$3:$A$100, ""(?i)"" & $B$21 &""_"" & $A63) )"),0.188) -> 0.188 | D63: =IFERROR(__xludf.DUMMYFUNCTION("FILTER(SemEval_2025_T2!$C$3:$C$100, REGEXMATCH(SemEval_2025_T2!$A$3:$A$100, ""(?i)"" & $D$21 &""_"" & $A63) )"),0.2704) -> 0.2704 | E63: =IFERROR(__xludf.DUMMYFUNCTION("FILTER(SemEval_2025_T2!$D$3:$D$100, REGEXMATCH(SemEval_2025_T2!$A$3:$A$100, ""(?i)"" & $D$21 &""_"" & $A63) )"),0.2434) -> 0.2434 | F63: =IFERROR(__xludf.DUMMYFUNCTION("FILTER(SemEval_2025_T2!$C$3:$C$100, REGEXMATCH(SemEval_2025_T2!$A$3:$A$100, ""(?i)"" & $F$21 &""_"" & $A63) )"),0.1898) -> 0.1898 | G63: =IFERROR(__xludf.DUMMYFUNCTION("FILTER(SemEval_2025_T2!$D$3:$D$100, REGEXMATCH(SemEval_2025_T2!$A$3:$A$100, ""(?i)"" & $F$21 &""_"" & $A63) )"),0.1254) -> 0.1254 | H63: =IFERROR(__xludf.DUMMYFUNCTION("FILTER(SemEval_2025_T2!$C$3:$C$100, REGEXMATCH(SemEval_2025_T2!$A$3:$A$100, ""(?i)"" & $H$21 &""_"" & $A63) )"),0.1968) -> 0.1968 | I63: =IFERROR(__xludf.DUMMYFUNCTION("FILTER(SemEval_2025_T2!$D$3:$D$100, REGEXMATCH(SemEval_2025_T2!$A$3:$A$100, ""(?i)"" & $H$21 &""_"" & $A63) )"),0.161199999999999) -> 0.1612
A64: delta_own_title | B64: =B60-B63 -> 0.046 | C64: =C60-C63 -> 0.0264 | D64: =D60-D63 -> 0.0152 | E64: =E60-E63 -> 0.0408 | F64: =F60-F63 -> 0.0706 | G64: =G60-G63 -> 0.0428 | H64: =H60-H63 -> -0.0256 | I64: =I60-I63 -> -0.0416 | J64: =AVERAGE(B64,D64,F64,H64) -> 0.02655 | K64: =AVERAGE(C64,E64,G64,I64) -> 0.0171 | L64: =AVERAGE(J64,K64) -> 0.021825
A65: gpt_only_title | B65: =IFERROR(__xludf.DUMMYFUNCTION("FILTER(SemEval_2025_T2!$C$3:$C$100, REGEXMATCH(SemEval_2025_T2!$A$3:$A$100, ""(?i)"" & $B$21 &""_"" & $A65) )"),0.3814) -> 0.3814 | C65: =IFERROR(__xludf.DUMMYFUNCTION("FILTER(SemEval_2025_T2!$D$3:$D$100, REGEXMATCH(SemEval_2025_T2!$A$3:$A$100, ""(?i)"" & $B$21 &""_"" & $A65) )"),0.2058) -> 0.2058 | D65: =IFERROR(__xludf.DUMMYFUNCTION("FILTER(SemEval_2025_T2!$C$3:$C$100, REGEXMATCH(SemEval_2025_T2!$A$3:$A$100, ""(?i)"" & $D$21 &""_"" & $A65) )"),0.2782) -> 0.2782 | E65: =IFERROR(__xludf.DUMMYFUNCTION("FILTER(SemEval_2025_T2!$D$3:$D$100, REGEXMATCH(SemEval_2025_T2!$A$3:$A$100, ""(?i)"" & $D$21 &""_"" & $A65) )"),0.2544) -> 0.2544 | F65: =IFERROR(__xludf.DUMMYFUNCTION("FILTER(SemEval_2025_T2!$C$3:$C$100, REGEXMATCH(SemEval_2025_T2!$A$3:$A$100, ""(?i)"" & $F$21 &""_"" & $A65) )"),0.1596) -> 0.1596 | G65: =IFERROR(__xludf.DUMMYFUNCTION("FILTER(SemEval_2025_T2!$D$3:$D$100, REGEXMATCH(SemEval_2025_T2!$A$3:$A$100, ""(?i)"" & $F$21 &""_"" & $A65) )"),0.0998) -> 0.0998 | H65: =IFERROR(__xludf.DUMMYFUNCTION("FILTER(SemEval_2025_T2!$C$3:$C$100, REGEXMATCH(SemEval_2025_T2!$A$3:$A$100, ""(?i)"" & $H$21 &""_"" & $A65) )"),0.1936) -> 0.1936 | I65: =IFERROR(__xludf.DUMMYFUNCTION("FILTER(SemEval_2025_T2!$D$3:$D$100, REGEXMATCH(SemEval_2025_T2!$A$3:$A$100, ""(?i)"" & $H$21 &""_"" & $A65) )"),0.1488) -> 0.1488
A66: delta_gpt_title | B66: =B60-B65 -> 0.0224 | C66: =C60-C65 -> 0.0086 | D66: =D60-D65 -> 0.0074 | E66: =E60-E65 -> 0.0298 | F66: =F60-F65 -> 0.1008 | G66: =G60-G65 -> 0.0684 | H66: =H60-H65 -> -0.0224 | I66: =I60-I65 -> -0.0292 | J66: =AVERAGE(B66,D66,F66,H66) -> 0.02705 | K66: =AVERAGE(C66,E66,G66,I66) -> 0.0194 | L66: =AVERAGE(J66,K66) -> 0.023225
A67: title_description | D67: =IFERROR(__xludf.DUMMYFUNCTION("FILTER(SemEval_2025_T2!$C$3:$C$100, REGEXMATCH(SemEval_2025_T2!$A$3:$A$100, ""(?i)"" & $D$21 &""_"" & $A67), NOT(REGEXMATCH(SemEval_2025_T2!$A$3:$A$100, ""(?i)complete"")) )"),0.2542) -> 0.2542 | E67: =IFERROR(__xludf.DUMMYFUNCTION("FILTER(SemEval_2025_T2!$D$3:$D$100, REGEXMATCH(SemEval_2025_T2!$A$3:$A$100, ""(?i)"" & $D$21 &""_"" & $A67), NOT(REGEXMATCH(SemEval_2025_T2!$A$3:$A$100, ""(?i)complete"")) )"),0.242) -> 0.242 | F67: =IFERROR(__xludf.DUMMYFUNCTION("FILTER(SemEval_2025_T2!$C$3:$C$100, REGEXMATCH(SemEval_2025_T2!$A$3:$A$100, ""(?i)"" & $F$21 &""_"" & $A67), NOT(REGEXMATCH(SemEval_2025_T2!$A$3:$A$100, ""(?i)complete"")) )"),0.1898) -> 0.1898 | G67: =IFERROR(__xludf.DUMMYFUNCTION("FILTER(SemEval_2025_T2!$D$3:$D$100, REGEXMATCH(SemEval_2025_T2!$A$3:$A$100, ""(?i)"" & $F$21 &""_"" & $A67), NOT(REGEXMATCH(SemEval_2025_T2!$A$3:$A$100, ""(?i)complete"")) )"),0.118799999999999) -> 0.1188 | H67: =IFERROR(__xludf.DUMMYFUNCTION("FILTER(SemEval_2025_T2!$C$3:$C$100, REGEXMATCH(SemEval_2025_T2!$A$3:$A$100, ""(?i)"" & $H$21 &""_"" & $A67), NOT(REGEXMATCH(SemEval_2025_T2!$A$3:$A$100, ""(?i)complete"")) )"),0.1724) -> 0.1724 | I67: =IFERROR(__xludf.DUMMYFUNCTION("FILTER(SemEval_2025_T2!$D$3:$D$100, REGEXMATCH(SemEval_2025_T2!$A$3:$A$100, ""(?i)"" & $H$21 &""_"" & $A67), NOT(REGEXMATCH(SemEval_2025_T2!$A$3:$A$100, ""(?i)complete"")) )"),0.1396) -> 0.1396
A68: delta_own_description | D68: =D60-D67 -> 0.0314 | E68: =E60-E67 -> 0.0422 | F68: =F60-F67 -> 0.0706 | G68: =G60-G67 -> 0.0494 | H68: =H60-H67 -> -0.0012 | I68: =I60-I67 -> -0.02 | J68: =AVERAGE(B68,D68,F68,H68) -> 0.0336 | K68: =AVERAGE(C68,E68,G68,I68) -> 0.023866667 | L68: =AVERAGE(J68,K68) -> 0.028733333
A69: gpt_title_description | B69: =IFERROR(__xludf.DUMMYFUNCTION("FILTER(SemEval_2025_T2!$C$3:$C$100, REGEXMATCH(SemEval_2025_T2!$A$3:$A$100, ""(?i)"" & $B$21 &""_"" & $A69), NOT(REGEXMATCH(SemEval_2025_T2!$A$3:$A$100, ""(?i)complete"")) )"),0.372) -> 0.372 | C69: =IFERROR(__xludf.DUMMYFUNCTION("FILTER(SemEval_2025_T2!$D$3:$D$100, REGEXMATCH(SemEval_2025_T2!$A$3:$A$100, ""(?i)"" & $B$21 &""_"" & $A69), NOT(REGEXMATCH(SemEval_2025_T2!$A$3:$A$100, ""(?i)complete"")) )"),0.2172) -> 0.2172 | D69: =IFERROR(__xludf.DUMMYFUNCTION("FILTER(SemEval_2025_T2!$C$3:$C$100, REGEXMATCH(SemEval_2025_T2!$A$3:$A$100, ""(?i)"" & $D$21 &""_"" & $A69), NOT(REGEXMATCH(SemEval_2025_T2!$A$3:$A$100, ""(?i)complete"")) )"),0.2652) -> 0.2652 | E69: =IFERROR(__xludf.DUMMYFUNCTION("FILTER(SemEval_2025_T2!$D$3:$D$100, REGEXMATCH(SemEval_2025_T2!$A$3:$A$100, ""(?i)"" & $D$21 &""_"" & $A69), NOT(REGEXMATCH(SemEval_2025_T2!$A$3:$A$100, ""(?i)complete"")) )"),0.2544) -> 0.2544 | F69: =IFERROR(__xludf.DUMMYFUNCTION("FILTER(SemEval_2025_T2!$C$3:$C$100, REGEXMATCH(SemEval_2025_T2!$A$3:$A$100, ""(?i)"" & $F$21 &""_"" & $A69), NOT(REGEXMATCH(SemEval_2025_T2!$A$3:$A$100, ""(?i)complete"")) )"),0.1788) -> 0.1788 | G69: =IFERROR(__xludf.DUMMYFUNCTION("FILTER(SemEval_2025_T2!$D$3:$D$100, REGEXMATCH(SemEval_2025_T2!$A$3:$A$100, ""(?i)"" & $F$21 &""_"" & $A69), NOT(REGEXMATCH(SemEval_2025_T2!$A$3:$A$100, ""(?i)complete"")) )"),0.0958) -> 0.0958 | H69: =IFERROR(__xludf.DUMMYFUNCTION("FILTER(SemEval_2025_T2!$C$3:$C$100, REGEXMATCH(SemEval_2025_T2!$A$3:$A$100, ""(?i)"" & $H$21 &""_"" & $A69), NOT(REGEXMATCH(SemEval_2025_T2!$A$3:$A$100, ""(?i)complete"")) )"),0.1888) -> 0.1888 | I69: =IFERROR(__xludf.DUMMYFUNCTION("FILTER(SemEval_2025_T2!$D$3:$D$100, REGEXMATCH(SemEval_2025_T2!$A$3:$A$100, ""(?i)"" & $H$21 &""_"" & $A69), NOT(REGEXMATCH(SemEval_2025_T2!$A$3:$A$100, ""(?i)complete"")) )"),0.1394) -> 0.1394
A70: delta_gpt_description | B70: =B60-B69 -> 0.0318 | C70: =C60-C69 -> -0.0028 | D70: =D60-D69 -> 0.0204 | E70: =E60-E69 -> 0.0298 | F70: =F60-F69 -> 0.0816 | G70: =G60-G69 -> 0.0724 | H70: =H60-H69 -> -0.0176 | I70: =I60-I69 -> -0.0198 | J70: =AVERAGE(B70,D70,F70,H70) -> 0.02905 | K70: =AVERAGE(C70,E70,G70,I70) -> 0.0199 | L70: =AVERAGE(J70,K70) -> 0.024475
A71: title_description_complete | H71: =IFERROR(__xludf.DUMMYFUNCTION("FILTER(SemEval_2025_T2!$C$3:$C$100, REGEXMATCH(SemEval_2025_T2!$A$3:$A$100, ""(?i)"" & $H$21 &""_"" & $A71) )"),0.1444) -> 0.1444 | I71: =IFERROR(__xludf.DUMMYFUNCTION("FILTER(SemEval_2025_T2!$D$3:$D$100, REGEXMATCH(SemEval_2025_T2!$A$3:$A$100, ""(?i)"" & $H$21 &""_"" & $A71) )"),0.1102) -> 0.1102
A72: delta_own_description_comp | H72: =H60-H71 -> 0.0268 | I72: =I60-I71 -> 0.0094 | J72: =AVERAGE(B72,D72,F72,H72) -> 0.0268 | K72: =AVERAGE(C72,E72,G72,I72) -> 0.0094 | L72: =AVERAGE(J72,K72) -> 0.0181
A73: gpt_title_description_complete | H73: =IFERROR(__xludf.DUMMYFUNCTION("FILTER(SemEval_2025_T2!$C$3:$C$100, REGEXMATCH(SemEval_2025_T2!$A$3:$A$100, ""(?i)"" & $H$21 &""_"" & $A73) )"),0.2008) -> 0.2008 | I73: =IFERROR(__xludf.DUMMYFUNCTION("FILTER(SemEval_2025_T2!$D$3:$D$100, REGEXMATCH(SemEval_2025_T2!$A$3:$A$100, ""(?i)"" & $H$21 &""_"" & $A73) )"),0.1686) -> 0.1686
A74: delta_gpt_description_comp | H74: =H60-H73 -> -0.0296 | I74: =I60-I73 -> -0.049 | J74: =AVERAGE(B74,D74,F74,H74) -> -0.0296 | K74: =AVERAGE(C74,E74,G74,I74) -> -0.049 | L74: =AVERAGE(J74,K74) -> -0.0393
B75: =AVERAGE(B62,B64,B66,B68,B70,B72,B74) -> 0.03085 | C75: =AVERAGE(C62,C64,C66,C68,C70,C72,C74) -> 0.00885 | D75: =AVERAGE(D62,D64,D66,D68,D70,D72,D74) -> 0.01368 | E75: =AVERAGE(E62,E64,E66,E68,E70,E72,E74) -> 0.02848 | F75: =AVERAGE(F62,F64,F66,F68,F70,F72,F74) -> 0.06184 | G75: =AVERAGE(G62,G64,G66,G68,G70,G72,G74) -> 0.0428 | H75: =AVERAGE(H62,H64,H66,H68,H70,H72,H74) -> -0.011857143 | I75: =AVERAGE(I62,I64,I66,I68,I70,I72,I74) -> -0.021314286
B76: =AVERAGE(B75,C75) -> 0.01985 | D76: =AVERAGE(D75,E75) -> 0.02108 | F76: =AVERAGE(F75,G75) -> 0.05232 | H76: =AVERAGE(H75,I75) -> -0.016585714
H80: 2.96

Sheet RQ2
A1: RQ2 | B1: Is it better to use the original human defined descriptions of narratives or ask the models to rewrite / improve / extend them? | M1: ALL
A2: dipro | B2: calme | D2: gemma | F2: exaone | H2: granite | L2: Number of models better than original_original | O2: =COUNTIF(B5:I5,"<0") + COUNTIF(B7:I7,"<0") + COUNTIF(B9:I9,"<0") + COUNTIF(B11:I11,"<0") + COUNTIF(B13:I13,"<0") + COUNTIF(B15:I15,"<0") + COUNTIF(B22:I22,"<0") + COUNTIF(B24:I24,"<0") + COUNTIF(B26:I26,"<0") + COUNTIF(B28:I28,"<0") + COUNTIF(B30:I30,"<0") + COUNTIF(B32:I32,"<0") + COUNTIF(B39:I39,"<0") + COUNTIF(B41:I41,"<0") + COUNTIF(B43:I43,"<0") + COUNTIF(B45:I45,"<0") + COUNTIF(B47:I47,"<0") + COUNTIF(B49:I49,"<0") + COUNTIF(B56:I56,"<0") + COUNTIF(B58:I58,"<0") + COUNTIF(B60:I60,"<0") + COUNTIF(B61:I61,"<0") + COUNTIF(B62:I62,"<0") + COUNTIF(B64:I64,"<0") + COUNTIF(B66:I66,"<0") -> 24
A3: original_original | B3: =IFERROR(__xludf.DUMMYFUNCTION("FILTER(Dipromats!C$3:C$101, REGEXMATCH(Dipromats!$A$3:$A$101, ""(?i)"" & $A3) )"),0.638654812715595) -> 0.63865481 | C3: =IFERROR(__xludf.DUMMYFUNCTION("FILTER(Dipromats!D$3:D$101, REGEXMATCH(Dipromats!$A$3:$A$101, ""(?i)"" & $A3) )"),0.613462791622532) -> 0.61346279 | D3: =IFERROR(__xludf.DUMMYFUNCTION("FILTER(Dipromats!E$3:E$101, REGEXMATCH(Dipromats!$A$3:$A$101, ""(?i)"" & $A3) )"),0.624175131263906) -> 0.62417513 | E3: =IFERROR(__xludf.DUMMYFUNCTION("FILTER(Dipromats!F$3:F$101, REGEXMATCH(Dipromats!$A$3:$A$101, ""(?i)"" & $A3) )"),0.593223331315557) -> 0.59322333 | F3: =IFERROR(__xludf.DUMMYFUNCTION("FILTER(Dipromats!G$3:G$101, REGEXMATCH(Dipromats!$A$3:$A$101, ""(?i)"" & $A3) )"),0.572478446675392) -> 0.57247845 | G3: =IFERROR(__xludf.DUMMYFUNCTION("FILTER(Dipromats!H$3:H$101, REGEXMATCH(Dipromats!$A$3:$A$101, ""(?i)"" & $A3) )"),0.534765902917699) -> 0.5347659 | H3: =IFERROR(__xludf.DUMMYFUNCTION("FILTER(Dipromats!I$3:I$101, REGEXMATCH(Dipromats!$A$3:$A$101, ""(?i)"" & $A3) )"),0.335225441305954) -> 0.33522544 | I3: =IFERROR(__xludf.DUMMYFUNCTION("FILTER(Dipromats!J$3:J$101, REGEXMATCH(Dipromats!$A$3:$A$101, ""(?i)"" & $A3) )"),0.352567599779278) -> 0.3525676 | L3: Number of models worse than original_original | O3: =COUNTIF(B5:I5,">0") + COUNTIF(B7:I7,">0") + COUNTIF(B9:I9,">0") + COUNTIF(B11:I11,">0") + COUNTIF(B13:I13,">0") + COUNTIF(B15:I15,">0") + COUNTIF(B22:I22,">0") + COUNTIF(B24:I24,">0") + COUNTIF(B26:I26,">0") + COUNTIF(B28:I28,">0") + COUNTIF(B30:I30,">0") + COUNTIF(B32:I32,">0") + COUNTIF(B39:I39,">0") + COUNTIF(B41:I41,">0") + COUNTIF(B43:I43,">0") + COUNTIF(B45:I45,">0") + COUNTIF(B47:I47,">0") + COUNTIF(B49:I49,">0") + COUNTIF(B56:I56,">0") + COUNTIF(B58:I58,">0") + COUNTIF(B60:I60,">0") + COUNTIF(B61:I61,">0") + COUNTIF(B62:I62,">0") + COUNTIF(B64:I64,">0") + COUNTIF(B66:I66,">0") -> 162
A4: own_title | B4: =IFERROR(__xludf.DUMMYFUNCTION("FILTER(Dipromats!C$3:C$101, REGEXMATCH(Dipromats!$A$3:$A$101, ""(?i)"" & $A4) )"),0.621040280030557) -> 0.62104028 | C4: =IFERROR(__xludf.DUMMYFUNCTION("FILTER(Dipromats!D$3:D$101, REGEXMATCH(Dipromats!$A$3:$A$101, ""(?i)"" & $A4) )"),0.571358654012934) -> 0.57135865 | D4: =IFERROR(__xludf.DUMMYFUNCTION("FILTER(Dipromats!E$3:E$101, REGEXMATCH(Dipromats!$A$3:$A$101, ""(?i)"" & $A4) )"),0.57620875615112) -> 0.57620876 | E4: =IFERROR(__xludf.DUMMYFUNCTION("FILTER(Dipromats!F$3:F$101, REGEXMATCH(Dipromats!$A$3:$A$101, ""(?i)"" & $A4) )"),0.531274741257453) -> 0.53127474 | F4: =IFERROR(__xludf.DUMMYFUNCTION("FILTER(Dipromats!G$3:G$101, REGEXMATCH(Dipromats!$A$3:$A$101, ""(?i)"" & $A4) )"),0.506150051999198) -> 0.50615005 | G4: =IFERROR(__xludf.DUMMYFUNCTION("FILTER(Dipromats!H$3:H$101, REGEXMATCH(Dipromats!$A$3:$A$101, ""(?i)"" & $A4) )"),0.483697863941618) -> 0.48369786 | H4: =IFERROR(__xludf.DUMMYFUNCTION("FILTER(Dipromats!I$3:I$101, REGEXMATCH(Dipromats!$A$3:$A$101, ""(?i)"" & $A4) )"),0.286129356930116) -> 0.28612936 | I4: =IFERROR(__xludf.DUMMYFUNCTION("FILTER(Dipromats!J$3:J$101, REGEXMATCH(Dipromats!$A$3:$A$101, ""(?i)"" & $A4) )"),0.29837198245895) -> 0.29837198 | L4: Percentage of better models | O4: =100*O2/(O3+O2) -> 12.903226
A5: delta_own_title | B5: =B3-B4 -> 0.017614533 | C5: =C3-C4 -> 0.042104138 | D5: =D3-D4 -> 0.047966375 | E5: =E3-E4 -> 0.06194859 | F5: =F3-F4 -> 0.066328395 | G5: =G3-G4 -> 0.051068039 | H5: =H3-H4 -> 0.049096084 | I5: =I3-I4 -> 0.054195617 | J5: =AVERAGE(B5:I5) -> 0.048790221 | L5: Percentage of worst models | O5: =100*O3/(O2+O3) -> 87.096774
A6: gpt_title | B6: =IFERROR(__xludf.DUMMYFUNCTION("FILTER(Dipromats!C$3:C$101, REGEXMATCH(Dipromats!$A$3:$A$101, ""(?i)"" & $A6) )"),0.608500522443986) -> 0.60850052 | C6: =IFERROR(__xludf.DUMMYFUNCTION("FILTER(Dipromats!D$3:D$101, REGEXMATCH(Dipromats!$A$3:$A$101, ""(?i)"" & $A6) )"),0.565727300132339) -> 0.5657273 | D6: =IFERROR(__xludf.DUMMYFUNCTION("FILTER(Dipromats!E$3:E$101, REGEXMATCH(Dipromats!$A$3:$A$101, ""(?i)"" & $A6) )"),0.583927636565709) -> 0.58392764 | E6: =IFERROR(__xludf.DUMMYFUNCTION("FILTER(Dipromats!F$3:F$101, REGEXMATCH(Dipromats!$A$3:$A$101, ""(?i)"" & $A6) )"),0.523712547832867) -> 0.52371255 | F6: =IFERROR(__xludf.DUMMYFUNCTION("FILTER(Dipromats!G$3:G$101, REGEXMATCH(Dipromats!$A$3:$A$101, ""(?i)"" & $A6) )"),0.524902705155418) -> 0.52490271 | G6: =IFERROR(__xludf.DUMMYFUNCTION("FILTER(Dipromats!H$3:H$101, REGEXMATCH(Dipromats!$A$3:$A$101, ""(?i)"" & $A6) )"),0.490732657736496) -> 0.49073266 | H6: =IFERROR(__xludf.DUMMYFUNCTION("FILTER(Dipromats!I$3:I$101, REGEXMATCH(Dipromats!$A$3:$A$101, ""(?i)"" & $A6) )"),0.267289569310955) -> 0.26728957 | I6: =IFERROR(__xludf.DUMMYFUNCTION("FILTER(Dipromats!J$3:J$101, REGEXMATCH(Dipromats!$A$3:$A$101, ""(?i)"" & $A6) )"),0.297865824391553) -> 0.29786582
A7: delta_gpt_title | B7: =B3-B6 -> 0.03015429 | C7: =C3-C6 -> 0.047735491 | D7: =D3-D6 -> 0.040247495 | E7: =E3-E6 -> 0.069510783 | F7: =F3-F6 -> 0.047575742 | G7: =G3-G6 -> 0.044033245 | H7: =H3-H6 -> 0.067935872 | I7: =I3-I6 -> 0.054701775 | J7: =AVERAGE(B7:I7) -> 0.050236837
A8: own_description | B8: =IFERROR(__xludf.DUMMYFUNCTION("FILTER(Dipromats!C$3:C$101, REGEXMATCH(Dipromats!$A$3:$A$101, ""(?i)"" & $A8), NOT(REGEXMATCH(Dipromats!$A$3:$A$101, ""(?i)complete"")) )"),0.631787462260468) -> 0.63178746 | C8: =IFERROR(__xludf.DUMMYFUNCTION("FILTER(Dipromats!D$3:D$101, REGEXMATCH(Dipromats!$A$3:$A$101, ""(?i)"" & $A8), NOT(REGEXMATCH(Dipromats!$A$3:$A$101, ""(?i)complete"")) )"),0.618216042484733) -> 0.61821604 | D8: =IFERROR(__xludf.DUMMYFUNCTION("FILTER(Dipromats!E$3:E$101, REGEXMATCH(Dipromats!$A$3:$A$101, ""(?i)"" & $A8), NOT(REGEXMATCH(Dipromats!$A$3:$A$101, ""(?i)complete"")) )"),0.586439666342686) -> 0.58643967 | E8: =IFERROR(__xludf.DUMMYFUNCTION("FILTER(Dipromats!F$3:F$101, REGEXMATCH(Dipromats!$A$3:$A$101, ""(?i)"" & $A8), NOT(REGEXMATCH(Dipromats!$A$3:$A$101, ""(?i)complete"")) )"),0.569895182181278) -> 0.56989518 | F8: =IFERROR(__xludf.DUMMYFUNCTION("FILTER(Dipromats!G$3:G$101, REGEXMATCH(Dipromats!$A$3:$A$101, ""(?i)"" & $A8), NOT(REGEXMATCH(Dipromats!$A$3:$A$101, ""(?i)complete"")) )"),0.546258468663482) -> 0.54625847 | G8: =IFERROR(__xludf.DUMMYFUNCTION("FILTER(Dipromats!H$3:H$101, REGEXMATCH(Dipromats!$A$3:$A$101, ""(?i)"" & $A8), NOT(REGEXMATCH(Dipromats!$A$3:$A$101, ""(?i)complete"")) )"),0.512012998082786) -> 0.512013 | H8: =IFERROR(__xludf.DUMMYFUNCTION("FILTER(Dipromats!I$3:I$101, REGEXMATCH(Dipromats!$A$3:$A$101, ""(?i)"" & $A8), NOT(REGEXMATCH(Dipromats!$A$3:$A$101, ""(?i)complete"")) )"),0.288938661231155) -> 0.28893866 | I8: =IFERROR(__xludf.DUMMYFUNCTION("FILTER(Dipromats!J$3:J$101, REGEXMATCH(Dipromats!$A$3:$A$101, ""(?i)"" & $A8), NOT(REGEXMATCH(Dipromats!$A$3:$A$101, ""(?i)complete"")) )"),0.329512617172151) -> 0.32951262
A9: delta_own_description | B9: =B3-B8 -> 0.0068673505 | C9: =C3-C8 -> -0.0047532509 | D9: =D3-D8 -> 0.037735465 | E9: =E3-E8 -> 0.023328149 | F9: =F3-F8 -> 0.026219978 | G9: =G3-G8 -> 0.022752905 | H9: =H3-H8 -> 0.04628678 | I9: =I3-I8 -> 0.023054983 | J9: =AVERAGE(B9:I9) -> 0.022686545
A10: gpt_description | B10: =IFERROR(__xludf.DUMMYFUNCTION("FILTER(Dipromats!C$3:C$101, REGEXMATCH(Dipromats!$A$3:$A$101, ""(?i)"" & $A10), NOT(REGEXMATCH(Dipromats!$A$3:$A$101, ""(?i)complete"")) )"),0.640317661477475) -> 0.64031766 | C10: =IFERROR(__xludf.DUMMYFUNCTION("FILTER(Dipromats!D$3:D$101, REGEXMATCH(Dipromats!$A$3:$A$101, ""(?i)"" & $A10), NOT(REGEXMATCH(Dipromats!$A$3:$A$101, ""(?i)complete"")) )"),0.61354665612827) -> 0.61354666 | D10: =IFERROR(__xludf.DUMMYFUNCTION("FILTER(Dipromats!E$3:E$101, REGEXMATCH(Dipromats!$A$3:$A$101, ""(?i)"" & $A10), NOT(REGEXMATCH(Dipromats!$A$3:$A$101, ""(?i)complete"")) )"),0.613750839783722) -> 0.61375084 | E10: =IFERROR(__xludf.DUMMYFUNCTION("FILTER(Dipromats!F$3:F$101, REGEXMATCH(Dipromats!$A$3:$A$101, ""(?i)"" & $A10), NOT(REGEXMATCH(Dipromats!$A$3:$A$101, ""(?i)complete"")) )"),0.578681917130575) -> 0.57868192 | F10: =IFERROR(__xludf.DUMMYFUNCTION("FILTER(Dipromats!G$3:G$101, REGEXMATCH(Dipromats!$A$3:$A$101, ""(?i)"" & $A10), NOT(REGEXMATCH(Dipromats!$A$3:$A$101, ""(?i)complete"")) )"),0.545763744390765) -> 0.54576374 | G10: =IFERROR(__xludf.DUMMYFUNCTION("FILTER(Dipromats!H$3:H$101, REGEXMATCH(Dipromats!$A$3:$A$101, ""(?i)"" & $A10), NOT(REGEXMATCH(Dipromats!$A$3:$A$101, ""(?i)complete"")) )"),0.524262991587101) -> 0.52426299 | H10: =IFERROR(__xludf.DUMMYFUNCTION("FILTER(Dipromats!I$3:I$101, REGEXMATCH(Dipromats!$A$3:$A$101, ""(?i)"" & $A10), NOT(REGEXMATCH(Dipromats!$A$3:$A$101, ""(?i)complete"")) )"),0.284838731621514) -> 0.28483873 | I10: =IFERROR(__xludf.DUMMYFUNCTION("FILTER(Dipromats!J$3:J$101, REGEXMATCH(Dipromats!$A$3:$A$101, ""(?i)"" & $A10), NOT(REGEXMATCH(Dipromats!$A$3:$A$101, ""(?i)complete"")) )"),0.300772443809359) -> 0.30077244
A11: delta_gpt_description | B11: =B3-B10 -> -0.0016628488 | C11: =C3-C10 -> -8.3864506e-05 | D11: =D3-D10 -> 0.010424291 | E11: =E3-E10 -> 0.014541414 | F11: =F3-F10 -> 0.026714702 | G11: =G3-G10 -> 0.010502911 | H11: =H3-H10 -> 0.05038671 | I11: =I3-I10 -> 0.051795156 | J11: =AVERAGE(B11:I11) -> 0.020327309
A12: own_description_complete | B12: =IFERROR(__xludf.DUMMYFUNCTION("FILTER(Dipromats!C$3:C$101, REGEXMATCH(Dipromats!$A$3:$A$101, ""(?i)"" & $A12) )"),0.632355163340107) -> 0.63235516 | C12: =IFERROR(__xludf.DUMMYFUNCTION("FILTER(Dipromats!D$3:D$101, REGEXMATCH(Dipromats!$A$3:$A$101, ""(?i)"" & $A12) )"),0.606225827187698) -> 0.60622583 | D12: =IFERROR(__xludf.DUMMYFUNCTION("FILTER(Dipromats!E$3:E$101, REGEXMATCH(Dipromats!$A$3:$A$101, ""(?i)"" & $A12) )"),0.535090217689681) -> 0.53509022 | E12: =IFERROR(__xludf.DUMMYFUNCTION("FILTER(Dipromats!F$3:F$101, REGEXMATCH(Dipromats!$A$3:$A$101, ""(?i)"" & $A12) )"),0.477750371254548) -> 0.47775037 | F12: =IFERROR(__xludf.DUMMYFUNCTION("FILTER(Dipromats!G$3:G$101, REGEXMATCH(Dipromats!$A$3:$A$101, ""(?i)"" & $A12) )"),0.457442229094388) -> 0.45744223 | G12: =IFERROR(__xludf.DUMMYFUNCTION("FILTER(Dipromats!H$3:H$101, REGEXMATCH(Dipromats!$A$3:$A$101, ""(?i)"" & $A12) )"),0.427462251024684) -> 0.42746225 | H12: =IFERROR(__xludf.DUMMYFUNCTION("FILTER(Dipromats!I$3:I$101, REGEXMATCH(Dipromats!$A$3:$A$101, ""(?i)"" & $A12) )"),0.245367655632764) -> 0.24536766 | I12: =IFERROR(__xludf.DUMMYFUNCTION("FILTER(Dipromats!J$3:J$101, REGEXMATCH(Dipromats!$A$3:$A$101, ""(?i)"" & $A12) )"),0.282654794342775) -> 0.28265479
A13: delta_own_description_comp | B13: =B3-B12 -> 0.0062996494 | C13: =C3-C12 -> 0.0072369644 | D13: =D3-D12 -> 0.089084914 | E13: =E3-E12 -> 0.11547296 | F13: =F3-F12 -> 0.11503622 | G13: =G3-G12 -> 0.10730365 | H13: =H3-H12 -> 0.089857786 | I13: =I3-I12 -> 0.069912805 | J13: =AVERAGE(B13:I13) -> 0.075025619
A14: gpt_description_complete | B14: =IFERROR(__xludf.DUMMYFUNCTION("FILTER(Dipromats!C$3:C$101, REGEXMATCH(Dipromats!$A$3:$A$101, ""(?i)"" & $A14) )"),0.626620634285161) -> 0.62662063 | C14: =IFERROR(__xludf.DUMMYFUNCTION("FILTER(Dipromats!D$3:D$101, REGEXMATCH(Dipromats!$A$3:$A$101, ""(?i)"" & $A14) )"),0.604801060798369) -> 0.60480106 | D14: =IFERROR(__xludf.DUMMYFUNCTION("FILTER(Dipromats!E$3:E$101, REGEXMATCH(Dipromats!$A$3:$A$101, ""(?i)"" & $A14) )"),0.274748595417237) -> 0.2747486 | E14: =IFERROR(__xludf.DUMMYFUNCTION("FILTER(Dipromats!F$3:F$101, REGEXMATCH(Dipromats!$A$3:$A$101, ""(?i)"" & $A14) )"),0.380177808740426) -> 0.38017781 | F14: =IFERROR(__xludf.DUMMYFUNCTION("FILTER(Dipromats!G$3:G$101, REGEXMATCH(Dipromats!$A$3:$A$101, ""(?i)"" & $A14) )"),0.484593915089339) -> 0.48459392 | G14: =IFERROR(__xludf.DUMMYFUNCTION("FILTER(Dipromats!H$3:H$101, REGEXMATCH(Dipromats!$A$3:$A$101, ""(?i)"" & $A14) )"),0.437797137788191) -> 0.43779714 | H14: =IFERROR(__xludf.DUMMYFUNCTION("FILTER(Dipromats!I$3:I$101, REGEXMATCH(Dipromats!$A$3:$A$101, ""(?i)"" & $A14) )"),0.220620940157727) -> 0.22062094 | I14: =IFERROR(__xludf.DUMMYFUNCTION("FILTER(Dipromats!J$3:J$101, REGEXMATCH(Dipromats!$A$3:$A$101, ""(?i)"" & $A14) )"),0.271705614091627) -> 0.27170561
A15: delta_gpt_description_comp | B15: =B3-B14 -> 0.012034178 | C15: =C3-C14 -> 0.0086617308 | D15: =D3-D14 -> 0.34942654 | E15: =E3-E14 -> 0.21304552 | F15: =F3-F14 -> 0.087884532 | G15: =G3-G14 -> 0.096968765 | H15: =H3-H14 -> 0.1146045 | I15: =I3-I14 -> 0.080861986 | J15: =AVERAGE(B15:I15) -> 0.12043597
B16: =AVERAGE(B5,B7,B9,B11,B13,B15) -> 0.011884525 | C16: =AVERAGE(C5,C7,C9,C11,C13,C15) -> 0.016816868 | D16: =AVERAGE(D5,D7,D9,D11,D13,D15) -> 0.095814179 | E16: =AVERAGE(E5,E7,E9,E11,E13,E15) -> 0.08297457 | F16: =AVERAGE(F5,F7,F9,F11,F13,F15) -> 0.061626594 | G16: =AVERAGE(G5,G7,G9,G11,G13,G15) -> 0.055438253 | H16: =AVERAGE(H5,H7,H9,H11,H13,H15) -> 0.069694622 | I16: =AVERAGE(I5,I7,I9,I11,I13,I15) -> 0.05575372
B17: =AVERAGE(B16:C16) -> 0.014350697 | D17: =AVERAGE(D16:E16) -> 0.089394375 | F17: =AVERAGE(F16:G16) -> 0.058532424 | H17: =AVERAGE(H16:I16) -> 0.062724171
A19: 3_steps | B19: calme | D19: gemma | F19: exaone | H19: granite
A20: original_original | B20: =IFERROR(__xludf.DUMMYFUNCTION("FILTER(SemEval_2025_T2!$G$3:$G$100, REGEXMATCH(SemEval_2025_T2!$A$3:$A$100, ""(?i)"" & $B$19 &""_"" & $A20) )"),0.4884) -> 0.4884 | C20: =IFERROR(__xludf.DUMMYFUNCTION("FILTER(SemEval_2025_T2!$H$3:$H$100, REGEXMATCH(SemEval_2025_T2!$A$3:$A$100, ""(?i)"" & $B$19 &""_"" & $A20) )"),0.309799999999999) -> 0.3098 | D20: =IFERROR(__xludf.DUMMYFUNCTION("FILTER(SemEval_2025_T2!$G$3:$G$100, REGEXMATCH(SemEval_2025_T2!$A$3:$A$100, ""(?i)"" & $D$19 &""_"" & $A20) )"),0.4214) -> 0.4214 | E20: =IFERROR(__xludf.DUMMYFUNCTION("FILTER(SemEval_2025_T2!$H$3:$H$100, REGEXMATCH(SemEval_2025_T2!$A$3:$A$100, ""(?i)"" & $D$19 &""_"" & $A20) )"),0.2862) -> 0.2862 | F20: =IFERROR(__xludf.DUMMYFUNCTION("FILTER(SemEval_2025_T2!$G$3:$G$100, REGEXMATCH(SemEval_2025_T2!$A$3:$A$100, ""(?i)"" & $F$19 &""_"" & $A20) )"),0.3434) -> 0.3434 | G20: =IFERROR(__xludf.DUMMYFUNCTION("FILTER(SemEval_2025_T2!$H$3:$H$100, REGEXMATCH(SemEval_2025_T2!$A$3:$A$100, ""(?i)"" & $F$19 &""_"" & $A20) )"),0.2124) -> 0.2124 | H20: =IFERROR(__xludf.DUMMYFUNCTION("FILTER(SemEval_2025_T2!$G$3:$G$100, REGEXMATCH(SemEval_2025_T2!$A$3:$A$100, ""(?i)"" & $H$19 &""_"" & $A20) )"),0.1666) -> 0.1666 | I20: =IFERROR(__xludf.DUMMYFUNCTION("FILTER(SemEval_2025_T2!$H$3:$H$100, REGEXMATCH(SemEval_2025_T2!$A$3:$A$100, ""(?i)"" & $H$19 &""_"" & $A20) )"),0.1056) -> 0.1056
A21: only_title | B21: =IFERROR(__xludf.DUMMYFUNCTION("FILTER(SemEval_2025_T2!$G$3:$G$100, REGEXMATCH(SemEval_2025_T2!$A$3:$A$100, ""(?i)"" & $B$19 &""_"" & $A21) )"),0.4362) -> 0.4362 | C21: =IFERROR(__xludf.DUMMYFUNCTION("FILTER(SemEval_2025_T2!$H$3:$H$100, REGEXMATCH(SemEval_2025_T2!$A$3:$A$100, ""(?i)"" & $B$19 &""_"" & $A21) )"),0.3042) -> 0.3042 | D21: =IFERROR(__xludf.DUMMYFUNCTION("FILTER(SemEval_2025_T2!$G$3:$G$100, REGEXMATCH(SemEval_2025_T2!$A$3:$A$100, ""(?i)"" & $D$19 &""_"" & $A21) )"),0.3392) -> 0.3392 | E21: =IFERROR(__xludf.DUMMYFUNCTION("FILTER(SemEval_2025_T2!$H$3:$H$100, REGEXMATCH(SemEval_2025_T2!$A$3:$A$100, ""(?i)"" & $D$19 &""_"" & $A21) )"),0.2208) -> 0.2208 | F21: =IFERROR(__xludf.DUMMYFUNCTION("FILTER(SemEval_2025_T2!$G$3:$G$100, REGEXMATCH(SemEval_2025_T2!$A$3:$A$100, ""(?i)"" & $F$19 &""_"" & $A21) )"),0.3016) -> 0.3016 | G21: =IFERROR(__xludf.DUMMYFUNCTION("FILTER(SemEval_2025_T2!$H$3:$H$100, REGEXMATCH(SemEval_2025_T2!$A$3:$A$100, ""(?i)"" & $F$19 &""_"" & $A21) )"),0.1792) -> 0.1792 | H21: =IFERROR(__xludf.DUMMYFUNCTION("FILTER(SemEval_2025_T2!$G$3:$G$100, REGEXMATCH(SemEval_2025_T2!$A$3:$A$100, ""(?i)"" & $H$19 &""_"" & $A21) )"),0.1424) -> 0.1424 | I21: =IFERROR(__xludf.DUMMYFUNCTION("FILTER(SemEval_2025_T2!$H$3:$H$100, REGEXMATCH(SemEval_2025_T2!$A$3:$A$100, ""(?i)"" & $H$19 &""_"" & $A21) )"),0.0802) -> 0.0802
A22: delta_own_title | B22: =B20-B21 -> 0.0522 | C22: =C20-C21 -> 0.0056 | D22: =D20-D21 -> 0.0822 | E22: =E20-E21 -> 0.0654 | F22: =F20-F21 -> 0.0418 | G22: =G20-G21 -> 0.0332 | H22: =H20-H21 -> 0.0242 | I22: =I20-I21 -> 0.0254 | J22: =AVERAGE(B22,D22,F22,H22) -> 0.0501 | K22: =AVERAGE(C22,E22,G22,I22) -> 0.0324 | L22: =AVERAGE(J22,K22) -> 0.04125
A23: gpt_only_title | B23: =IFERROR(__xludf.DUMMYFUNCTION("FILTER(SemEval_2025_T2!$G$3:$G$100, REGEXMATCH(SemEval_2025_T2!$A$3:$A$100, ""(?i)"" & $B$19 &""_"" & $A23) )"),0.444199999999999) -> 0.4442 | C23: =IFERROR(__xludf.DUMMYFUNCTION("FILTER(SemEval_2025_T2!$H$3:$H$100, REGEXMATCH(SemEval_2025_T2!$A$3:$A$100, ""(?i)"" & $B$19 &""_"" & $A23) )"),0.281) -> 0.281 | D23: =IFERROR(__xludf.DUMMYFUNCTION("FILTER(SemEval_2025_T2!$G$3:$G$100, REGEXMATCH(SemEval_2025_T2!$A$3:$A$100, ""(?i)"" & $D$19 &""_"" & $A23) )"),0.3556) -> 0.3556 | E23: =IFERROR(__xludf.DUMMYFUNCTION("FILTER(SemEval_2025_T2!$H$3:$H$100, REGEXMATCH(SemEval_2025_T2!$A$3:$A$100, ""(?i)"" & $D$19 &""_"" & $A23) )"),0.235) -> 0.235 | F23: =IFERROR(__xludf.DUMMYFUNCTION("FILTER(SemEval_2025_T2!$G$3:$G$100, REGEXMATCH(SemEval_2025_T2!$A$3:$A$100, ""(?i)"" & $F$19 &""_"" & $A23) )"),0.2892) -> 0.2892 | G23: =IFERROR(__xludf.DUMMYFUNCTION("FILTER(SemEval_2025_T2!$H$3:$H$100, REGEXMATCH(SemEval_2025_T2!$A$3:$A$100, ""(?i)"" & $F$19 &""_"" & $A23) )"),0.16) -> 0.16 | H23: =IFERROR(__xludf.DUMMYFUNCTION("FILTER(SemEval_2025_T2!$G$3:$G$100, REGEXMATCH(SemEval_2025_T2!$A$3:$A$100, ""(?i)"" & $H$19 &""_"" & $A23) )"),0.1274) -> 0.1274 | I23: =IFERROR(__xludf.DUMMYFUNCTION("FILTER(SemEval_2025_T2!$H$3:$H$100, REGEXMATCH(SemEval_2025_T2!$A$3:$A$100, ""(?i)"" & $H$19 &""_"" & $A23) )"),0.0496) -> 0.0496
A24: delta_gpt_title | B24: =B20-B23 -> 0.0442 | C24: =C20-C23 -> 0.0288 | D24: =D20-D23 -> 0.0658 | E24: =E20-E23 -> 0.0512 | F24: =F20-F23 -> 0.0542 | G24: =G20-G23 -> 0.0524 | H24: =H20-H23 -> 0.0392 | I24: =I20-I23 -> 0.056 | J24: =AVERAGE(B24,D24,F24,H24) -> 0.05085 | K24: =AVERAGE(C24,E24,G24,I24) -> 0.0471 | L24: =AVERAGE(J24,K24) -> 0.048975
A25: title_description | B25: =IFERROR(__xludf.DUMMYFUNCTION("FILTER(SemEval_2025_T2!$G$3:$G$100, REGEXMATCH(SemEval_2025_T2!$A$3:$A$100, ""(?i)"" & $B$19 &""_"" & $A25), NOT(REGEXMATCH(SemEval_2025_T2!$A$3:$A$100, ""(?i)complete"")) )"),0.4852) -> 0.4852 | C25: =IFERROR(__xludf.DUMMYFUNCTION("FILTER(SemEval_2025_T2!$H$3:$H$100, REGEXMATCH(SemEval_2025_T2!$A$3:$A$100, ""(?i)"" & $B$19 &""_"" & $A25), NOT(REGEXMATCH(SemEval_2025_T2!$A$3:$A$100, ""(?i)complete"")) )"),0.3286) -> 0.3286 | D25: =IFERROR(__xludf.DUMMYFUNCTION("FILTER(SemEval_2025_T2!$G$3:$G$100, REGEXMATCH(SemEval_2025_T2!$A$3:$A$100, ""(?i)"" & $D$19 &""_"" & $A25), NOT(REGEXMATCH(SemEval_2025_T2!$A$3:$A$100, ""(?i)complete"")) )"),0.3592) -> 0.3592 | E25: =IFERROR(__xludf.DUMMYFUNCTION("FILTER(SemEval_2025_T2!$H$3:$H$100, REGEXMATCH(SemEval_2025_T2!$A$3:$A$100, ""(?i)"" & $D$19 &""_"" & $A25), NOT(REGEXMATCH(SemEval_2025_T2!$A$3:$A$100, ""(?i)complete"")) )"),0.2508) -> 0.2508 | F25: =IFERROR(__xludf.DUMMYFUNCTION("FILTER(SemEval_2025_T2!$G$3:$G$100, REGEXMATCH(SemEval_2025_T2!$A$3:$A$100, ""(?i)"" & $F$19 &""_"" & $A25), NOT(REGEXMATCH(SemEval_2025_T2!$A$3:$A$100, ""(?i)complete"")) )"),0.3106) -> 0.3106 | G25: =IFERROR(__xludf.DUMMYFUNCTION("FILTER(SemEval_2025_T2!$H$3:$H$100, REGEXMATCH(SemEval_2025_T2!$A$3:$A$100, ""(?i)"" & $F$19 &""_"" & $A25), NOT(REGEXMATCH(SemEval_2025_T2!$A$3:$A$100, ""(?i)complete"")) )"),0.1764) -> 0.1764 | H25: =IFERROR(__xludf.DUMMYFUNCTION("FILTER(SemEval_2025_T2!$G$3:$G$100, REGEXMATCH(SemEval_2025_T2!$A$3:$A$100, ""(?i)"" & $H$19 &""_"" & $A25), NOT(REGEXMATCH(SemEval_2025_T2!$A$3:$A$100, ""(?i)complete"")) )"),0.1246) -> 0.1246 | I25: =IFERROR(__xludf.DUMMYFUNCTION("FILTER(SemEval_2025_T2!$H$3:$H$100, REGEXMATCH(SemEval_2025_T2!$A$3:$A$100, ""(?i)"" & $H$19 &""_"" & $A25), NOT(REGEXMATCH(SemEval_2025_T2!$A$3:$A$100, ""(?i)complete"")) )"),0.0576) -> 0.0576
A26: delta_own_description | B26: =B20-B25 -> 0.0032 | C26: =C20-C25 -> -0.0188 | D26: =D20-D25 -> 0.0622 | E26: =E20-E25 -> 0.0354 | F26: =F20-F25 -> 0.0328 | G26: =G20-G25 -> 0.036 | H26: =H20-H25 -> 0.042 | I26: =I20-I25 -> 0.048 | J26: =AVERAGE(B26,D26,F26,H26) -> 0.03505 | K26: =AVERAGE(C26,E26,G26,I26) -> 0.02515 | L26: =AVERAGE(J26,K26) -> 0.0301
A27: gpt_title_description | B27: =IFERROR(__xludf.DUMMYFUNCTION("FILTER(SemEval_2025_T2!$G$3:$G$100, REGEXMATCH(SemEval_2025_T2!$A$3:$A$100, ""(?i)"" & $B$19 &""_"" & $A27), NOT(REGEXMATCH(SemEval_2025_T2!$A$3:$A$100, ""(?i)complete"")) )"),0.4684) -> 0.4684 | C27: =IFERROR(__xludf.DUMMYFUNCTION("FILTER(SemEval_2025_T2!$H$3:$H$100, REGEXMATCH(SemEval_2025_T2!$A$3:$A$100, ""(?i)"" & $B$19 &""_"" & $A27), NOT(REGEXMATCH(SemEval_2025_T2!$A$3:$A$100, ""(?i)complete"")) )"),0.3222) -> 0.3222 | D27: =IFERROR(__xludf.DUMMYFUNCTION("FILTER(SemEval_2025_T2!$G$3:$G$100, REGEXMATCH(SemEval_2025_T2!$A$3:$A$100, ""(?i)"" & $D$19 &""_"" & $A27), NOT(REGEXMATCH(SemEval_2025_T2!$A$3:$A$100, ""(?i)complete"")) )"),0.383) -> 0.383 | E27: =IFERROR(__xludf.DUMMYFUNCTION("FILTER(SemEval_2025_T2!$H$3:$H$100, REGEXMATCH(SemEval_2025_T2!$A$3:$A$100, ""(?i)"" & $D$19 &""_"" & $A27), NOT(REGEXMATCH(SemEval_2025_T2!$A$3:$A$100, ""(?i)complete"")) )"),0.267599999999999) -> 0.2676 | F27: =IFERROR(__xludf.DUMMYFUNCTION("FILTER(SemEval_2025_T2!$G$3:$G$100, REGEXMATCH(SemEval_2025_T2!$A$3:$A$100, ""(?i)"" & $F$19 &""_"" & $A27), NOT(REGEXMATCH(SemEval_2025_T2!$A$3:$A$100, ""(?i)complete"")) )"),0.3124) -> 0.3124 | G27: =IFERROR(__xludf.DUMMYFUNCTION("FILTER(SemEval_2025_T2!$H$3:$H$100, REGEXMATCH(SemEval_2025_T2!$A$3:$A$100, ""(?i)"" & $F$19 &""_"" & $A27), NOT(REGEXMATCH(SemEval_2025_T2!$A$3:$A$100, ""(?i)complete"")) )"),0.177) -> 0.177 | H27: =IFERROR(__xludf.DUMMYFUNCTION("FILTER(SemEval_2025_T2!$G$3:$G$100, REGEXMATCH(SemEval_2025_T2!$A$3:$A$100, ""(?i)"" & $H$19 &""_"" & $A27), NOT(REGEXMATCH(SemEval_2025_T2!$A$3:$A$100, ""(?i)complete"")) )"),0.117799999999999) -> 0.1178 | I27: =IFERROR(__xludf.DUMMYFUNCTION("FILTER(SemEval_2025_T2!$H$3:$H$100, REGEXMATCH(SemEval_2025_T2!$A$3:$A$100, ""(?i)"" & $H$19 &""_"" & $A27), NOT(REGEXMATCH(SemEval_2025_T2!$A$3:$A$100, ""(?i)complete"")) )"),0.0406) -> 0.0406
A28: delta_gpt_description | B28: =B20-B27 -> 0.02 | C28: =C20-C27 -> -0.0124 | D28: =D20-D27 -> 0.0384 | E28: =E20-E27 -> 0.0186 | F28: =F20-F27 -> 0.031 | G28: =G20-G27 -> 0.0354 | H28: =H20-H27 -> 0.0488 | I28: =I20-I27 -> 0.065 | J28: =AVERAGE(B28,D28,F28,H28) -> 0.03455 | K28: =AVERAGE(C28,E28,G28,I28) -> 0.02665 | L28: =AVERAGE(J28,K28) -> 0.0306
A29: title_description_complete | B29: =IFERROR(__xludf.DUMMYFUNCTION("FILTER(SemEval_2025_T2!$G$3:$G$100, REGEXMATCH(SemEval_2025_T2!$A$3:$A$100, ""(?i)"" & $B$19 &""_"" & $A29) )"),0.4522) -> 0.4522 | C29: =IFERROR(__xludf.DUMMYFUNCTION("FILTER(SemEval_2025_T2!$H$3:$H$100, REGEXMATCH(SemEval_2025_T2!$A$3:$A$100, ""(?i)"" & $B$19 &""_"" & $A29) )"),0.3188) -> 0.3188 | D29: =IFERROR(__xludf.DUMMYFUNCTION("FILTER(SemEval_2025_T2!$G$3:$G$100, REGEXMATCH(SemEval_2025_T2!$A$3:$A$100, ""(?i)"" & $D$19 &""_"" & $A29) )"),0.281) -> 0.281 | E29: =IFERROR(__xludf.DUMMYFUNCTION("FILTER(SemEval_2025_T2!$H$3:$H$100, REGEXMATCH(SemEval_2025_T2!$A$3:$A$100, ""(?i)"" & $D$19 &""_"" & $A29) )"),0.281) -> 0.281 | F29: =IFERROR(__xludf.DUMMYFUNCTION("FILTER(SemEval_2025_T2!$G$3:$G$100, REGEXMATCH(SemEval_2025_T2!$A$3:$A$100, ""(?i)"" & $F$19 &""_"" & $A29) )"),0.2836) -> 0.2836 | G29: =IFERROR(__xludf.DUMMYFUNCTION("FILTER(SemEval_2025_T2!$H$3:$H$100, REGEXMATCH(SemEval_2025_T2!$A$3:$A$100, ""(?i)"" & $F$19 &""_"" & $A29) )"),0.189) -> 0.189 | H29: =IFERROR(__xludf.DUMMYFUNCTION("FILTER(SemEval_2025_T2!$G$3:$G$100, REGEXMATCH(SemEval_2025_T2!$A$3:$A$100, ""(?i)"" & $H$19 &""_"" & $A29) )"),0.1028) -> 0.1028 | I29: =IFERROR(__xludf.DUMMYFUNCTION("FILTER(SemEval_2025_T2!$H$3:$H$100, REGEXMATCH(SemEval_2025_T2!$A$3:$A$100, ""(?i)"" & $H$19 &""_"" & $A29) )"),0.0496) -> 0.0496
A30: delta_own_description_comp | B30: =B20-B29 -> 0.0362 | C30: =C20-C29 -> -0.009 | D30: =D20-D29 -> 0.1404 | E30: =E20-E29 -> 0.0052 | F30: =F20-F29 -> 0.0598 | G30: =G20-G29 -> 0.0234 | H30: =H20-H29 -> 0.0638 | I30: =I20-I29 -> 0.056 | J30: =AVERAGE(B30,D30,F30,H30) -> 0.07505 | K30: =AVERAGE(C30,E30,G30,I30) -> 0.0189 | L30: =AVERAGE(J30,K30) -> 0.046975
A31: gpt_title_description_complete | B31: =IFERROR(__xludf.DUMMYFUNCTION("FILTER(SemEval_2025_T2!$G$3:$G$100, REGEXMATCH(SemEval_2025_T2!$A$3:$A$100, ""(?i)"" & $B$19 &""_"" & $A31) )"),0.453) -> 0.453 | C31: =IFERROR(__xludf.DUMMYFUNCTION("FILTER(SemEval_2025_T2!$H$3:$H$100, REGEXMATCH(SemEval_2025_T2!$A$3:$A$100, ""(?i)"" & $B$19 &""_"" & $A31) )"),0.3236) -> 0.3236 | D31: =IFERROR(__xludf.DUMMYFUNCTION("FILTER(SemEval_2025_T2!$G$3:$G$100, REGEXMATCH(SemEval_2025_T2!$A$3:$A$100, ""(?i)"" & $D$19 &""_"" & $A31) )"),0.2978) -> 0.2978 | E31: =IFERROR(__xludf.DUMMYFUNCTION("FILTER(SemEval_2025_T2!$H$3:$H$100, REGEXMATCH(SemEval_2025_T2!$A$3:$A$100, ""(?i)"" & $D$19 &""_"" & $A31) )"),0.211399999999999) -> 0.2114 | F31: =IFERROR(__xludf.DUMMYFUNCTION("FILTER(SemEval_2025_T2!$G$3:$G$100, REGEXMATCH(SemEval_2025_T2!$A$3:$A$100, ""(?i)"" & $F$19 &""_"" & $A31) )"),0.2526) -> 0.2526 | G31: =IFERROR(__xludf.DUMMYFUNCTION("FILTER(SemEval_2025_T2!$H$3:$H$100, REGEXMATCH(SemEval_2025_T2!$A$3:$A$100, ""(?i)"" & $F$19 &""_"" & $A31) )"),0.163) -> 0.163 | H31: =IFERROR(__xludf.DUMMYFUNCTION("FILTER(SemEval_2025_T2!$G$3:$G$100, REGEXMATCH(SemEval_2025_T2!$A$3:$A$100, ""(?i)"" & $H$19 &""_"" & $A31) )"),0.1008) -> 0.1008 | I31: =IFERROR(__xludf.DUMMYFUNCTION("FILTER(SemEval_2025_T2!$H$3:$H$100, REGEXMATCH(SemEval_2025_T2!$A$3:$A$100, ""(?i)"" & $H$19 &""_"" & $A31) )"),0.034) -> 0.034
A32: delta_gpt_description_comp | B32: =B20-B31 -> 0.0354 | C32: =C20-C31 -> -0.0138 | D32: =D20-D31 -> 0.1236 | E32: =E20-E31 -> 0.0748 | F32: =F20-F31 -> 0.0908 | G32: =G20-G31 -> 0.0494 | H32: =H20-H31 -> 0.0658 | I32: =I20-I31 -> 0.0716 | J32: =AVERAGE(B32,D32,F32,H32) -> 0.0789 | K32: =AVERAGE(C32,E32,G32,I32) -> 0.0455 | L32: =AVERAGE(J32,K32) -> 0.0622
B33: =AVERAGE(B22,B24,B26,B28, B30, B32) -> 0.031866667 | C33: =AVERAGE(C22,C24,C26,C28, C30, C32) -> -0.0032666667 | D33: =AVERAGE(D22,D24,D26,D28, D30, D32) -> 0.085433333 | E33: =AVERAGE(E22,E24,E26,E28, E30, E32) -> 0.041766667 | F33: =AVERAGE(F22,F24,F26,F28, F30, F32) -> 0.051733333 | G33: =AVERAGE(G22,G24,G26,G28, G30, G32) -> 0.0383 | H33: =AVERAGE(H22,H24,H26,H28, H30, H32) -> 0.0473 | I33: =AVERAGE(I22,I24,I26,I28, I30, I32) -> 0.053666667
B34: =AVERAGE(B33:C33) -> 0.0143 | D34: =AVERAGE(D33:E33) -> 0.0636 | F34: =AVERAGE(F33:G33) -> 0.045016667 | H34: =AVERAGE(H33:I33) -> 0.050483333
A36: hybrid | B36: calme | D36: gemma | F36: exaone | H36: granite
A37: original_original | B37: =IFERROR(__xludf.DUMMYFUNCTION("FILTER(SemEval_2025_T2!$E$3:$E$100, REGEXMATCH(SemEval_2025_T2!$A$3:$A$100, ""(?i)"" & $B$19 &""_"" & $A37) )"),0.4858) -> 0.4858 | C37: =IFERROR(__xludf.DUMMYFUNCTION("FILTER(SemEval_2025_T2!$F$3:$F$100, REGEXMATCH(SemEval_2025_T2!$A$3:$A$100, ""(?i)"" & $B$19 &""_"" & $A37) )"),0.301799999999999) -> 0.3018 | D37: =IFERROR(__xludf.DUMMYFUNCTION("FILTER(SemEval_2025_T2!$E$3:$E$100, REGEXMATCH(SemEval_2025_T2!$A$3:$A$100, ""(?i)"" & $D$19 &""_"" & $A37) )"),0.4278) -> 0.4278 | E37: =IFERROR(__xludf.DUMMYFUNCTION("FILTER(SemEval_2025_T2!$F$3:$F$100, REGEXMATCH(SemEval_2025_T2!$A$3:$A$100, ""(?i)"" & $D$19 &""_"" & $A37) )"),0.324199999999999) -> 0.3242 | F37: =IFERROR(__xludf.DUMMYFUNCTION("FILTER(SemEval_2025_T2!$E$3:$E$100, REGEXMATCH(SemEval_2025_T2!$A$3:$A$100, ""(?i)"" & $F$19 &""_"" & $A37) )"),0.3398) -> 0.3398 | G37: =IFERROR(__xludf.DUMMYFUNCTION("FILTER(SemEval_2025_T2!$F$3:$F$100, REGEXMATCH(SemEval_2025_T2!$A$3:$A$100, ""(?i)"" & $F$19 &""_"" & $A37) )"),0.1402) -> 0.1402 | H37: =IFERROR(__xludf.DUMMYFUNCTION("FILTER(SemEval_2025_T2!$E$3:$E$100, REGEXMATCH(SemEval_2025_T2!$A$3:$A$100, ""(?i)"" & $H$19 &""_"" & $A37) )"),0.177) -> 0.177 | I37: =IFERROR(__xludf.DUMMYFUNCTION("FILTER(SemEval_2025_T2!$F$3:$F$100, REGEXMATCH(SemEval_2025_T2!$A$3:$A$100, ""(?i)"" & $H$19 &""_"" & $A37) )"),0.08) -> 0.08
A38: only_title | B38: =IFERROR(__xludf.DUMMYFUNCTION("FILTER(SemEval_2025_T2!$E$3:$E$100, REGEXMATCH(SemEval_2025_T2!$A$3:$A$100, ""(?i)"" & $B$19 &""_"" & $A38) )"),0.4516) -> 0.4516 | C38: =IFERROR(__xludf.DUMMYFUNCTION("FILTER(SemEval_2025_T2!$F$3:$F$100, REGEXMATCH(SemEval_2025_T2!$A$3:$A$100, ""(?i)"" & $B$19 &""_"" & $A38) )"),0.2602) -> 0.2602 | D38: =IFERROR(__xludf.DUMMYFUNCTION("FILTER(SemEval_2025_T2!$E$3:$E$100, REGEXMATCH(SemEval_2025_T2!$A$3:$A$100, ""(?i)"" & $D$19 &""_"" & $A38) )"),0.378599999999999) -> 0.3786 | E38: =IFERROR(__xludf.DUMMYFUNCTION("FILTER(SemEval_2025_T2!$F$3:$F$100, REGEXMATCH(SemEval_2025_T2!$A$3:$A$100, ""(?i)"" & $D$19 &""_"" & $A38) )"),0.217399999999999) -> 0.2174 | F38: =IFERROR(__xludf.DUMMYFUNCTION("FILTER(SemEval_2025_T2!$E$3:$E$100, REGEXMATCH(SemEval_2025_T2!$A$3:$A$100, ""(?i)"" & $F$19 &""_"" & $A38) )"),0.3014) -> 0.3014 | G38: =IFERROR(__xludf.DUMMYFUNCTION("FILTER(SemEval_2025_T2!$F$3:$F$100, REGEXMATCH(SemEval_2025_T2!$A$3:$A$100, ""(?i)"" & $F$19 &""_"" & $A38) )"),0.1844) -> 0.1844 | H38: =IFERROR(__xludf.DUMMYFUNCTION("FILTER(SemEval_2025_T2!$E$3:$E$100, REGEXMATCH(SemEval_2025_T2!$A$3:$A$100, ""(?i)"" & $H$19 &""_"" & $A38) )"),0.1542) -> 0.1542 | I38: =IFERROR(__xludf.DUMMYFUNCTION("FILTER(SemEval_2025_T2!$F$3:$F$100, REGEXMATCH(SemEval_2025_T2!$A$3:$A$100, ""(?i)"" & $H$19 &""_"" & $A38) )"),0.0616) -> 0.0616
A39: delta_own_title | B39: =B37-B38 -> 0.0342 | C39: =C37-C38 -> 0.0416 | D39: =D37-D38 -> 0.0492 | E39: =E37-E38 -> 0.1068 | F39: =F37-F38 -> 0.0384 | G39: =G37-G38 -> -0.0442 | H39: =H37-H38 -> 0.0228 | I39: =I37-I38 -> 0.0184 | J39: =AVERAGE(B39,D39,F39,H39) -> 0.03615 | K39: =AVERAGE(C39,E39,G39,I39) -> 0.03065 | L39: =AVERAGE(J39,K39) -> 0.0334
A40: gpt_only_title | B40: =IFERROR(__xludf.DUMMYFUNCTION("FILTER(SemEval_2025_T2!$E$3:$E$100, REGEXMATCH(SemEval_2025_T2!$A$3:$A$100, ""(?i)"" & $B$19 &""_"" & $A40) )"),0.469) -> 0.469 | C40: =IFERROR(__xludf.DUMMYFUNCTION("FILTER(SemEval_2025_T2!$F$3:$F$100, REGEXMATCH(SemEval_2025_T2!$A$3:$A$100, ""(?i)"" & $B$19 &""_"" & $A40) )"),0.265399999999999) -> 0.2654 | D40: =IFERROR(__xludf.DUMMYFUNCTION("FILTER(SemEval_2025_T2!$E$3:$E$100, REGEXMATCH(SemEval_2025_T2!$A$3:$A$100, ""(?i)"" & $D$19 &""_"" & $A40) )"),0.342199999999999) -> 0.3422 | E40: =IFERROR(__xludf.DUMMYFUNCTION("FILTER(SemEval_2025_T2!$F$3:$F$100, REGEXMATCH(SemEval_2025_T2!$A$3:$A$100, ""(?i)"" & $D$19 &""_"" & $A40) )"),0.180399999999999) -> 0.1804 | F40: =IFERROR(__xludf.DUMMYFUNCTION("FILTER(SemEval_2025_T2!$E$3:$E$100, REGEXMATCH(SemEval_2025_T2!$A$3:$A$100, ""(?i)"" & $F$19 &""_"" & $A40) )"),0.2952) -> 0.2952 | G40: =IFERROR(__xludf.DUMMYFUNCTION("FILTER(SemEval_2025_T2!$F$3:$F$100, REGEXMATCH(SemEval_2025_T2!$A$3:$A$100, ""(?i)"" & $F$19 &""_"" & $A40) )"),0.1818) -> 0.1818 | H40: =IFERROR(__xludf.DUMMYFUNCTION("FILTER(SemEval_2025_T2!$E$3:$E$100, REGEXMATCH(SemEval_2025_T2!$A$3:$A$100, ""(?i)"" & $H$19 &""_"" & $A40) )"),0.1582) -> 0.1582 | I40: =IFERROR(__xludf.DUMMYFUNCTION("FILTER(SemEval_2025_T2!$F$3:$F$100, REGEXMATCH(SemEval_2025_T2!$A$3:$A$100, ""(?i)"" & $H$19 &""_"" & $A40) )"),0.0654) -> 0.0654
A41: delta_gpt_title | B41: =B37-B40 -> 0.0168 | C41: =C37-C40 -> 0.0364 | D41: =D37-D40 -> 0.0856 | E41: =E37-E40 -> 0.1438 | F41: =F37-F40 -> 0.0446 | G41: =G37-G40 -> -0.0416 | H41: =H37-H40 -> 0.0188 | I41: =I37-I40 -> 0.0146 | J41: =AVERAGE(B41,D41,F41,H41) -> 0.04145 | K41: =AVERAGE(C41,E41,G41,I41) -> 0.0383 | L41: =AVERAGE(J41,K41) -> 0.039875
A42: title_description | B42: =IFERROR(__xludf.DUMMYFUNCTION("FILTER(SemEval_2025_T2!$E$3:$E$100, REGEXMATCH(SemEval_2025_T2!$A$3:$A$100, ""(?i)"" & $B$19 &""_"" & $A42), NOT(REGEXMATCH(SemEval_2025_T2!$A$3:$A$100, ""(?i)complete"")) )"),0.4682) -> 0.4682 | C42: =IFERROR(__xludf.DUMMYFUNCTION("FILTER(SemEval_2025_T2!$F$3:$F$100, REGEXMATCH(SemEval_2025_T2!$A$3:$A$100, ""(?i)"" & $B$19 &""_"" & $A42), NOT(REGEXMATCH(SemEval_2025_T2!$A$3:$A$100, ""(?i)complete"")) )"),0.285599999999999) -> 0.2856 | D42: =IFERROR(__xludf.DUMMYFUNCTION("FILTER(SemEval_2025_T2!$E$3:$E$100, REGEXMATCH(SemEval_2025_T2!$A$3:$A$100, ""(?i)"" & $D$19 &""_"" & $A42), NOT(REGEXMATCH(SemEval_2025_T2!$A$3:$A$100, ""(?i)complete"")) )"),0.3714) -> 0.3714 | E42: =IFERROR(__xludf.DUMMYFUNCTION("FILTER(SemEval_2025_T2!$F$3:$F$100, REGEXMATCH(SemEval_2025_T2!$A$3:$A$100, ""(?i)"" & $D$19 &""_"" & $A42), NOT(REGEXMATCH(SemEval_2025_T2!$A$3:$A$100, ""(?i)complete"")) )"),0.204599999999999) -> 0.2046 | F42: =IFERROR(__xludf.DUMMYFUNCTION("FILTER(SemEval_2025_T2!$E$3:$E$100, REGEXMATCH(SemEval_2025_T2!$A$3:$A$100, ""(?i)"" & $F$19 &""_"" & $A42), NOT(REGEXMATCH(SemEval_2025_T2!$A$3:$A$100, ""(?i)complete"")) )"),0.2814) -> 0.2814 | G42: =IFERROR(__xludf.DUMMYFUNCTION("FILTER(SemEval_2025_T2!$F$3:$F$100, REGEXMATCH(SemEval_2025_T2!$A$3:$A$100, ""(?i)"" & $F$19 &""_"" & $A42), NOT(REGEXMATCH(SemEval_2025_T2!$A$3:$A$100, ""(?i)complete"")) )"),0.1774) -> 0.1774 | H42: =IFERROR(__xludf.DUMMYFUNCTION("FILTER(SemEval_2025_T2!$E$3:$E$100, REGEXMATCH(SemEval_2025_T2!$A$3:$A$100, ""(?i)"" & $H$19 &""_"" & $A42), NOT(REGEXMATCH(SemEval_2025_T2!$A$3:$A$100, ""(?i)complete"")) )"),0.1878) -> 0.1878 | I42: =IFERROR(__xludf.DUMMYFUNCTION("FILTER(SemEval_2025_T2!$F$3:$F$100, REGEXMATCH(SemEval_2025_T2!$A$3:$A$100, ""(?i)"" & $H$19 &""_"" & $A42), NOT(REGEXMATCH(SemEval_2025_T2!$A$3:$A$100, ""(?i)complete"")) )"),0.0782) -> 0.0782
A43: delta_own_description | B43: =B37-B42 -> 0.0176 | C43: =C37-C42 -> 0.0162 | D43: =D37-D42 -> 0.0564 | E43: =E37-E42 -> 0.1196 | F43: =F37-F42 -> 0.0584 | G43: =G37-G42 -> -0.0372 | H43: =H37-H42 -> -0.0108 | I43: =I37-I42 -> 0.0018 | J43: =AVERAGE(B43,D43,F43,H43) -> 0.0304 | K43: =AVERAGE(C43,E43,G43,I43) -> 0.0251 | L43: =AVERAGE(J43,K43) -> 0.02775
A44: gpt_title_description | B44: =IFERROR(__xludf.DUMMYFUNCTION("FILTER(SemEval_2025_T2!$E$3:$E$100, REGEXMATCH(SemEval_2025_T2!$A$3:$A$100, ""(?i)"" & $B$19 &""_"" & $A44), NOT(REGEXMATCH(SemEval_2025_T2!$A$3:$A$100, ""(?i)complete"")) )"),0.4574) -> 0.4574 | C44: =IFERROR(__xludf.DUMMYFUNCTION("FILTER(SemEval_2025_T2!$F$3:$F$100, REGEXMATCH(SemEval_2025_T2!$A$3:$A$100, ""(?i)"" & $B$19 &""_"" & $A44), NOT(REGEXMATCH(SemEval_2025_T2!$A$3:$A$100, ""(?i)complete"")) )"),0.267) -> 0.267 | D44: =IFERROR(__xludf.DUMMYFUNCTION("FILTER(SemEval_2025_T2!$E$3:$E$100, REGEXMATCH(SemEval_2025_T2!$A$3:$A$100, ""(?i)"" & $D$19 &""_"" & $A44), NOT(REGEXMATCH(SemEval_2025_T2!$A$3:$A$100, ""(?i)complete"")) )"),0.3716) -> 0.3716 | E44: =IFERROR(__xludf.DUMMYFUNCTION("FILTER(SemEval_2025_T2!$F$3:$F$100, REGEXMATCH(SemEval_2025_T2!$A$3:$A$100, ""(?i)"" & $D$19 &""_"" & $A44), NOT(REGEXMATCH(SemEval_2025_T2!$A$3:$A$100, ""(?i)complete"")) )"),0.2182) -> 0.2182 | F44: =IFERROR(__xludf.DUMMYFUNCTION("FILTER(SemEval_2025_T2!$E$3:$E$100, REGEXMATCH(SemEval_2025_T2!$A$3:$A$100, ""(?i)"" & $F$19 &""_"" & $A44), NOT(REGEXMATCH(SemEval_2025_T2!$A$3:$A$100, ""(?i)complete"")) )"),0.2834) -> 0.2834 | G44: =IFERROR(__xludf.DUMMYFUNCTION("FILTER(SemEval_2025_T2!$F$3:$F$100, REGEXMATCH(SemEval_2025_T2!$A$3:$A$100, ""(?i)"" & $F$19 &""_"" & $A44), NOT(REGEXMATCH(SemEval_2025_T2!$A$3:$A$100, ""(?i)complete"")) )"),0.1776) -> 0.1776 | H44: =IFERROR(__xludf.DUMMYFUNCTION("FILTER(SemEval_2025_T2!$E$3:$E$100, REGEXMATCH(SemEval_2025_T2!$A$3:$A$100, ""(?i)"" & $H$19 &""_"" & $A44), NOT(REGEXMATCH(SemEval_2025_T2!$A$3:$A$100, ""(?i)complete"")) )"),0.175799999999999) -> 0.1758 | I44: =IFERROR(__xludf.DUMMYFUNCTION("FILTER(SemEval_2025_T2!$F$3:$F$100, REGEXMATCH(SemEval_2025_T2!$A$3:$A$100, ""(?i)"" & $H$19 &""_"" & $A44), NOT(REGEXMATCH(SemEval_2025_T2!$A$3:$A$100, ""(?i)complete"")) )"),0.0826) -> 0.0826
A45: delta_gpt_description | B45: =B37-B44 -> 0.0284 | C45: =C37-C44 -> 0.0348 | D45: =D37-D44 -> 0.0562 | E45: =E37-E44 -> 0.106 | F45: =F37-F44 -> 0.0564 | G45: =G37-G44 -> -0.0374 | H45: =H37-H44 -> 0.0012 | I45: =I37-I44 -> -0.0026 | J45: =AVERAGE(B45,D45,F45,H45) -> 0.03555 | K45: =AVERAGE(C45,E45,G45,I45) -> 0.0252 | L45: =AVERAGE(J45,K45) -> 0.030375
A46: title_description_complete | B46: =IFERROR(__xludf.DUMMYFUNCTION("FILTER(SemEval_2025_T2!$E$3:$E$100, REGEXMATCH(SemEval_2025_T2!$A$3:$A$100, ""(?i)"" & $B$19 &""_"" & $A46) )"),0.453599999999999) -> 0.4536 | C46: =IFERROR(__xludf.DUMMYFUNCTION("FILTER(SemEval_2025_T2!$F$3:$F$100, REGEXMATCH(SemEval_2025_T2!$A$3:$A$100, ""(?i)"" & $B$19 &""_"" & $A46) )"),0.2698) -> 0.2698 | D46: =IFERROR(__xludf.DUMMYFUNCTION("FILTER(SemEval_2025_T2!$E$3:$E$100, REGEXMATCH(SemEval_2025_T2!$A$3:$A$100, ""(?i)"" & $D$19 &""_"" & $A46) )"),0.3854) -> 0.3854 | E46: =IFERROR(__xludf.DUMMYFUNCTION("FILTER(SemEval_2025_T2!$F$3:$F$100, REGEXMATCH(SemEval_2025_T2!$A$3:$A$100, ""(?i)"" & $D$19 &""_"" & $A46) )"),0.1814) -> 0.1814 | F46: =IFERROR(__xludf.DUMMYFUNCTION("FILTER(SemEval_2025_T2!$E$3:$E$100, REGEXMATCH(SemEval_2025_T2!$A$3:$A$100, ""(?i)"" & $F$19 &""_"" & $A46) )"),0.2652) -> 0.2652 | G46: =IFERROR(__xludf.DUMMYFUNCTION("FILTER(SemEval_2025_T2!$F$3:$F$100, REGEXMATCH(SemEval_2025_T2!$A$3:$A$100, ""(?i)"" & $F$19 &""_"" & $A46) )"),0.0809999999999999) -> 0.081 | H46: =IFERROR(__xludf.DUMMYFUNCTION("FILTER(SemEval_2025_T2!$E$3:$E$100, REGEXMATCH(SemEval_2025_T2!$A$3:$A$100, ""(?i)"" & $H$19 &""_"" & $A46) )"),0.089) -> 0.089 | I46: =IFERROR(__xludf.DUMMYFUNCTION("FILTER(SemEval_2025_T2!$F$3:$F$100, REGEXMATCH(SemEval_2025_T2!$A$3:$A$100, ""(?i)"" & $H$19 &""_"" & $A46) )"),0.0288) -> 0.0288
A47: delta_own_description_comp | B47: =B37-B46 -> 0.0322 | C47: =C37-C46 -> 0.032 | D47: =D37-D46 -> 0.0424 | E47: =E37-E46 -> 0.1428 | F47: =F37-F46 -> 0.0746 | G47: =G37-G46 -> 0.0592 | H47: =H37-H46 -> 0.088 | I47: =I37-I46 -> 0.0512 | J47: =AVERAGE(B47,D47,F47,H47) -> 0.0593 | K47: =AVERAGE(C47,E47,G47,I47) -> 0.0713 | L47: =AVERAGE(J47,K47) -> 0.0653
A48: gpt_title_description_complete | B48: =IFERROR(__xludf.DUMMYFUNCTION("FILTER(SemEval_2025_T2!$E$3:$E$100, REGEXMATCH(SemEval_2025_T2!$A$3:$A$100, ""(?i)"" & $B$19 &""_"" & $A48) )"),0.45) -> 0.45 | C48: =IFERROR(__xludf.DUMMYFUNCTION("FILTER(SemEval_2025_T2!$F$3:$F$100, REGEXMATCH(SemEval_2025_T2!$A$3:$A$100, ""(?i)"" & $B$19 &""_"" & $A48) )"),0.2692) -> 0.2692 | D48: =IFERROR(__xludf.DUMMYFUNCTION("FILTER(SemEval_2025_T2!$E$3:$E$100, REGEXMATCH(SemEval_2025_T2!$A$3:$A$100, ""(?i)"" & $D$19 &""_"" & $A48) )"),0.3804) -> 0.3804 | E48: =IFERROR(__xludf.DUMMYFUNCTION("FILTER(SemEval_2025_T2!$F$3:$F$100, REGEXMATCH(SemEval_2025_T2!$A$3:$A$100, ""(?i)"" & $D$19 &""_"" & $A48) )"),0.1926) -> 0.1926 | F48: =IFERROR(__xludf.DUMMYFUNCTION("FILTER(SemEval_2025_T2!$E$3:$E$100, REGEXMATCH(SemEval_2025_T2!$A$3:$A$100, ""(?i)"" & $F$19 &""_"" & $A48) )"),0.2804) -> 0.2804 | G48: =IFERROR(__xludf.DUMMYFUNCTION("FILTER(SemEval_2025_T2!$F$3:$F$100, REGEXMATCH(SemEval_2025_T2!$A$3:$A$100, ""(?i)"" & $F$19 &""_"" & $A48) )"),0.136) -> 0.136 | H48: =IFERROR(__xludf.DUMMYFUNCTION("FILTER(SemEval_2025_T2!$E$3:$E$100, REGEXMATCH(SemEval_2025_T2!$A$3:$A$100, ""(?i)"" & $H$19 &""_"" & $A48) )"),0.1236) -> 0.1236 | I48: =IFERROR(__xludf.DUMMYFUNCTION("FILTER(SemEval_2025_T2!$F$3:$F$100, REGEXMATCH(SemEval_2025_T2!$A$3:$A$100, ""(?i)"" & $H$19 &""_"" & $A48) )"),0.044) -> 0.044
A49: delta_gpt_description_comp | B49: =B37-B48 -> 0.0358 | C49: =C37-C48 -> 0.0326 | D49: =D37-D48 -> 0.0474 | E49: =E37-E48 -> 0.1316 | F49: =F37-F48 -> 0.0594 | G49: =G37-G48 -> 0.0042 | H49: =H37-H48 -> 0.0534 | I49: =I37-I48 -> 0.036 | J49: =AVERAGE(B49,D49,F49,H49) -> 0.049 | K49: =AVERAGE(C49,E49,G49,I49) -> 0.0511 | L49: =AVERAGE(J49,K49) -> 0.05005
B50: =AVERAGE(B39,B41,B43,B45, B47, B49) -> 0.0275 | C50: =AVERAGE(C39,C41,C43,C45, C47, C49) -> 0.032266667 | D50: =AVERAGE(D39,D41,D43,D45, D47, D49) -> 0.0562 | E50: =AVERAGE(E39,E41,E43,E45, E47, E49) -> 0.1251 | F50: =AVERAGE(F39,F41,F43,F45, F47, F49) -> 0.0553 | G50: =AVERAGE(G39,G41,G43,G45, G47, G49) -> -0.016166667 | H50: =AVERAGE(H39,H41,H43,H45, H47, H49) -> 0.0289 | I50: =AVERAGE(I39,I41,I43,I45, I47, I49) -> 0.0199
B51: =AVERAGE(B50:C50) -> 0.029883333 | D51: =AVERAGE(D50:E50) -> 0.09065 | F51: =AVERAGE(F50:G50) -> 0.019566667 | H51: =AVERAGE(H50:I50) -> 0.0244
A53: all_in_one | B53: calme | D53: gemma | F53: exaone | H53: granite
A54: original_original | B54: =IFERROR(__xludf.DUMMYFUNCTION("FILTER(SemEval_2025_T2!$C$3:$C$100, REGEXMATCH(SemEval_2025_T2!$A$3:$A$100, ""(?i)"" & $B$19 &""_"" & $A54) )"),0.3806) -> 0.3806 | C54: =IFERROR(__xludf.DUMMYFUNCTION("FILTER(SemEval_2025_T2!$D$3:$D$100, REGEXMATCH(SemEval_2025_T2!$A$3:$A$100, ""(?i)"" & $B$19 &""_"" & $A54) )"),0.2112) -> 0.2112 | D54: =IFERROR(__xludf.DUMMYFUNCTION("FILTER(SemEval_2025_T2!$C$3:$C$100, REGEXMATCH(SemEval_2025_T2!$A$3:$A$100, ""(?i)"" & $D$19 &""_"" & $A54) )"),0.291599999999999) -> 0.2916 | E54: =IFERROR(__xludf.DUMMYFUNCTION("FILTER(SemEval_2025_T2!$D$3:$D$100, REGEXMATCH(SemEval_2025_T2!$A$3:$A$100, ""(?i)"" & $D$19 &""_"" & $A54) )"),0.2844) -> 0.2844 | F54: =IFERROR(__xludf.DUMMYFUNCTION("FILTER(SemEval_2025_T2!$C$3:$C$100, REGEXMATCH(SemEval_2025_T2!$A$3:$A$100, ""(?i)"" & $F$19 &""_"" & $A54) )"),0.2748) -> 0.2748 | G54: =IFERROR(__xludf.DUMMYFUNCTION("FILTER(SemEval_2025_T2!$D$3:$D$100, REGEXMATCH(SemEval_2025_T2!$A$3:$A$100, ""(?i)"" & $F$19 &""_"" & $A54) )"),0.187199999999999) -> 0.1872 | H54: =IFERROR(__xludf.DUMMYFUNCTION("FILTER(SemEval_2025_T2!$C$3:$C$100, REGEXMATCH(SemEval_2025_T2!$A$3:$A$100, ""(?i)"" & $H$19 &""_"" & $A54) )"),0.1846) -> 0.1846 | I54: =IFERROR(__xludf.DUMMYFUNCTION("FILTER(SemEval_2025_T2!$D$3:$D$100, REGEXMATCH(SemEval_2025_T2!$A$3:$A$100, ""(?i)"" & $H$19 &""_"" & $A54) )"),0.1186) -> 0.1186
A55: only_title | B55: =IFERROR(__xludf.DUMMYFUNCTION("FILTER(SemEval_2025_T2!$C$3:$C$100, REGEXMATCH(SemEval_2025_T2!$A$3:$A$100, ""(?i)"" & $B$19 &""_"" & $A55) )"),0.3578) -> 0.3578 | C55: =IFERROR(__xludf.DUMMYFUNCTION("FILTER(SemEval_2025_T2!$D$3:$D$100, REGEXMATCH(SemEval_2025_T2!$A$3:$A$100, ""(?i)"" & $B$19 &""_"" & $A55) )"),0.188) -> 0.188 | D55: =IFERROR(__xludf.DUMMYFUNCTION("FILTER(SemEval_2025_T2!$C$3:$C$100, REGEXMATCH(SemEval_2025_T2!$A$3:$A$100, ""(?i)"" & $D$19 &""_"" & $A55) )"),0.2704) -> 0.2704 | E55: =IFERROR(__xludf.DUMMYFUNCTION("FILTER(SemEval_2025_T2!$D$3:$D$100, REGEXMATCH(SemEval_2025_T2!$A$3:$A$100, ""(?i)"" & $D$19 &""_"" & $A55) )"),0.2434) -> 0.2434 | F55: =IFERROR(__xludf.DUMMYFUNCTION("FILTER(SemEval_2025_T2!$C$3:$C$100, REGEXMATCH(SemEval_2025_T2!$A$3:$A$100, ""(?i)"" & $F$19 &""_"" & $A55) )"),0.1898) -> 0.1898 | G55: =IFERROR(__xludf.DUMMYFUNCTION("FILTER(SemEval_2025_T2!$D$3:$D$100, REGEXMATCH(SemEval_2025_T2!$A$3:$A$100, ""(?i)"" & $F$19 &""_"" & $A55) )"),0.1254) -> 0.1254 | H55: =IFERROR(__xludf.DUMMYFUNCTION("FILTER(SemEval_2025_T2!$C$3:$C$100, REGEXMATCH(SemEval_2025_T2!$A$3:$A$100, ""(?i)"" & $H$19 &""_"" & $A55) )"),0.1968) -> 0.1968 | I55: =IFERROR(__xludf.DUMMYFUNCTION("FILTER(SemEval_2025_T2!$D$3:$D$100, REGEXMATCH(SemEval_2025_T2!$A$3:$A$100, ""(?i)"" & $H$19 &""_"" & $A55) )"),0.161199999999999) -> 0.1612
A56: delta_own_title | B56: =B54-B55 -> 0.0228 | C56: =C54-C55 -> 0.0232 | D56: =D54-D55 -> 0.0212 | E56: =E54-E55 -> 0.041 | F56: =F54-F55 -> 0.085 | G56: =G54-G55 -> 0.0618 | H56: =H54-H55 -> -0.0122 | I56: =I54-I55 -> -0.0426 | J56: =AVERAGE(B56,D56,F56,H56) -> 0.0292 | K56: =AVERAGE(C56,E56,G56,I56) -> 0.02085 | L56: =AVERAGE(J56,K56) -> 0.025025
A57: gpt_only_title | B57: =IFERROR(__xludf.DUMMYFUNCTION("FILTER(SemEval_2025_T2!$C$3:$C$100, REGEXMATCH(SemEval_2025_T2!$A$3:$A$100, ""(?i)"" & $B$19 &""_"" & $A57) )"),0.3814) -> 0.3814 | C57: =IFERROR(__xludf.DUMMYFUNCTION("FILTER(SemEval_2025_T2!$D$3:$D$100, REGEXMATCH(SemEval_2025_T2!$A$3:$A$100, ""(?i)"" & $B$19 &""_"" & $A57) )"),0.2058) -> 0.2058 | D57: =IFERROR(__xludf.DUMMYFUNCTION("FILTER(SemEval_2025_T2!$C$3:$C$100, REGEXMATCH(SemEval_2025_T2!$A$3:$A$100, ""(?i)"" & $D$19 &""_"" & $A57) )"),0.2782) -> 0.2782 | E57: =IFERROR(__xludf.DUMMYFUNCTION("FILTER(SemEval_2025_T2!$D$3:$D$100, REGEXMATCH(SemEval_2025_T2!$A$3:$A$100, ""(?i)"" & $D$19 &""_"" & $A57) )"),0.2544) -> 0.2544 | F57: =IFERROR(__xludf.DUMMYFUNCTION("FILTER(SemEval_2025_T2!$C$3:$C$100, REGEXMATCH(SemEval_2025_T2!$A$3:$A$100, ""(?i)"" & $F$19 &""_"" & $A57) )"),0.1596) -> 0.1596 | G57: =IFERROR(__xludf.DUMMYFUNCTION("FILTER(SemEval_2025_T2!$D$3:$D$100, REGEXMATCH(SemEval_2025_T2!$A$3:$A$100, ""(?i)"" & $F$19 &""_"" & $A57) )"),0.0998) -> 0.0998 | H57: =IFERROR(__xludf.DUMMYFUNCTION("FILTER(SemEval_2025_T2!$C$3:$C$100, REGEXMATCH(SemEval_2025_T2!$A$3:$A$100, ""(?i)"" & $H$19 &""_"" & $A57) )"),0.1936) -> 0.1936 | I57: =IFERROR(__xludf.DUMMYFUNCTION("FILTER(SemEval_2025_T2!$D$3:$D$100, REGEXMATCH(SemEval_2025_T2!$A$3:$A$100, ""(?i)"" & $H$19 &""_"" & $A57) )"),0.1488) -> 0.1488
A58: delta_gpt_title | B58: =B54-B57 -> -0.0008 | C58: =C54-C57 -> 0.0054 | D58: =D54-D57 -> 0.0134 | E58: =E54-E57 -> 0.03 | F58: =F54-F57 -> 0.1152 | G58: =G54-G57 -> 0.0874 | H58: =H54-H57 -> -0.009 | I58: =I54-I57 -> -0.0302 | J58: =AVERAGE(B58,D58,F58,H58) -> 0.0297 | K58: =AVERAGE(C58,E58,G58,I58) -> 0.02315 | L58: =AVERAGE(J58,K58) -> 0.026425
A59: title_description | D59: =IFERROR(__xludf.DUMMYFUNCTION("FILTER(SemEval_2025_T2!$C$3:$C$100, REGEXMATCH(SemEval_2025_T2!$A$3:$A$100, ""(?i)"" & $D$19 &""_"" & $A59), NOT(REGEXMATCH(SemEval_2025_T2!$A$3:$A$100, ""(?i)complete"")) )"),0.2542) -> 0.2542 | E59: =IFERROR(__xludf.DUMMYFUNCTION("FILTER(SemEval_2025_T2!$D$3:$D$100, REGEXMATCH(SemEval_2025_T2!$A$3:$A$100, ""(?i)"" & $D$19 &""_"" & $A59), NOT(REGEXMATCH(SemEval_2025_T2!$A$3:$A$100, ""(?i)complete"")) )"),0.242) -> 0.242 | F59: =IFERROR(__xludf.DUMMYFUNCTION("FILTER(SemEval_2025_T2!$C$3:$C$100, REGEXMATCH(SemEval_2025_T2!$A$3:$A$100, ""(?i)"" & $F$19 &""_"" & $A59), NOT(REGEXMATCH(SemEval_2025_T2!$A$3:$A$100, ""(?i)complete"")) )"),0.1898) -> 0.1898 | G59: =IFERROR(__xludf.DUMMYFUNCTION("FILTER(SemEval_2025_T2!$D$3:$D$100, REGEXMATCH(SemEval_2025_T2!$A$3:$A$100, ""(?i)"" & $F$19 &""_"" & $A59), NOT(REGEXMATCH(SemEval_2025_T2!$A$3:$A$100, ""(?i)complete"")) )"),0.118799999999999) -> 0.1188 | H59: =IFERROR(__xludf.DUMMYFUNCTION("FILTER(SemEval_2025_T2!$C$3:$C$100, REGEXMATCH(SemEval_2025_T2!$A$3:$A$100, ""(?i)"" & $H$19 &""_"" & $A59), NOT(REGEXMATCH(SemEval_2025_T2!$A$3:$A$100, ""(?i)complete"")) )"),0.1724) -> 0.1724 | I59: =IFERROR(__xludf.DUMMYFUNCTION("FILTER(SemEval_2025_T2!$D$3:$D$100, REGEXMATCH(SemEval_2025_T2!$A$3:$A$100, ""(?i)"" & $H$19 &""_"" & $A59), NOT(REGEXMATCH(SemEval_2025_T2!$A$3:$A$100, ""(?i)complete"")) )"),0.1396) -> 0.1396
A60: delta_own_description | D60: =D54-D59 -> 0.0374 | E60: =E54-E59 -> 0.0424 | F60: =F54-F59 -> 0.085 | G60: =G54-G59 -> 0.0684 | H60: =H54-H59 -> 0.0122 | I60: =I54-I59 -> -0.021 | J60: =AVERAGE(B60,D60,F60,H60) -> 0.044866667 | K60: =AVERAGE(C60,E60,G60,I60) -> 0.029933333 | L60: =AVERAGE(J60,K60) -> 0.0374
A61: gpt_title_description | B61: =IFERROR(__xludf.DUMMYFUNCTION("FILTER(SemEval_2025_T2!$C$3:$C$100, REGEXMATCH(SemEval_2025_T2!$A$3:$A$100, ""(?i)"" & $B$19 &""_"" & $A61), NOT(REGEXMATCH(SemEval_2025_T2!$A$3:$A$100, ""(?i)complete"")) )"),0.372) -> 0.372 | C61: =IFERROR(__xludf.DUMMYFUNCTION("FILTER(SemEval_2025_T2!$D$3:$D$100, REGEXMATCH(SemEval_2025_T2!$A$3:$A$100, ""(?i)"" & $B$19 &""_"" & $A61), NOT(REGEXMATCH(SemEval_2025_T2!$A$3:$A$100, ""(?i)complete"")) )"),0.2172) -> 0.2172 | D61: =IFERROR(__xludf.DUMMYFUNCTION("FILTER(SemEval_2025_T2!$C$3:$C$100, REGEXMATCH(SemEval_2025_T2!$A$3:$A$100, ""(?i)"" & $D$19 &""_"" & $A61), NOT(REGEXMATCH(SemEval_2025_T2!$A$3:$A$100, ""(?i)complete"")) )"),0.2652) -> 0.2652 | E61: =IFERROR(__xludf.DUMMYFUNCTION("FILTER(SemEval_2025_T2!$D$3:$D$100, REGEXMATCH(SemEval_2025_T2!$A$3:$A$100, ""(?i)"" & $D$19 &""_"" & $A61), NOT(REGEXMATCH(SemEval_2025_T2!$A$3:$A$100, ""(?i)complete"")) )"),0.2544) -> 0.2544 | F61: =IFERROR(__xludf.DUMMYFUNCTION("FILTER(SemEval_2025_T2!$C$3:$C$100, REGEXMATCH(SemEval_2025_T2!$A$3:$A$100, ""(?i)"" & $F$19 &""_"" & $A61), NOT(REGEXMATCH(SemEval_2025_T2!$A$3:$A$100, ""(?i)complete"")) )"),0.1788) -> 0.1788 | G61: =IFERROR(__xludf.DUMMYFUNCTION("FILTER(SemEval_2025_T2!$D$3:$D$100, REGEXMATCH(SemEval_2025_T2!$A$3:$A$100, ""(?i)"" & $F$19 &""_"" & $A61), NOT(REGEXMATCH(SemEval_2025_T2!$A$3:$A$100, ""(?i)complete"")) )"),0.0958) -> 0.0958 | H61: =IFERROR(__xludf.DUMMYFUNCTION("FILTER(SemEval_2025_T2!$C$3:$C$100, REGEXMATCH(SemEval_2025_T2!$A$3:$A$100, ""(?i)"" & $H$19 &""_"" & $A61), NOT(REGEXMATCH(SemEval_2025_T2!$A$3:$A$100, ""(?i)complete"")) )"),0.1888) -> 0.1888 | I61: =IFERROR(__xludf.DUMMYFUNCTION("FILTER(SemEval_2025_T2!$D$3:$D$100, REGEXMATCH(SemEval_2025_T2!$A$3:$A$100, ""(?i)"" & $H$19 &""_"" & $A61), NOT(REGEXMATCH(SemEval_2025_T2!$A$3:$A$100, ""(?i)complete"")) )"),0.1394) -> 0.1394
A62: delta_gpt_description | B62: =B54-B61 -> 0.0086 | C62: =C54-C61 -> -0.006 | D62: =D54-D61 -> 0.0264 | E62: =E54-E61 -> 0.03 | F62: =F54-F61 -> 0.096 | G62: =G54-G61 -> 0.0914 | H62: =H54-H61 -> -0.0042 | I62: =I54-I61 -> -0.0208 | J62: =AVERAGE(B62,D62,F62,H62) -> 0.0317 | K62: =AVERAGE(C62,E62,G62,I62) -> 0.02365 | L62: =AVERAGE(J62,K62) -> 0.027675
A63: title_description_complete | H63: =IFERROR(__xludf.DUMMYFUNCTION("FILTER(SemEval_2025_T2!$C$3:$C$100, REGEXMATCH(SemEval_2025_T2!$A$3:$A$100, ""(?i)"" & $H$19 &""_"" & $A63) )"),0.1444) -> 0.1444 | I63: =IFERROR(__xludf.DUMMYFUNCTION("FILTER(SemEval_2025_T2!$D$3:$D$100, REGEXMATCH(SemEval_2025_T2!$A$3:$A$100, ""(?i)"" & $H$19 &""_"" & $A63) )"),0.1102) -> 0.1102
A64: delta_own_description_comp | H64: =H54-H63 -> 0.0402 | I64: =I54-I63 -> 0.0084 | J64: =AVERAGE(B64,D64,F64,H64) -> 0.0402 | K64: =AVERAGE(C64,E64,G64,I64) -> 0.0084 | L64: =AVERAGE(J64,K64) -> 0.0243
A65: gpt_title_description_complete | H65: =IFERROR(__xludf.DUMMYFUNCTION("FILTER(SemEval_2025_T2!$C$3:$C$100, REGEXMATCH(SemEval_2025_T2!$A$3:$A$100, ""(?i)"" & $H$19 &""_"" & $A65) )"),0.2008) -> 0.2008 | I65: =IFERROR(__xludf.DUMMYFUNCTION("FILTER(SemEval_2025_T2!$D$3:$D$100, REGEXMATCH(SemEval_2025_T2!$A$3:$A$100, ""(?i)"" & $H$19 &""_"" & $A65) )"),0.1686) -> 0.1686
A66: delta_gpt_description_comp | H66: =H54-H65 -> -0.0162 | I66: =I54-I65 -> -0.05 | J66: =AVERAGE(B66,D66,F66,H66) -> -0.0162 | K66: =AVERAGE(C66,E66,G66,I66) -> -0.05 | L66: =AVERAGE(J66,K66) -> -0.0331
B67: =AVERAGE(B56,B58,B60,B62, B64, B66) -> 0.0102 | C67: =AVERAGE(C56,C58,C60,C62, C64, C66) -> 0.0075333333 | D67: =AVERAGE(D56,D58,D60,D62, D64, D66) -> 0.0246 | E67: =AVERAGE(E56,E58,E60,E62, E64, E66) -> 0.03585 | F67: =AVERAGE(F56,F58,F60,F62, F64, F66) -> 0.0953 | G67: =AVERAGE(G56,G58,G60,G62, G64, G66) -> 0.07725 | H67: =AVERAGE(H56,H58,H60,H62, H64, H66) -> 0.0018 | I67: =AVERAGE(I56,I58,I60,I62, I64, I66) -> -0.026033333
B68: =AVERAGE(B67:C67) -> 0.0088666667 | D68: =AVERAGE(D67:E67) -> 0.030225 | F68: =AVERAGE(F67:G67) -> 0.086275 | H68: =AVERAGE(H67:I67) -> -0.012116667

Sheet RQ2.1
A1: RQ1 | B1: Are narrative titles enough or models benefit from an extended narrative description?
A2: dipro | B2: calme | D2: gemma | F2: exaone | H2: granite
A3: no_no | B3: =IFERROR(__xludf.DUMMYFUNCTION("FILTER(Dipromats!C$3:C$101, REGEXMATCH(Dipromats!$A$3:$A$101, ""(?i)"" & $A3) )"),0.634504615288617) -> 0.63450462 | C3: =IFERROR(__xludf.DUMMYFUNCTION("FILTER(Dipromats!D$3:D$101, REGEXMATCH(Dipromats!$A$3:$A$101, ""(?i)"" & $A3) )"),0.583394320061881) -> 0.58339432 | D3: =IFERROR(__xludf.DUMMYFUNCTION("FILTER(Dipromats!E$3:E$101, REGEXMATCH(Dipromats!$A$3:$A$101, ""(?i)"" & $A3) )"),0.612546907727468) -> 0.61254691 | E3: =IFERROR(__xludf.DUMMYFUNCTION("FILTER(Dipromats!F$3:F$101, REGEXMATCH(Dipromats!$A$3:$A$101, ""(?i)"" & $A3) )"),0.564694414756619) -> 0.56469441 | F3: =IFERROR(__xludf.DUMMYFUNCTION("FILTER(Dipromats!G$3:G$101, REGEXMATCH(Dipromats!$A$3:$A$101, ""(?i)"" & $A3) )"),0.551936514723647) -> 0.55193651 | G3: =IFERROR(__xludf.DUMMYFUNCTION("FILTER(Dipromats!H$3:H$101, REGEXMATCH(Dipromats!$A$3:$A$101, ""(?i)"" & $A3) )"),0.498994997427713) -> 0.498995 | H3: =IFERROR(__xludf.DUMMYFUNCTION("FILTER(Dipromats!I$3:I$101, REGEXMATCH(Dipromats!$A$3:$A$101, ""(?i)"" & $A3) )"),0.333605146281453) -> 0.33360515 | I3: =IFERROR(__xludf.DUMMYFUNCTION("FILTER(Dipromats!J$3:J$101, REGEXMATCH(Dipromats!$A$3:$A$101, ""(?i)"" & $A3) )"),0.367508834746624) -> 0.36750883
A4: original_original | B4: =IFERROR(__xludf.DUMMYFUNCTION("FILTER(Dipromats!C$3:C$101, REGEXMATCH(Dipromats!$A$3:$A$101, ""(?i)"" & $A4) )"),0.638654812715595) -> 0.63865481 | C4: =IFERROR(__xludf.DUMMYFUNCTION("FILTER(Dipromats!D$3:D$101, REGEXMATCH(Dipromats!$A$3:$A$101, ""(?i)"" & $A4) )"),0.613462791622532) -> 0.61346279 | D4: =IFERROR(__xludf.DUMMYFUNCTION("FILTER(Dipromats!E$3:E$101, REGEXMATCH(Dipromats!$A$3:$A$101, ""(?i)"" & $A4) )"),0.624175131263906) -> 0.62417513 | E4: =IFERROR(__xludf.DUMMYFUNCTION("FILTER(Dipromats!F$3:F$101, REGEXMATCH(Dipromats!$A$3:$A$101, ""(?i)"" & $A4) )"),0.593223331315557) -> 0.59322333 | F4: =IFERROR(__xludf.DUMMYFUNCTION("FILTER(Dipromats!G$3:G$101, REGEXMATCH(Dipromats!$A$3:$A$101, ""(?i)"" & $A4) )"),0.572478446675392) -> 0.57247845 | G4: =IFERROR(__xludf.DUMMYFUNCTION("FILTER(Dipromats!H$3:H$101, REGEXMATCH(Dipromats!$A$3:$A$101, ""(?i)"" & $A4) )"),0.534765902917699) -> 0.5347659 | H4: =IFERROR(__xludf.DUMMYFUNCTION("FILTER(Dipromats!I$3:I$101, REGEXMATCH(Dipromats!$A$3:$A$101, ""(?i)"" & $A4) )"),0.335225441305954) -> 0.33522544 | I4: =IFERROR(__xludf.DUMMYFUNCTION("FILTER(Dipromats!J$3:J$101, REGEXMATCH(Dipromats!$A$3:$A$101, ""(?i)"" & $A4) )"),0.352567599779278) -> 0.3525676 | N4: AVG F1 | O4: STD F1
A5: delta_original | B5: =B3-B4 -> -0.0041501974 | C5: =C3-C4 -> -0.030068472 | D5: =D3-D4 -> -0.011628224 | E5: =E3-E4 -> -0.028528917 | F5: =F3-F4 -> -0.020541932 | G5: =G3-G4 -> -0.035770905 | H5: =H3-H4 -> -0.001620295 | I5: =I3-I4 -> 0.014941235 | J5: =AVERAGE(B5:I5) -> -0.014670963 | M5: delta_own_title | N5: =AVERAGE($B$7:$I$7,$B$26:$I$26,$B$45:$I$45,$B$64:$I$64) -> 0.028523565 | O5: =STDEV($B$7:$I$7,$B$26:$I$26,$B$45:$I$45,$B$64:$I$64) -> 0.037580254
A6: own_title | B6: =IFERROR(__xludf.DUMMYFUNCTION("FILTER(Dipromats!C$3:C$101, REGEXMATCH(Dipromats!$A$3:$A$101, ""(?i)"" & $A6) )"),0.621040280030557) -> 0.62104028 | C6: =IFERROR(__xludf.DUMMYFUNCTION("FILTER(Dipromats!D$3:D$101, REGEXMATCH(Dipromats!$A$3:$A$101, ""(?i)"" & $A6) )"),0.571358654012934) -> 0.57135865 | D6: =IFERROR(__xludf.DUMMYFUNCTION("FILTER(Dipromats!E$3:E$101, REGEXMATCH(Dipromats!$A$3:$A$101, ""(?i)"" & $A6) )"),0.57620875615112) -> 0.57620876 | E6: =IFERROR(__xludf.DUMMYFUNCTION("FILTER(Dipromats!F$3:F$101, REGEXMATCH(Dipromats!$A$3:$A$101, ""(?i)"" & $A6) )"),0.531274741257453) -> 0.53127474 | F6: =IFERROR(__xludf.DUMMYFUNCTION("FILTER(Dipromats!G$3:G$101, REGEXMATCH(Dipromats!$A$3:$A$101, ""(?i)"" & $A6) )"),0.506150051999198) -> 0.50615005 | G6: =IFERROR(__xludf.DUMMYFUNCTION("FILTER(Dipromats!H$3:H$101, REGEXMATCH(Dipromats!$A$3:$A$101, ""(?i)"" & $A6) )"),0.483697863941618) -> 0.48369786 | H6: =IFERROR(__xludf.DUMMYFUNCTION("FILTER(Dipromats!I$3:I$101, REGEXMATCH(Dipromats!$A$3:$A$101, ""(?i)"" & $A6) )"),0.286129356930116) -> 0.28612936 | I6: =IFERROR(__xludf.DUMMYFUNCTION("FILTER(Dipromats!J$3:J$101, REGEXMATCH(Dipromats!$A$3:$A$101, ""(?i)"" & $A6) )"),0.29837198245895) -> 0.29837198 | M6: delta_gpt_title | N6: =AVERAGE($B$9:$I$9,$B$28:$I$28,$B$47:$I$47,$B$66:$I$66) -> 0.032785218 | O6: =STDEV($B$9:$I$9,$B$28:$I$28,$B$47:$I$47,$B$66:$I$66) -> 0.037616886
A7: delta_own_title | B7: =B3-B6 -> 0.013464335 | C7: =C3-C6 -> 0.012035666 | D7: =D3-D6 -> 0.036338152 | E7: =E3-E6 -> 0.033419673 | F7: =F3-F6 -> 0.045786463 | G7: =G3-G6 -> 0.015297133 | H7: =H3-H6 -> 0.047475789 | I7: =I3-I6 -> 0.069136852 | J7: =AVERAGE(B7:I7) -> 0.034119258 | M7: delta_own_description | N7: =AVERAGE($B$11:$I$11,$B$30:$I$30,$B$49:$I$49,$B$68:$I$68) -> 0.018910822 | O7: =STDEV($B$11:$I$11,$B$30:$I$30,$B$49:$I$49,$B$68:$I$68) -> 0.041112643
A8: gpt_title | B8: =IFERROR(__xludf.DUMMYFUNCTION("FILTER(Dipromats!C$3:C$101, REGEXMATCH(Dipromats!$A$3:$A$101, ""(?i)"" & $A8) )"),0.608500522443986) -> 0.60850052 | C8: =IFERROR(__xludf.DUMMYFUNCTION("FILTER(Dipromats!D$3:D$101, REGEXMATCH(Dipromats!$A$3:$A$101, ""(?i)"" & $A8) )"),0.565727300132339) -> 0.5657273 | D8: =IFERROR(__xludf.DUMMYFUNCTION("FILTER(Dipromats!E$3:E$101, REGEXMATCH(Dipromats!$A$3:$A$101, ""(?i)"" & $A8) )"),0.583927636565709) -> 0.58392764 | E8: =IFERROR(__xludf.DUMMYFUNCTION("FILTER(Dipromats!F$3:F$101, REGEXMATCH(Dipromats!$A$3:$A$101, ""(?i)"" & $A8) )"),0.523712547832867) -> 0.52371255 | F8: =IFERROR(__xludf.DUMMYFUNCTION("FILTER(Dipromats!G$3:G$101, REGEXMATCH(Dipromats!$A$3:$A$101, ""(?i)"" & $A8) )"),0.524902705155418) -> 0.52490271 | G8: =IFERROR(__xludf.DUMMYFUNCTION("FILTER(Dipromats!H$3:H$101, REGEXMATCH(Dipromats!$A$3:$A$101, ""(?i)"" & $A8) )"),0.490732657736496) -> 0.49073266 | H8: =IFERROR(__xludf.DUMMYFUNCTION("FILTER(Dipromats!I$3:I$101, REGEXMATCH(Dipromats!$A$3:$A$101, ""(?i)"" & $A8) )"),0.267289569310955) -> 0.26728957 | I8: =IFERROR(__xludf.DUMMYFUNCTION("FILTER(Dipromats!J$3:J$101, REGEXMATCH(Dipromats!$A$3:$A$101, ""(?i)"" & $A8) )"),0.297865824391553) -> 0.29786582 | M8: delta_gpt_description | N8: =AVERAGE($B$13:$I$13,$B$32:$I$32,$B$51:$I$51,$B$70:$I$70) -> 0.018651586 | O8: =STDEV($B$13:$I$13,$B$32:$I$32,$B$51:$I$51,$B$70:$I$70) -> 0.042477472
A9: delta_gpt_title | B9: =B3-B8 -> 0.026004093 | C9: =C3-C8 -> 0.01766702 | D9: =D3-D8 -> 0.028619271 | E9: =E3-E8 -> 0.040981867 | F9: =F3-F8 -> 0.02703381 | G9: =G3-G8 -> 0.0082623397 | H9: =H3-H8 -> 0.066315577 | I9: =I3-I8 -> 0.06964301 | J9: =AVERAGE(B9:I9) -> 0.035565873 | M9: delta_own_description_comp | N9: =AVERAGE($B$15:$I$15,$B$34:$I$34,$B$53:$I$53,$B$72:$I$72) -> 0.049432202 | O9: =STDEV($B$15:$I$15,$B$34:$I$34,$B$53:$I$53,$B$72:$I$72) -> 0.053999127
A10: own_description | B10: =IFERROR(__xludf.DUMMYFUNCTION("FILTER(Dipromats!C$3:C$101, REGEXMATCH(Dipromats!$A$3:$A$101, ""(?i)"" & $A10), NOT(REGEXMATCH(Dipromats!$A$3:$A$101, ""(?i)complete"")) )"),0.631787462260468) -> 0.63178746 | C10: =IFERROR(__xludf.DUMMYFUNCTION("FILTER(Dipromats!D$3:D$101, REGEXMATCH(Dipromats!$A$3:$A$101, ""(?i)"" & $A10), NOT(REGEXMATCH(Dipromats!$A$3:$A$101, ""(?i)complete"")) )"),0.618216042484733) -> 0.61821604 | D10: =IFERROR(__xludf.DUMMYFUNCTION("FILTER(Dipromats!E$3:E$101, REGEXMATCH(Dipromats!$A$3:$A$101, ""(?i)"" & $A10), NOT(REGEXMATCH(Dipromats!$A$3:$A$101, ""(?i)complete"")) )"),0.586439666342686) -> 0.58643967 | E10: =IFERROR(__xludf.DUMMYFUNCTION("FILTER(Dipromats!F$3:F$101, REGEXMATCH(Dipromats!$A$3:$A$101, ""(?i)"" & $A10), NOT(REGEXMATCH(Dipromats!$A$3:$A$101, ""(?i)complete"")) )"),0.569895182181278) -> 0.56989518 | F10: =IFERROR(__xludf.DUMMYFUNCTION("FILTER(Dipromats!G$3:G$101, REGEXMATCH(Dipromats!$A$3:$A$101, ""(?i)"" & $A10), NOT(REGEXMATCH(Dipromats!$A$3:$A$101, ""(?i)complete"")) )"),0.546258468663482) -> 0.54625847 | G10: =IFERROR(__xludf.DUMMYFUNCTION("FILTER(Dipromats!H$3:H$101, REGEXMATCH(Dipromats!$A$3:$A$101, ""(?i)"" & $A10), NOT(REGEXMATCH(Dipromats!$A$3:$A$101, ""(?i)complete"")) )"),0.512012998082786) -> 0.512013 | H10: =IFERROR(__xludf.DUMMYFUNCTION("FILTER(Dipromats!I$3:I$101, REGEXMATCH(Dipromats!$A$3:$A$101, ""(?i)"" & $A10), NOT(REGEXMATCH(Dipromats!$A$3:$A$101, ""(?i)complete"")) )"),0.288938661231155) -> 0.28893866 | I10: =IFERROR(__xludf.DUMMYFUNCTION("FILTER(Dipromats!J$3:J$101, REGEXMATCH(Dipromats!$A$3:$A$101, ""(?i)"" & $A10), NOT(REGEXMATCH(Dipromats!$A$3:$A$101, ""(?i)complete"")) )"),0.329512617172151) -> 0.32951262 | M10: delta_gpt_description_comp | N10: =AVERAGE($B$17:$I$17,$B$36:$I$36,$B$55:$I$55,$B$74:$I$74) -> 0.05898154 | O10: =STDEV($B$17:$I$17,$B$36:$I$36,$B$55:$I$55,$B$74:$I$74) -> 0.083637982
A11: delta_own_description | B11: =B3-B10 -> 0.002717153 | C11: =C3-C10 -> -0.034821722 | D11: =D3-D10 -> 0.026107241 | E11: =E3-E10 -> -0.0052007674 | F11: =F3-F10 -> 0.0056780461 | G11: =G3-G10 -> -0.013018001 | H11: =H3-H10 -> 0.044666485 | I11: =I3-I10 -> 0.037996218 | J11: =AVERAGE(B11:I11) -> 0.0080155816
A12: gpt_description | B12: =IFERROR(__xludf.DUMMYFUNCTION("FILTER(Dipromats!C$3:C$101, REGEXMATCH(Dipromats!$A$3:$A$101, ""(?i)"" & $A12), NOT(REGEXMATCH(Dipromats!$A$3:$A$101, ""(?i)complete"")) )"),0.640317661477475) -> 0.64031766 | C12: =IFERROR(__xludf.DUMMYFUNCTION("FILTER(Dipromats!D$3:D$101, REGEXMATCH(Dipromats!$A$3:$A$101, ""(?i)"" & $A12), NOT(REGEXMATCH(Dipromats!$A$3:$A$101, ""(?i)complete"")) )"),0.61354665612827) -> 0.61354666 | D12: =IFERROR(__xludf.DUMMYFUNCTION("FILTER(Dipromats!E$3:E$101, REGEXMATCH(Dipromats!$A$3:$A$101, ""(?i)"" & $A12), NOT(REGEXMATCH(Dipromats!$A$3:$A$101, ""(?i)complete"")) )"),0.613750839783722) -> 0.61375084 | E12: =IFERROR(__xludf.DUMMYFUNCTION("FILTER(Dipromats!F$3:F$101, REGEXMATCH(Dipromats!$A$3:$A$101, ""(?i)"" & $A12), NOT(REGEXMATCH(Dipromats!$A$3:$A$101, ""(?i)complete"")) )"),0.578681917130575) -> 0.57868192 | F12: =IFERROR(__xludf.DUMMYFUNCTION("FILTER(Dipromats!G$3:G$101, REGEXMATCH(Dipromats!$A$3:$A$101, ""(?i)"" & $A12), NOT(REGEXMATCH(Dipromats!$A$3:$A$101, ""(?i)complete"")) )"),0.545763744390765) -> 0.54576374 | G12: =IFERROR(__xludf.DUMMYFUNCTION("FILTER(Dipromats!H$3:H$101, REGEXMATCH(Dipromats!$A$3:$A$101, ""(?i)"" & $A12), NOT(REGEXMATCH(Dipromats!$A$3:$A$101, ""(?i)complete"")) )"),0.524262991587101) -> 0.52426299 | H12: =IFERROR(__xludf.DUMMYFUNCTION("FILTER(Dipromats!I$3:I$101, REGEXMATCH(Dipromats!$A$3:$A$101, ""(?i)"" & $A12), NOT(REGEXMATCH(Dipromats!$A$3:$A$101, ""(?i)complete"")) )"),0.284838731621514) -> 0.28483873 | I12: =IFERROR(__xludf.DUMMYFUNCTION("FILTER(Dipromats!J$3:J$101, REGEXMATCH(Dipromats!$A$3:$A$101, ""(?i)"" & $A12), NOT(REGEXMATCH(Dipromats!$A$3:$A$101, ""(?i)complete"")) )"),0.300772443809359) -> 0.30077244
A13: delta_gpt_description | B13: =B3-B12 -> -0.0058130462 | C13: =C3-C12 -> -0.030152336 | D13: =D3-D12 -> -0.0012039321 | E13: =E3-E12 -> -0.013987502 | F13: =F3-F12 -> 0.0061727703 | G13: =G3-G12 -> -0.025267994 | H13: =H3-H12 -> 0.048766415 | I13: =I3-I12 -> 0.066736391 | J13: =AVERAGE(B13:I13) -> 0.0056563456
A14: own_description_complete | B14: =IFERROR(__xludf.DUMMYFUNCTION("FILTER(Dipromats!C$3:C$101, REGEXMATCH(Dipromats!$A$3:$A$101, ""(?i)"" & $A14) )"),0.632355163340107) -> 0.63235516 | C14: =IFERROR(__xludf.DUMMYFUNCTION("FILTER(Dipromats!D$3:D$101, REGEXMATCH(Dipromats!$A$3:$A$101, ""(?i)"" & $A14) )"),0.606225827187698) -> 0.60622583 | D14: =IFERROR(__xludf.DUMMYFUNCTION("FILTER(Dipromats!E$3:E$101, REGEXMATCH(Dipromats!$A$3:$A$101, ""(?i)"" & $A14) )"),0.535090217689681) -> 0.53509022 | E14: =IFERROR(__xludf.DUMMYFUNCTION("FILTER(Dipromats!F$3:F$101, REGEXMATCH(Dipromats!$A$3:$A$101, ""(?i)"" & $A14) )"),0.477750371254548) -> 0.47775037 | F14: =IFERROR(__xludf.DUMMYFUNCTION("FILTER(Dipromats!G$3:G$101, REGEXMATCH(Dipromats!$A$3:$A$101, ""(?i)"" & $A14) )"),0.457442229094388) -> 0.45744223 | G14: =IFERROR(__xludf.DUMMYFUNCTION("FILTER(Dipromats!H$3:H$101, REGEXMATCH(Dipromats!$A$3:$A$101, ""(?i)"" & $A14) )"),0.427462251024684) -> 0.42746225 | H14: =IFERROR(__xludf.DUMMYFUNCTION("FILTER(Dipromats!I$3:I$101, REGEXMATCH(Dipromats!$A$3:$A$101, ""(?i)"" & $A14) )"),0.245367655632764) -> 0.24536766 | I14: =IFERROR(__xludf.DUMMYFUNCTION("FILTER(Dipromats!J$3:J$101, REGEXMATCH(Dipromats!$A$3:$A$101, ""(?i)"" & $A14) )"),0.282654794342775) -> 0.28265479
A15: delta_own_description_comp | B15: =B3-B14 -> 0.0021494519 | C15: =C3-C14 -> -0.022831507 | D15: =D3-D14 -> 0.07745669 | E15: =E3-E14 -> 0.086944043 | F15: =F3-F14 -> 0.094494286 | G15: =G3-G14 -> 0.071532746 | H15: =H3-H14 -> 0.088237491 | I15: =I3-I14 -> 0.08485404 | J15: =AVERAGE(B15:I15) -> 0.060354655
A16: gpt_description_complete | B16: =IFERROR(__xludf.DUMMYFUNCTION("FILTER(Dipromats!C$3:C$101, REGEXMATCH(Dipromats!$A$3:$A$101, ""(?i)"" & $A16) )"),0.626620634285161) -> 0.62662063 | C16: =IFERROR(__xludf.DUMMYFUNCTION("FILTER(Dipromats!D$3:D$101, REGEXMATCH(Dipromats!$A$3:$A$101, ""(?i)"" & $A16) )"),0.604801060798369) -> 0.60480106 | D16: =IFERROR(__xludf.DUMMYFUNCTION("FILTER(Dipromats!E$3:E$101, REGEXMATCH(Dipromats!$A$3:$A$101, ""(?i)"" & $A16) )"),0.274748595417237) -> 0.2747486 | E16: =IFERROR(__xludf.DUMMYFUNCTION("FILTER(Dipromats!F$3:F$101, REGEXMATCH(Dipromats!$A$3:$A$101, ""(?i)"" & $A16) )"),0.380177808740426) -> 0.38017781 | F16: =IFERROR(__xludf.DUMMYFUNCTION("FILTER(Dipromats!G$3:G$101, REGEXMATCH(Dipromats!$A$3:$A$101, ""(?i)"" & $A16) )"),0.484593915089339) -> 0.48459392 | G16: =IFERROR(__xludf.DUMMYFUNCTION("FILTER(Dipromats!H$3:H$101, REGEXMATCH(Dipromats!$A$3:$A$101, ""(?i)"" & $A16) )"),0.437797137788191) -> 0.43779714 | H16: =IFERROR(__xludf.DUMMYFUNCTION("FILTER(Dipromats!I$3:I$101, REGEXMATCH(Dipromats!$A$3:$A$101, ""(?i)"" & $A16) )"),0.220620940157727) -> 0.22062094 | I16: =IFERROR(__xludf.DUMMYFUNCTION("FILTER(Dipromats!J$3:J$101, REGEXMATCH(Dipromats!$A$3:$A$101, ""(?i)"" & $A16) )"),0.271705614091627) -> 0.27170561
A17: delta_gpt_description_comp | B17: =B3-B16 -> 0.007883981 | C17: =C3-C16 -> -0.021406741 | D17: =D3-D16 -> 0.33779831 | E17: =E3-E16 -> 0.18451661 | F17: =F3-F16 -> 0.0673426 | G17: =G3-G16 -> 0.06119786 | H17: =H3-H16 -> 0.11298421 | I17: =I3-I16 -> 0.095803221 | J17: =AVERAGE(B17:I17) -> 0.10576501
B18: =AVERAGE(B5,B7,B9,B11,B13,B15,B17) -> 0.0060365386 | C18: =AVERAGE(C5,C7,C9,C11,C13,C15,C17) -> -0.015654013 | D18: =AVERAGE(D5,D7,D9,D11,D13,D15,D17) -> 0.070498216 | E18: =AVERAGE(E5,E7,E9,E11,E13,E15,E17) -> 0.042592143 | F18: =AVERAGE(F5,F7,F9,F11,F13,F15,F17) -> 0.032280863 | G18: =AVERAGE(G5,G7,G9,G11,G13,G15,G17) -> 0.011747597 | H18: =AVERAGE(H5,H7,H9,H11,H13,H15,H17) -> 0.058117953 | I18: =AVERAGE(I5,I7,I9,I11,I13,I15,I17) -> 0.062730138
B19: =AVERAGE(B18,C18) -> -0.0048087372 | D19: =AVERAGE(D18,E18) -> 0.05654518 | F19: =AVERAGE(F18,G18) -> 0.02201423 | H19: =AVERAGE(H18,I18) -> 0.060424045
A21: 3_steps | B21: calme | D21: gemma | F21: exaone | H21: granite
A22: no_no | B22: =IFERROR(__xludf.DUMMYFUNCTION("FILTER(SemEval_2025_T2!$G$3:$G$100, REGEXMATCH(SemEval_2025_T2!$A$3:$A$100, ""(?i)"" & $B$21 &""_"" & $A22) )"),0.4296) -> 0.4296 | C22: =IFERROR(__xludf.DUMMYFUNCTION("FILTER(SemEval_2025_T2!$H$3:$H$100, REGEXMATCH(SemEval_2025_T2!$A$3:$A$100, ""(?i)"" & $B$21 &""_"" & $A22) )"),0.2824) -> 0.2824 | D22: =IFERROR(__xludf.DUMMYFUNCTION("FILTER(SemEval_2025_T2!$G$3:$G$100, REGEXMATCH(SemEval_2025_T2!$A$3:$A$100, ""(?i)"" & $D$21 &""_"" & $A22) )"),0.4004) -> 0.4004 | E22: =IFERROR(__xludf.DUMMYFUNCTION("FILTER(SemEval_2025_T2!$H$3:$H$100, REGEXMATCH(SemEval_2025_T2!$A$3:$A$100, ""(?i)"" & $D$21 &""_"" & $A22) )"),0.264) -> 0.264 | F22: =IFERROR(__xludf.DUMMYFUNCTION("FILTER(SemEval_2025_T2!$G$3:$G$100, REGEXMATCH(SemEval_2025_T2!$A$3:$A$100, ""(?i)"" & $F$21 &""_"" & $A22) )"),0.3482) -> 0.3482 | G22: =IFERROR(__xludf.DUMMYFUNCTION("FILTER(SemEval_2025_T2!$H$3:$H$100, REGEXMATCH(SemEval_2025_T2!$A$3:$A$100, ""(?i)"" & $F$21 &""_"" & $A22) )"),0.2128) -> 0.2128 | H22: =IFERROR(__xludf.DUMMYFUNCTION("FILTER(SemEval_2025_T2!$G$3:$G$100, REGEXMATCH(SemEval_2025_T2!$A$3:$A$100, ""(?i)"" & $H$21 &""_"" & $A22) )"),0.179199999999999) -> 0.1792 | I22: =IFERROR(__xludf.DUMMYFUNCTION("FILTER(SemEval_2025_T2!$H$3:$H$100, REGEXMATCH(SemEval_2025_T2!$A$3:$A$100, ""(?i)"" & $H$21 &""_"" & $A22) )"),0.1202) -> 0.1202
A23: original_original | B23: =IFERROR(__xludf.DUMMYFUNCTION("FILTER(SemEval_2025_T2!$G$3:$G$100, REGEXMATCH(SemEval_2025_T2!$A$3:$A$100, ""(?i)"" & $B$21 &""_"" & $A23) )"),0.4884) -> 0.4884 | C23: =IFERROR(__xludf.DUMMYFUNCTION("FILTER(SemEval_2025_T2!$H$3:$H$100, REGEXMATCH(SemEval_2025_T2!$A$3:$A$100, ""(?i)"" & $B$21 &""_"" & $A23) )"),0.309799999999999) -> 0.3098 | D23: =IFERROR(__xludf.DUMMYFUNCTION("FILTER(SemEval_2025_T2!$G$3:$G$100, REGEXMATCH(SemEval_2025_T2!$A$3:$A$100, ""(?i)"" & $D$21 &""_"" & $A23) )"),0.4214) -> 0.4214 | E23: =IFERROR(__xludf.DUMMYFUNCTION("FILTER(SemEval_2025_T2!$H$3:$H$100, REGEXMATCH(SemEval_2025_T2!$A$3:$A$100, ""(?i)"" & $D$21 &""_"" & $A23) )"),0.2862) -> 0.2862 | F23: =IFERROR(__xludf.DUMMYFUNCTION("FILTER(SemEval_2025_T2!$G$3:$G$100, REGEXMATCH(SemEval_2025_T2!$A$3:$A$100, ""(?i)"" & $F$21 &""_"" & $A23) )"),0.3434) -> 0.3434 | G23: =IFERROR(__xludf.DUMMYFUNCTION("FILTER(SemEval_2025_T2!$H$3:$H$100, REGEXMATCH(SemEval_2025_T2!$A$3:$A$100, ""(?i)"" & $F$21 &""_"" & $A23) )"),0.2124) -> 0.2124 | H23: =IFERROR(__xludf.DUMMYFUNCTION("FILTER(SemEval_2025_T2!$G$3:$G$100, REGEXMATCH(SemEval_2025_T2!$A$3:$A$100, ""(?i)"" & $H$21 &""_"" & $A23) )"),0.1666) -> 0.1666 | I23: =IFERROR(__xludf.DUMMYFUNCTION("FILTER(SemEval_2025_T2!$H$3:$H$100, REGEXMATCH(SemEval_2025_T2!$A$3:$A$100, ""(?i)"" & $H$21 &""_"" & $A23) )"),0.1056) -> 0.1056
A24: delta_original | B24: =B22-B23 -> -0.0588 | C24: =C22-C23 -> -0.0274 | D24: =D22-D23 -> -0.021 | E24: =E22-E23 -> -0.0222 | F24: =F22-F23 -> 0.0048 | G24: =G22-G23 -> 0.0004 | H24: =H22-H23 -> 0.0126 | I24: =I22-I23 -> 0.0146 | J24: =AVERAGE(B24,D24,F24,H24) -> -0.0156 | K24: =AVERAGE(C24,E24,G24,I24) -> -0.00865 | L24: =AVERAGE(J24,K24) -> -0.012125
A25: only_title | B25: =IFERROR(__xludf.DUMMYFUNCTION("FILTER(SemEval_2025_T2!$G$3:$G$100, REGEXMATCH(SemEval_2025_T2!$A$3:$A$100, ""(?i)"" & $B$21 &""_"" & $A25) )"),0.4362) -> 0.4362 | C25: =IFERROR(__xludf.DUMMYFUNCTION("FILTER(SemEval_2025_T2!$H$3:$H$100, REGEXMATCH(SemEval_2025_T2!$A$3:$A$100, ""(?i)"" & $B$21 &""_"" & $A25) )"),0.3042) -> 0.3042 | D25: =IFERROR(__xludf.DUMMYFUNCTION("FILTER(SemEval_2025_T2!$G$3:$G$100, REGEXMATCH(SemEval_2025_T2!$A$3:$A$100, ""(?i)"" & $D$21 &""_"" & $A25) )"),0.3392) -> 0.3392 | E25: =IFERROR(__xludf.DUMMYFUNCTION("FILTER(SemEval_2025_T2!$H$3:$H$100, REGEXMATCH(SemEval_2025_T2!$A$3:$A$100, ""(?i)"" & $D$21 &""_"" & $A25) )"),0.2208) -> 0.2208 | F25: =IFERROR(__xludf.DUMMYFUNCTION("FILTER(SemEval_2025_T2!$G$3:$G$100, REGEXMATCH(SemEval_2025_T2!$A$3:$A$100, ""(?i)"" & $F$21 &""_"" & $A25) )"),0.3016) -> 0.3016 | G25: =IFERROR(__xludf.DUMMYFUNCTION("FILTER(SemEval_2025_T2!$H$3:$H$100, REGEXMATCH(SemEval_2025_T2!$A$3:$A$100, ""(?i)"" & $F$21 &""_"" & $A25) )"),0.1792) -> 0.1792 | H25: =IFERROR(__xludf.DUMMYFUNCTION("FILTER(SemEval_2025_T2!$G$3:$G$100, REGEXMATCH(SemEval_2025_T2!$A$3:$A$100, ""(?i)"" & $H$21 &""_"" & $A25) )"),0.1424) -> 0.1424 | I25: =IFERROR(__xludf.DUMMYFUNCTION("FILTER(SemEval_2025_T2!$H$3:$H$100, REGEXMATCH(SemEval_2025_T2!$A$3:$A$100, ""(?i)"" & $H$21 &""_"" & $A25) )"),0.0802) -> 0.0802
A26: delta_own_title | B26: =B22-B25 -> -0.0066 | C26: =C22-C25 -> -0.0218 | D26: =D22-D25 -> 0.0612 | E26: =E22-E25 -> 0.0432 | F26: =F22-F25 -> 0.0466 | G26: =G22-G25 -> 0.0336 | H26: =H22-H25 -> 0.0368 | I26: =I22-I25 -> 0.04 | J26: =AVERAGE(B26,D26,F26,H26) -> 0.0345 | K26: =AVERAGE(C26,E26,G26,I26) -> 0.02375 | L26: =AVERAGE(J26,K26) -> 0.029125
A27: gpt_only_title | B27: =IFERROR(__xludf.DUMMYFUNCTION("FILTER(SemEval_2025_T2!$G$3:$G$100, REGEXMATCH(SemEval_2025_T2!$A$3:$A$100, ""(?i)"" & $B$21 &""_"" & $A27) )"),0.444199999999999) -> 0.4442 | C27: =IFERROR(__xludf.DUMMYFUNCTION("FILTER(SemEval_2025_T2!$H$3:$H$100, REGEXMATCH(SemEval_2025_T2!$A$3:$A$100, ""(?i)"" & $B$21 &""_"" & $A27) )"),0.281) -> 0.281 | D27: =IFERROR(__xludf.DUMMYFUNCTION("FILTER(SemEval_2025_T2!$G$3:$G$100, REGEXMATCH(SemEval_2025_T2!$A$3:$A$100, ""(?i)"" & $D$21 &""_"" & $A27) )"),0.3556) -> 0.3556 | E27: =IFERROR(__xludf.DUMMYFUNCTION("FILTER(SemEval_2025_T2!$H$3:$H$100, REGEXMATCH(SemEval_2025_T2!$A$3:$A$100, ""(?i)"" & $D$21 &""_"" & $A27) )"),0.235) -> 0.235 | F27: =IFERROR(__xludf.DUMMYFUNCTION("FILTER(SemEval_2025_T2!$G$3:$G$100, REGEXMATCH(SemEval_2025_T2!$A$3:$A$100, ""(?i)"" & $F$21 &""_"" & $A27) )"),0.2892) -> 0.2892 | G27: =IFERROR(__xludf.DUMMYFUNCTION("FILTER(SemEval_2025_T2!$H$3:$H$100, REGEXMATCH(SemEval_2025_T2!$A$3:$A$100, ""(?i)"" & $F$21 &""_"" & $A27) )"),0.16) -> 0.16 | H27: =IFERROR(__xludf.DUMMYFUNCTION("FILTER(SemEval_2025_T2!$G$3:$G$100, REGEXMATCH(SemEval_2025_T2!$A$3:$A$100, ""(?i)"" & $H$21 &""_"" & $A27) )"),0.1274) -> 0.1274 | I27: =IFERROR(__xludf.DUMMYFUNCTION("FILTER(SemEval_2025_T2!$H$3:$H$100, REGEXMATCH(SemEval_2025_T2!$A$3:$A$100, ""(?i)"" & $H$21 &""_"" & $A27) )"),0.0496) -> 0.0496
A28: delta_gpt_title | B28: =B22-B27 -> -0.0146 | C28: =C22-C27 -> 0.0014 | D28: =D22-D27 -> 0.0448 | E28: =E22-E27 -> 0.029 | F28: =F22-F27 -> 0.059 | G28: =G22-G27 -> 0.0528 | H28: =H22-H27 -> 0.0518 | I28: =I22-I27 -> 0.0706 | J28: =AVERAGE(B28,D28,F28,H28) -> 0.03525 | K28: =AVERAGE(C28,E28,G28,I28) -> 0.03845 | L28: =AVERAGE(J28,K28) -> 0.03685
A29: title_description | B29: =IFERROR(__xludf.DUMMYFUNCTION("FILTER(SemEval_2025_T2!$G$3:$G$100, REGEXMATCH(SemEval_2025_T2!$A$3:$A$100, ""(?i)"" & $B$21 &""_"" & $A29), NOT(REGEXMATCH(SemEval_2025_T2!$A$3:$A$100, ""(?i)complete"")) )"),0.4852) -> 0.4852 | C29: =IFERROR(__xludf.DUMMYFUNCTION("FILTER(SemEval_2025_T2!$H$3:$H$100, REGEXMATCH(SemEval_2025_T2!$A$3:$A$100, ""(?i)"" & $B$21 &""_"" & $A29), NOT(REGEXMATCH(SemEval_2025_T2!$A$3:$A$100, ""(?i)complete"")) )"),0.3286) -> 0.3286 | D29: =IFERROR(__xludf.DUMMYFUNCTION("FILTER(SemEval_2025_T2!$G$3:$G$100, REGEXMATCH(SemEval_2025_T2!$A$3:$A$100, ""(?i)"" & $D$21 &""_"" & $A29), NOT(REGEXMATCH(SemEval_2025_T2!$A$3:$A$100, ""(?i)complete"")) )"),0.3592) -> 0.3592 | E29: =IFERROR(__xludf.DUMMYFUNCTION("FILTER(SemEval_2025_T2!$H$3:$H$100, REGEXMATCH(SemEval_2025_T2!$A$3:$A$100, ""(?i)"" & $D$21 &""_"" & $A29), NOT(REGEXMATCH(SemEval_2025_T2!$A$3:$A$100, ""(?i)complete"")) )"),0.2508) -> 0.2508 | F29: =IFERROR(__xludf.DUMMYFUNCTION("FILTER(SemEval_2025_T2!$G$3:$G$100, REGEXMATCH(SemEval_2025_T2!$A$3:$A$100, ""(?i)"" & $F$21 &""_"" & $A29), NOT(REGEXMATCH(SemEval_2025_T2!$A$3:$A$100, ""(?i)complete"")) )"),0.3106) -> 0.3106 | G29: =IFERROR(__xludf.DUMMYFUNCTION("FILTER(SemEval_2025_T2!$H$3:$H$100, REGEXMATCH(SemEval_2025_T2!$A$3:$A$100, ""(?i)"" & $F$21 &""_"" & $A29), NOT(REGEXMATCH(SemEval_2025_T2!$A$3:$A$100, ""(?i)complete"")) )"),0.1764) -> 0.1764 | H29: =IFERROR(__xludf.DUMMYFUNCTION("FILTER(SemEval_2025_T2!$G$3:$G$100, REGEXMATCH(SemEval_2025_T2!$A$3:$A$100, ""(?i)"" & $H$21 &""_"" & $A29), NOT(REGEXMATCH(SemEval_2025_T2!$A$3:$A$100, ""(?i)complete"")) )"),0.1246) -> 0.1246 | I29: =IFERROR(__xludf.DUMMYFUNCTION("FILTER(SemEval_2025_T2!$H$3:$H$100, REGEXMATCH(SemEval_2025_T2!$A$3:$A$100, ""(?i)"" & $H$21 &""_"" & $A29), NOT(REGEXMATCH(SemEval_2025_T2!$A$3:$A$100, ""(?i)complete"")) )"),0.0576) -> 0.0576
A30: delta_own_description | B30: =B22-B29 -> -0.0556 | C30: =C22-C29 -> -0.0462 | D30: =D22-D29 -> 0.0412 | E30: =E22-E29 -> 0.0132 | F30: =F22-F29 -> 0.0376 | G30: =G22-G29 -> 0.0364 | H30: =H22-H29 -> 0.0546 | I30: =I22-I29 -> 0.0626 | J30: =AVERAGE(B30,D30,F30,H30) -> 0.01945 | K30: =AVERAGE(C30,E30,G30,I30) -> 0.0165 | L30: =AVERAGE(J30,K30) -> 0.017975
A31: gpt_title_description | B31: =IFERROR(__xludf.DUMMYFUNCTION("FILTER(SemEval_2025_T2!$G$3:$G$100, REGEXMATCH(SemEval_2025_T2!$A$3:$A$100, ""(?i)"" & $B$21 &""_"" & $A31), NOT(REGEXMATCH(SemEval_2025_T2!$A$3:$A$100, ""(?i)complete"")) )"),0.4684) -> 0.4684 | C31: =IFERROR(__xludf.DUMMYFUNCTION("FILTER(SemEval_2025_T2!$H$3:$H$100, REGEXMATCH(SemEval_2025_T2!$A$3:$A$100, ""(?i)"" & $B$21 &""_"" & $A31), NOT(REGEXMATCH(SemEval_2025_T2!$A$3:$A$100, ""(?i)complete"")) )"),0.3222) -> 0.3222 | D31: =IFERROR(__xludf.DUMMYFUNCTION("FILTER(SemEval_2025_T2!$G$3:$G$100, REGEXMATCH(SemEval_2025_T2!$A$3:$A$100, ""(?i)"" & $D$21 &""_"" & $A31), NOT(REGEXMATCH(SemEval_2025_T2!$A$3:$A$100, ""(?i)complete"")) )"),0.383) -> 0.383 | E31: =IFERROR(__xludf.DUMMYFUNCTION("FILTER(SemEval_2025_T2!$H$3:$H$100, REGEXMATCH(SemEval_2025_T2!$A$3:$A$100, ""(?i)"" & $D$21 &""_"" & $A31), NOT(REGEXMATCH(SemEval_2025_T2!$A$3:$A$100, ""(?i)complete"")) )"),0.267599999999999) -> 0.2676 | F31: =IFERROR(__xludf.DUMMYFUNCTION("FILTER(SemEval_2025_T2!$G$3:$G$100, REGEXMATCH(SemEval_2025_T2!$A$3:$A$100, ""(?i)"" & $F$21 &""_"" & $A31), NOT(REGEXMATCH(SemEval_2025_T2!$A$3:$A$100, ""(?i)complete"")) )"),0.3124) -> 0.3124 | G31: =IFERROR(__xludf.DUMMYFUNCTION("FILTER(SemEval_2025_T2!$H$3:$H$100, REGEXMATCH(SemEval_2025_T2!$A$3:$A$100, ""(?i)"" & $F$21 &""_"" & $A31), NOT(REGEXMATCH(SemEval_2025_T2!$A$3:$A$100, ""(?i)complete"")) )"),0.177) -> 0.177 | H31: =IFERROR(__xludf.DUMMYFUNCTION("FILTER(SemEval_2025_T2!$G$3:$G$100, REGEXMATCH(SemEval_2025_T2!$A$3:$A$100, ""(?i)"" & $H$21 &""_"" & $A31), NOT(REGEXMATCH(SemEval_2025_T2!$A$3:$A$100, ""(?i)complete"")) )"),0.117799999999999) -> 0.1178 | I31: =IFERROR(__xludf.DUMMYFUNCTION("FILTER(SemEval_2025_T2!$H$3:$H$100, REGEXMATCH(SemEval_2025_T2!$A$3:$A$100, ""(?i)"" & $H$21 &""_"" & $A31), NOT(REGEXMATCH(SemEval_2025_T2!$A$3:$A$100, ""(?i)complete"")) )"),0.0406) -> 0.0406
A32: delta_gpt_description | B32: =B22-B31 -> -0.0388 | C32: =C22-C31 -> -0.0398 | D32: =D22-D31 -> 0.0174 | E32: =E22-E31 -> -0.0036 | F32: =F22-F31 -> 0.0358 | G32: =G22-G31 -> 0.0358 | H32: =H22-H31 -> 0.0614 | I32: =I22-I31 -> 0.0796 | J32: =AVERAGE(B32,D32,F32,H32) -> 0.01895 | K32: =AVERAGE(C32,E32,G32,I32) -> 0.018 | L32: =AVERAGE(J32,K32) -> 0.018475
A33: title_description_complete | B33: =IFERROR(__xludf.DUMMYFUNCTION("FILTER(SemEval_2025_T2!$G$3:$G$100, REGEXMATCH(SemEval_2025_T2!$A$3:$A$100, ""(?i)"" & $B$21 &""_"" & $A33) )"),0.4522) -> 0.4522 | C33: =IFERROR(__xludf.DUMMYFUNCTION("FILTER(SemEval_2025_T2!$H$3:$H$100, REGEXMATCH(SemEval_2025_T2!$A$3:$A$100, ""(?i)"" & $B$21 &""_"" & $A33) )"),0.3188) -> 0.3188 | D33: =IFERROR(__xludf.DUMMYFUNCTION("FILTER(SemEval_2025_T2!$G$3:$G$100, REGEXMATCH(SemEval_2025_T2!$A$3:$A$100, ""(?i)"" & $D$21 &""_"" & $A33) )"),0.281) -> 0.281 | E33: =IFERROR(__xludf.DUMMYFUNCTION("FILTER(SemEval_2025_T2!$H$3:$H$100, REGEXMATCH(SemEval_2025_T2!$A$3:$A$100, ""(?i)"" & $D$21 &""_"" & $A33) )"),0.281) -> 0.281 | F33: =IFERROR(__xludf.DUMMYFUNCTION("FILTER(SemEval_2025_T2!$G$3:$G$100, REGEXMATCH(SemEval_2025_T2!$A$3:$A$100, ""(?i)"" & $F$21 &""_"" & $A33) )"),0.2836) -> 0.2836 | G33: =IFERROR(__xludf.DUMMYFUNCTION("FILTER(SemEval_2025_T2!$H$3:$H$100, REGEXMATCH(SemEval_2025_T2!$A$3:$A$100, ""(?i)"" & $F$21 &""_"" & $A33) )"),0.189) -> 0.189 | H33: =IFERROR(__xludf.DUMMYFUNCTION("FILTER(SemEval_2025_T2!$G$3:$G$100, REGEXMATCH(SemEval_2025_T2!$A$3:$A$100, ""(?i)"" & $H$21 &""_"" & $A33) )"),0.1028) -> 0.1028 | I33: =IFERROR(__xludf.DUMMYFUNCTION("FILTER(SemEval_2025_T2!$H$3:$H$100, REGEXMATCH(SemEval_2025_T2!$A$3:$A$100, ""(?i)"" & $H$21 &""_"" & $A33) )"),0.0496) -> 0.0496
A34: delta_own_description_comp | B34: =B22-B33 -> -0.0226 | C34: =C22-C33 -> -0.0364 | D34: =D22-D33 -> 0.1194 | E34: =E22-E33 -> -0.017 | F34: =F22-F33 -> 0.0646 | G34: =G22-G33 -> 0.0238 | H34: =H22-H33 -> 0.0764 | I34: =I22-I33 -> 0.0706 | J34: =AVERAGE(B34,D34,F34,H34) -> 0.05945 | K34: =AVERAGE(C34,E34,G34,I34) -> 0.01025 | L34: =AVERAGE(J34,K34) -> 0.03485
A35: gpt_title_description_complete | B35: =IFERROR(__xludf.DUMMYFUNCTION("FILTER(SemEval_2025_T2!$G$3:$G$100, REGEXMATCH(SemEval_2025_T2!$A$3:$A$100, ""(?i)"" & $B$21 &""_"" & $A35) )"),0.453) -> 0.453 | C35: =IFERROR(__xludf.DUMMYFUNCTION("FILTER(SemEval_2025_T2!$H$3:$H$100, REGEXMATCH(SemEval_2025_T2!$A$3:$A$100, ""(?i)"" & $B$21 &""_"" & $A35) )"),0.3236) -> 0.3236 | D35: =IFERROR(__xludf.DUMMYFUNCTION("FILTER(SemEval_2025_T2!$G$3:$G$100, REGEXMATCH(SemEval_2025_T2!$A$3:$A$100, ""(?i)"" & $D$21 &""_"" & $A35) )"),0.2978) -> 0.2978 | E35: =IFERROR(__xludf.DUMMYFUNCTION("FILTER(SemEval_2025_T2!$H$3:$H$100, REGEXMATCH(SemEval_2025_T2!$A$3:$A$100, ""(?i)"" & $D$21 &""_"" & $A35) )"),0.211399999999999) -> 0.2114 | F35: =IFERROR(__xludf.DUMMYFUNCTION("FILTER(SemEval_2025_T2!$G$3:$G$100, REGEXMATCH(SemEval_2025_T2!$A$3:$A$100, ""(?i)"" & $F$21 &""_"" & $A35) )"),0.2526) -> 0.2526 | G35: =IFERROR(__xludf.DUMMYFUNCTION("FILTER(SemEval_2025_T2!$H$3:$H$100, REGEXMATCH(SemEval_2025_T2!$A$3:$A$100, ""(?i)"" & $F$21 &""_"" & $A35) )"),0.163) -> 0.163 | H35: =IFERROR(__xludf.DUMMYFUNCTION("FILTER(SemEval_2025_T2!$G$3:$G$100, REGEXMATCH(SemEval_2025_T2!$A$3:$A$100, ""(?i)"" & $H$21 &""_"" & $A35) )"),0.1008) -> 0.1008 | I35: =IFERROR(__xludf.DUMMYFUNCTION("FILTER(SemEval_2025_T2!$H$3:$H$100, REGEXMATCH(SemEval_2025_T2!$A$3:$A$100, ""(?i)"" & $H$21 &""_"" & $A35) )"),0.034) -> 0.034
A36: delta_gpt_description_comp | B36: =B22-B35 -> -0.0234 | C36: =C22-C35 -> -0.0412 | D36: =D22-D35 -> 0.1026 | E36: =E22-E35 -> 0.0526 | F36: =F22-F35 -> 0.0956 | G36: =G22-G35 -> 0.0498 | H36: =H22-H35 -> 0.0784 | I36: =I22-I35 -> 0.0862 | J36: =AVERAGE(B36,D36,F36,H36) -> 0.0633 | K36: =AVERAGE(C36,E36,G36,I36) -> 0.03685 | L36: =AVERAGE(J36,K36) -> 0.050075
B37: =AVERAGE(B24,B26,B28,B30,B32,B34,B36) -> -0.031485714 | C37: =AVERAGE(C24,C26,C28,C30,C32,C34,C36) -> -0.0302 | D37: =AVERAGE(D24,D26,D28,D30,D32,D34,D36) -> 0.052228571 | E37: =AVERAGE(E24,E26,E28,E30,E32,E34,E36) -> 0.0136 | F37: =AVERAGE(F24,F26,F28,F30,F32,F34,F36) -> 0.049142857 | G37: =AVERAGE(G24,G26,G28,G30,G32,G34,G36) -> 0.033228571 | H37: =AVERAGE(H24,H26,H28,H30,H32,H34,H36) -> 0.053142857 | I37: =AVERAGE(I24,I26,I28,I30,I32,I34,I36) -> 0.0606
B38: =AVERAGE(B37,C37) -> -0.030842857 | D38: =AVERAGE(D37,E37) -> 0.032914286 | F38: =AVERAGE(F37,G37) -> 0.041185714 | H38: =AVERAGE(H37,I37) -> 0.056871429
A40: hybrid | B40: calme | D40: gemma | F40: exaone | H40: granite
A41: no_no | B41: =IFERROR(__xludf.DUMMYFUNCTION("FILTER(SemEval_2025_T2!$E$3:$E$100, REGEXMATCH(SemEval_2025_T2!$A$3:$A$100, ""(?i)"" & $B$21 &""_"" & $A41) )"),0.5206) -> 0.5206 | C41: =IFERROR(__xludf.DUMMYFUNCTION("FILTER(SemEval_2025_T2!$F$3:$F$100, REGEXMATCH(SemEval_2025_T2!$A$3:$A$100, ""(?i)"" & $B$21 &""_"" & $A41) )"),0.3216) -> 0.3216 | D41: =IFERROR(__xludf.DUMMYFUNCTION("FILTER(SemEval_2025_T2!$E$3:$E$100, REGEXMATCH(SemEval_2025_T2!$A$3:$A$100, ""(?i)"" & $D$21 &""_"" & $A41) )"),0.289799999999999) -> 0.2898 | E41: =IFERROR(__xludf.DUMMYFUNCTION("FILTER(SemEval_2025_T2!$F$3:$F$100, REGEXMATCH(SemEval_2025_T2!$A$3:$A$100, ""(?i)"" & $D$21 &""_"" & $A41) )"),0.287799999999999) -> 0.2878 | F41: =IFERROR(__xludf.DUMMYFUNCTION("FILTER(SemEval_2025_T2!$E$3:$E$100, REGEXMATCH(SemEval_2025_T2!$A$3:$A$100, ""(?i)"" & $F$21 &""_"" & $A41) )"),0.363199999999999) -> 0.3632 | G41: =IFERROR(__xludf.DUMMYFUNCTION("FILTER(SemEval_2025_T2!$F$3:$F$100, REGEXMATCH(SemEval_2025_T2!$A$3:$A$100, ""(?i)"" & $F$21 &""_"" & $A41) )"),0.1464) -> 0.1464 | H41: =IFERROR(__xludf.DUMMYFUNCTION("FILTER(SemEval_2025_T2!$E$3:$E$100, REGEXMATCH(SemEval_2025_T2!$A$3:$A$100, ""(?i)"" & $H$21 &""_"" & $A41) )"),0.195) -> 0.195 | I41: =IFERROR(__xludf.DUMMYFUNCTION("FILTER(SemEval_2025_T2!$F$3:$F$100, REGEXMATCH(SemEval_2025_T2!$A$3:$A$100, ""(?i)"" & $H$21 &""_"" & $A41) )"),0.1172) -> 0.1172
A42: original_original | B42: =IFERROR(__xludf.DUMMYFUNCTION("FILTER(SemEval_2025_T2!$E$3:$E$100, REGEXMATCH(SemEval_2025_T2!$A$3:$A$100, ""(?i)"" & $B$21 &""_"" & $A42) )"),0.4858) -> 0.4858 | C42: =IFERROR(__xludf.DUMMYFUNCTION("FILTER(SemEval_2025_T2!$F$3:$F$100, REGEXMATCH(SemEval_2025_T2!$A$3:$A$100, ""(?i)"" & $B$21 &""_"" & $A42) )"),0.301799999999999) -> 0.3018 | D42: =IFERROR(__xludf.DUMMYFUNCTION("FILTER(SemEval_2025_T2!$E$3:$E$100, REGEXMATCH(SemEval_2025_T2!$A$3:$A$100, ""(?i)"" & $D$21 &""_"" & $A42) )"),0.4278) -> 0.4278 | E42: =IFERROR(__xludf.DUMMYFUNCTION("FILTER(SemEval_2025_T2!$F$3:$F$100, REGEXMATCH(SemEval_2025_T2!$A$3:$A$100, ""(?i)"" & $D$21 &""_"" & $A42) )"),0.324199999999999) -> 0.3242 | F42: =IFERROR(__xludf.DUMMYFUNCTION("FILTER(SemEval_2025_T2!$E$3:$E$100, REGEXMATCH(SemEval_2025_T2!$A$3:$A$100, ""(?i)"" & $F$21 &""_"" & $A42) )"),0.3398) -> 0.3398 | G42: =IFERROR(__xludf.DUMMYFUNCTION("FILTER(SemEval_2025_T2!$F$3:$F$100, REGEXMATCH(SemEval_2025_T2!$A$3:$A$100, ""(?i)"" & $F$21 &""_"" & $A42) )"),0.1402) -> 0.1402 | H42: =IFERROR(__xludf.DUMMYFUNCTION("FILTER(SemEval_2025_T2!$E$3:$E$100, REGEXMATCH(SemEval_2025_T2!$A$3:$A$100, ""(?i)"" & $H$21 &""_"" & $A42) )"),0.177) -> 0.177 | I42: =IFERROR(__xludf.DUMMYFUNCTION("FILTER(SemEval_2025_T2!$F$3:$F$100, REGEXMATCH(SemEval_2025_T2!$A$3:$A$100, ""(?i)"" & $H$21 &""_"" & $A42) )"),0.08) -> 0.08
A43: delta_original | B43: =B41-B42 -> 0.0348 | C43: =C41-C42 -> 0.0198 | D43: =D41-D42 -> -0.138 | E43: =E41-E42 -> -0.0364 | F43: =F41-F42 -> 0.0234 | G43: =G41-G42 -> 0.0062 | H43: =H41-H42 -> 0.018 | I43: =I41-I42 -> 0.0372 | J43: =AVERAGE(B43,D43,F43,H43) -> -0.01545 | K43: =AVERAGE(C43,E43,G43,I43) -> 0.0067 | L43: =AVERAGE(J43,K43) -> -0.004375
A44: only_title | B44: =IFERROR(__xludf.DUMMYFUNCTION("FILTER(SemEval_2025_T2!$E$3:$E$100, REGEXMATCH(SemEval_2025_T2!$A$3:$A$100, ""(?i)"" & $B$21 &""_"" & $A44) )"),0.4516) -> 0.4516 | C44: =IFERROR(__xludf.DUMMYFUNCTION("FILTER(SemEval_2025_T2!$F$3:$F$100, REGEXMATCH(SemEval_2025_T2!$A$3:$A$100, ""(?i)"" & $B$21 &""_"" & $A44) )"),0.2602) -> 0.2602 | D44: =IFERROR(__xludf.DUMMYFUNCTION("FILTER(SemEval_2025_T2!$E$3:$E$100, REGEXMATCH(SemEval_2025_T2!$A$3:$A$100, ""(?i)"" & $D$21 &""_"" & $A44) )"),0.378599999999999) -> 0.3786 | E44: =IFERROR(__xludf.DUMMYFUNCTION("FILTER(SemEval_2025_T2!$F$3:$F$100, REGEXMATCH(SemEval_2025_T2!$A$3:$A$100, ""(?i)"" & $D$21 &""_"" & $A44) )"),0.217399999999999) -> 0.2174 | F44: =IFERROR(__xludf.DUMMYFUNCTION("FILTER(SemEval_2025_T2!$E$3:$E$100, REGEXMATCH(SemEval_2025_T2!$A$3:$A$100, ""(?i)"" & $F$21 &""_"" & $A44) )"),0.3014) -> 0.3014 | G44: =IFERROR(__xludf.DUMMYFUNCTION("FILTER(SemEval_2025_T2!$F$3:$F$100, REGEXMATCH(SemEval_2025_T2!$A$3:$A$100, ""(?i)"" & $F$21 &""_"" & $A44) )"),0.1844) -> 0.1844 | H44: =IFERROR(__xludf.DUMMYFUNCTION("FILTER(SemEval_2025_T2!$E$3:$E$100, REGEXMATCH(SemEval_2025_T2!$A$3:$A$100, ""(?i)"" & $H$21 &""_"" & $A44) )"),0.1542) -> 0.1542 | I44: =IFERROR(__xludf.DUMMYFUNCTION("FILTER(SemEval_2025_T2!$F$3:$F$100, REGEXMATCH(SemEval_2025_T2!$A$3:$A$100, ""(?i)"" & $H$21 &""_"" & $A44) )"),0.0616) -> 0.0616
A45: delta_own_title | B45: =B41-B44 -> 0.069 | C45: =C41-C44 -> 0.0614 | D45: =D41-D44 -> -0.0888 | E45: =E41-E44 -> 0.0704 | F45: =F41-F44 -> 0.0618 | G45: =G41-G44 -> -0.038 | H45: =H41-H44 -> 0.0408 | I45: =I41-I44 -> 0.0556 | J45: =AVERAGE(B45,D45,F45,H45) -> 0.0207 | K45: =AVERAGE(C45,E45,G45,I45) -> 0.03735 | L45: =AVERAGE(J45,K45) -> 0.029025
A46: gpt_only_title | B46: =IFERROR(__xludf.DUMMYFUNCTION("FILTER(SemEval_2025_T2!$E$3:$E$100, REGEXMATCH(SemEval_2025_T2!$A$3:$A$100, ""(?i)"" & $B$21 &""_"" & $A46) )"),0.469) -> 0.469 | C46: =IFERROR(__xludf.DUMMYFUNCTION("FILTER(SemEval_2025_T2!$F$3:$F$100, REGEXMATCH(SemEval_2025_T2!$A$3:$A$100, ""(?i)"" & $B$21 &""_"" & $A46) )"),0.265399999999999) -> 0.2654 | D46: =IFERROR(__xludf.DUMMYFUNCTION("FILTER(SemEval_2025_T2!$E$3:$E$100, REGEXMATCH(SemEval_2025_T2!$A$3:$A$100, ""(?i)"" & $D$21 &""_"" & $A46) )"),0.342199999999999) -> 0.3422 | E46: =IFERROR(__xludf.DUMMYFUNCTION("FILTER(SemEval_2025_T2!$F$3:$F$100, REGEXMATCH(SemEval_2025_T2!$A$3:$A$100, ""(?i)"" & $D$21 &""_"" & $A46) )"),0.180399999999999) -> 0.1804 | F46: =IFERROR(__xludf.DUMMYFUNCTION("FILTER(SemEval_2025_T2!$E$3:$E$100, REGEXMATCH(SemEval_2025_T2!$A$3:$A$100, ""(?i)"" & $F$21 &""_"" & $A46) )"),0.2952) -> 0.2952 | G46: =IFERROR(__xludf.DUMMYFUNCTION("FILTER(SemEval_2025_T2!$F$3:$F$100, REGEXMATCH(SemEval_2025_T2!$A$3:$A$100, ""(?i)"" & $F$21 &""_"" & $A46) )"),0.1818) -> 0.1818 | H46: =IFERROR(__xludf.DUMMYFUNCTION("FILTER(SemEval_2025_T2!$E$3:$E$100, REGEXMATCH(SemEval_2025_T2!$A$3:$A$100, ""(?i)"" & $H$21 &""_"" & $A46) )"),0.1582) -> 0.1582 | I46: =IFERROR(__xludf.DUMMYFUNCTION("FILTER(SemEval_2025_T2!$F$3:$F$100, REGEXMATCH(SemEval_2025_T2!$A$3:$A$100, ""(?i)"" & $H$21 &""_"" & $A46) )"),0.0654) -> 0.0654
A47: delta_gpt_title | B47: =B41-B46 -> 0.0516 | C47: =C41-C46 -> 0.0562 | D47: =D41-D46 -> -0.0524 | E47: =E41-E46 -> 0.1074 | F47: =F41-F46 -> 0.068 | G47: =G41-G46 -> -0.0354 | H47: =H41-H46 -> 0.0368 | I47: =I41-I46 -> 0.0518 | J47: =AVERAGE(B47,D47,F47,H47) -> 0.026 | K47: =AVERAGE(C47,E47,G47,I47) -> 0.045 | L47: =AVERAGE(J47,K47) -> 0.0355
A48: title_description | B48: =IFERROR(__xludf.DUMMYFUNCTION("FILTER(SemEval_2025_T2!$E$3:$E$100, REGEXMATCH(SemEval_2025_T2!$A$3:$A$100, ""(?i)"" & $B$21 &""_"" & $A48), NOT(REGEXMATCH(SemEval_2025_T2!$A$3:$A$100, ""(?i)complete"")) )"),0.4682) -> 0.4682 | C48: =IFERROR(__xludf.DUMMYFUNCTION("FILTER(SemEval_2025_T2!$F$3:$F$100, REGEXMATCH(SemEval_2025_T2!$A$3:$A$100, ""(?i)"" & $B$21 &""_"" & $A48), NOT(REGEXMATCH(SemEval_2025_T2!$A$3:$A$100, ""(?i)complete"")) )"),0.285599999999999) -> 0.2856 | D48: =IFERROR(__xludf.DUMMYFUNCTION("FILTER(SemEval_2025_T2!$E$3:$E$100, REGEXMATCH(SemEval_2025_T2!$A$3:$A$100, ""(?i)"" & $D$21 &""_"" & $A48), NOT(REGEXMATCH(SemEval_2025_T2!$A$3:$A$100, ""(?i)complete"")) )"),0.3714) -> 0.3714 | E48: =IFERROR(__xludf.DUMMYFUNCTION("FILTER(SemEval_2025_T2!$F$3:$F$100, REGEXMATCH(SemEval_2025_T2!$A$3:$A$100, ""(?i)"" & $D$21 &""_"" & $A48), NOT(REGEXMATCH(SemEval_2025_T2!$A$3:$A$100, ""(?i)complete"")) )"),0.204599999999999) -> 0.2046 | F48: =IFERROR(__xludf.DUMMYFUNCTION("FILTER(SemEval_2025_T2!$E$3:$E$100, REGEXMATCH(SemEval_2025_T2!$A$3:$A$100, ""(?i)"" & $F$21 &""_"" & $A48), NOT(REGEXMATCH(SemEval_2025_T2!$A$3:$A$100, ""(?i)complete"")) )"),0.2814) -> 0.2814 | G48: =IFERROR(__xludf.DUMMYFUNCTION("FILTER(SemEval_2025_T2!$F$3:$F$100, REGEXMATCH(SemEval_2025_T2!$A$3:$A$100, ""(?i)"" & $F$21 &""_"" & $A48), NOT(REGEXMATCH(SemEval_2025_T2!$A$3:$A$100, ""(?i)complete"")) )"),0.1774) -> 0.1774 | H48: =IFERROR(__xludf.DUMMYFUNCTION("FILTER(SemEval_2025_T2!$E$3:$E$100, REGEXMATCH(SemEval_2025_T2!$A$3:$A$100, ""(?i)"" & $H$21 &""_"" & $A48), NOT(REGEXMATCH(SemEval_2025_T2!$A$3:$A$100, ""(?i)complete"")) )"),0.1878) -> 0.1878 | I48: =IFERROR(__xludf.DUMMYFUNCTION("FILTER(SemEval_2025_T2!$F$3:$F$100, REGEXMATCH(SemEval_2025_T2!$A$3:$A$100, ""(?i)"" & $H$21 &""_"" & $A48), NOT(REGEXMATCH(SemEval_2025_T2!$A$3:$A$100, ""(?i)complete"")) )"),0.0782) -> 0.0782
A49: delta_own_description | B49: =B41-B48 -> 0.0524 | C49: =C41-C48 -> 0.036 | D49: =D41-D48 -> -0.0816 | E49: =E41-E48 -> 0.0832 | F49: =F41-F48 -> 0.0818 | G49: =G41-G48 -> -0.031 | H49: =H41-H48 -> 0.0072 | I49: =I41-I48 -> 0.039 | J49: =AVERAGE(B49,D49,F49,H49) -> 0.01495 | K49: =AVERAGE(C49,E49,G49,I49) -> 0.0318 | L49: =AVERAGE(J49,K49) -> 0.023375
A50: gpt_title_description | B50: =IFERROR(__xludf.DUMMYFUNCTION("FILTER(SemEval_2025_T2!$E$3:$E$100, REGEXMATCH(SemEval_2025_T2!$A$3:$A$100, ""(?i)"" & $B$21 &""_"" & $A50), NOT(REGEXMATCH(SemEval_2025_T2!$A$3:$A$100, ""(?i)complete"")) )"),0.4574) -> 0.4574 | C50: =IFERROR(__xludf.DUMMYFUNCTION("FILTER(SemEval_2025_T2!$F$3:$F$100, REGEXMATCH(SemEval_2025_T2!$A$3:$A$100, ""(?i)"" & $B$21 &""_"" & $A50), NOT(REGEXMATCH(SemEval_2025_T2!$A$3:$A$100, ""(?i)complete"")) )"),0.267) -> 0.267 | D50: =IFERROR(__xludf.DUMMYFUNCTION("FILTER(SemEval_2025_T2!$E$3:$E$100, REGEXMATCH(SemEval_2025_T2!$A$3:$A$100, ""(?i)"" & $D$21 &""_"" & $A50), NOT(REGEXMATCH(SemEval_2025_T2!$A$3:$A$100, ""(?i)complete"")) )"),0.3716) -> 0.3716 | E50: =IFERROR(__xludf.DUMMYFUNCTION("FILTER(SemEval_2025_T2!$F$3:$F$100, REGEXMATCH(SemEval_2025_T2!$A$3:$A$100, ""(?i)"" & $D$21 &""_"" & $A50), NOT(REGEXMATCH(SemEval_2025_T2!$A$3:$A$100, ""(?i)complete"")) )"),0.2182) -> 0.2182 | F50: =IFERROR(__xludf.DUMMYFUNCTION("FILTER(SemEval_2025_T2!$E$3:$E$100, REGEXMATCH(SemEval_2025_T2!$A$3:$A$100, ""(?i)"" & $F$21 &""_"" & $A50), NOT(REGEXMATCH(SemEval_2025_T2!$A$3:$A$100, ""(?i)complete"")) )"),0.2834) -> 0.2834 | G50: =IFERROR(__xludf.DUMMYFUNCTION("FILTER(SemEval_2025_T2!$F$3:$F$100, REGEXMATCH(SemEval_2025_T2!$A$3:$A$100, ""(?i)"" & $F$21 &""_"" & $A50), NOT(REGEXMATCH(SemEval_2025_T2!$A$3:$A$100, ""(?i)complete"")) )"),0.1776) -> 0.1776 | H50: =IFERROR(__xludf.DUMMYFUNCTION("FILTER(SemEval_2025_T2!$E$3:$E$100, REGEXMATCH(SemEval_2025_T2!$A$3:$A$100, ""(?i)"" & $H$21 &""_"" & $A50), NOT(REGEXMATCH(SemEval_2025_T2!$A$3:$A$100, ""(?i)complete"")) )"),0.175799999999999) -> 0.1758 | I50: =IFERROR(__xludf.DUMMYFUNCTION("FILTER(SemEval_2025_T2!$F$3:$F$100, REGEXMATCH(SemEval_2025_T2!$A$3:$A$100, ""(?i)"" & $H$21 &""_"" & $A50), NOT(REGEXMATCH(SemEval_2025_T2!$A$3:$A$100, ""(?i)complete"")) )"),0.0826) -> 0.0826
A51: delta_gpt_description | B51: =B41-B50 -> 0.0632 | C51: =C41-C50 -> 0.0546 | D51: =D41-D50 -> -0.0818 | E51: =E41-E50 -> 0.0696 | F51: =F41-F50 -> 0.0798 | G51: =G41-G50 -> -0.0312 | H51: =H41-H50 -> 0.0192 | I51: =I41-I50 -> 0.0346 | J51: =AVERAGE(B51,D51,F51,H51) -> 0.0201 | K51: =AVERAGE(C51,E51,G51,I51) -> 0.0319 | L51: =AVERAGE(J51,K51) -> 0.026
A52: title_description_complete | B52: =IFERROR(__xludf.DUMMYFUNCTION("FILTER(SemEval_2025_T2!$E$3:$E$100, REGEXMATCH(SemEval_2025_T2!$A$3:$A$100, ""(?i)"" & $B$21 &""_"" & $A52) )"),0.453599999999999) -> 0.4536 | C52: =IFERROR(__xludf.DUMMYFUNCTION("FILTER(SemEval_2025_T2!$F$3:$F$100, REGEXMATCH(SemEval_2025_T2!$A$3:$A$100, ""(?i)"" & $B$21 &""_"" & $A52) )"),0.2698) -> 0.2698 | D52: =IFERROR(__xludf.DUMMYFUNCTION("FILTER(SemEval_2025_T2!$E$3:$E$100, REGEXMATCH(SemEval_2025_T2!$A$3:$A$100, ""(?i)"" & $D$21 &""_"" & $A52) )"),0.3854) -> 0.3854 | E52: =IFERROR(__xludf.DUMMYFUNCTION("FILTER(SemEval_2025_T2!$F$3:$F$100, REGEXMATCH(SemEval_2025_T2!$A$3:$A$100, ""(?i)"" & $D$21 &""_"" & $A52) )"),0.1814) -> 0.1814 | F52: =IFERROR(__xludf.DUMMYFUNCTION("FILTER(SemEval_2025_T2!$E$3:$E$100, REGEXMATCH(SemEval_2025_T2!$A$3:$A$100, ""(?i)"" & $F$21 &""_"" & $A52) )"),0.2652) -> 0.2652 | G52: =IFERROR(__xludf.DUMMYFUNCTION("FILTER(SemEval_2025_T2!$F$3:$F$100, REGEXMATCH(SemEval_2025_T2!$A$3:$A$100, ""(?i)"" & $F$21 &""_"" & $A52) )"),0.0809999999999999) -> 0.081 | H52: =IFERROR(__xludf.DUMMYFUNCTION("FILTER(SemEval_2025_T2!$E$3:$E$100, REGEXMATCH(SemEval_2025_T2!$A$3:$A$100, ""(?i)"" & $H$21 &""_"" & $A52) )"),0.089) -> 0.089 | I52: =IFERROR(__xludf.DUMMYFUNCTION("FILTER(SemEval_2025_T2!$F$3:$F$100, REGEXMATCH(SemEval_2025_T2!$A$3:$A$100, ""(?i)"" & $H$21 &""_"" & $A52) )"),0.0288) -> 0.0288
A53: delta_own_description_comp | B53: =B41-B52 -> 0.067 | C53: =C41-C52 -> 0.0518 | D53: =D41-D52 -> -0.0956 | E53: =E41-E52 -> 0.1064 | F53: =F41-F52 -> 0.098 | G53: =G41-G52 -> 0.0654 | H53: =H41-H52 -> 0.106 | I53: =I41-I52 -> 0.0884 | J53: =AVERAGE(B53,D53,F53,H53) -> 0.04385 | K53: =AVERAGE(C53,E53,G53,I53) -> 0.078 | L53: =AVERAGE(J53,K53) -> 0.060925
A54: gpt_title_description_complete | B54: =IFERROR(__xludf.DUMMYFUNCTION("FILTER(SemEval_2025_T2!$E$3:$E$100, REGEXMATCH(SemEval_2025_T2!$A$3:$A$100, ""(?i)"" & $B$21 &""_"" & $A54) )"),0.45) -> 0.45 | C54: =IFERROR(__xludf.DUMMYFUNCTION("FILTER(SemEval_2025_T2!$F$3:$F$100, REGEXMATCH(SemEval_2025_T2!$A$3:$A$100, ""(?i)"" & $B$21 &""_"" & $A54) )"),0.2692) -> 0.2692 | D54: =IFERROR(__xludf.DUMMYFUNCTION("FILTER(SemEval_2025_T2!$E$3:$E$100, REGEXMATCH(SemEval_2025_T2!$A$3:$A$100, ""(?i)"" & $D$21 &""_"" & $A54) )"),0.3804) -> 0.3804 | E54: =IFERROR(__xludf.DUMMYFUNCTION("FILTER(SemEval_2025_T2!$F$3:$F$100, REGEXMATCH(SemEval_2025_T2!$A$3:$A$100, ""(?i)"" & $D$21 &""_"" & $A54) )"),0.1926) -> 0.1926 | F54: =IFERROR(__xludf.DUMMYFUNCTION("FILTER(SemEval_2025_T2!$E$3:$E$100, REGEXMATCH(SemEval_2025_T2!$A$3:$A$100, ""(?i)"" & $F$21 &""_"" & $A54) )"),0.2804) -> 0.2804 | G54: =IFERROR(__xludf.DUMMYFUNCTION("FILTER(SemEval_2025_T2!$F$3:$F$100, REGEXMATCH(SemEval_2025_T2!$A$3:$A$100, ""(?i)"" & $F$21 &""_"" & $A54) )"),0.136) -> 0.136 | H54: =IFERROR(__xludf.DUMMYFUNCTION("FILTER(SemEval_2025_T2!$E$3:$E$100, REGEXMATCH(SemEval_2025_T2!$A$3:$A$100, ""(?i)"" & $H$21 &""_"" & $A54) )"),0.1236) -> 0.1236 | I54: =IFERROR(__xludf.DUMMYFUNCTION("FILTER(SemEval_2025_T2!$F$3:$F$100, REGEXMATCH(SemEval_2025_T2!$A$3:$A$100, ""(?i)"" & $H$21 &""_"" & $A54) )"),0.044) -> 0.044
A55: delta_gpt_description_comp | B55: =B41-B54 -> 0.0706 | C55: =C41-C54 -> 0.0524 | D55: =D41-D54 -> -0.0906 | E55: =E41-E54 -> 0.0952 | F55: =F41-F54 -> 0.0828 | G55: =G41-G54 -> 0.0104 | H55: =H41-H54 -> 0.0714 | I55: =I41-I54 -> 0.0732 | J55: =AVERAGE(B55,D55,F55,H55) -> 0.03355 | K55: =AVERAGE(C55,E55,G55,I55) -> 0.0578 | L55: =AVERAGE(J55,K55) -> 0.045675
B56: =AVERAGE(B43,B45,B47,B49,B51,B53,B55) -> 0.058371429 | C56: =AVERAGE(C43,C45,C47,C49,C51,C53,C55) -> 0.047457143 | D56: =AVERAGE(D43,D45,D47,D49,D51,D53,D55) -> -0.089828571 | E56: =AVERAGE(E43,E45,E47,E49,E51,E53,E55) -> 0.070828571 | F56: =AVERAGE(F43,F45,F47,F49,F51,F53,F55) -> 0.0708 | G56: =AVERAGE(G43,G45,G47,G49,G51,G53,G55) -> -0.0076571429 | H56: =AVERAGE(H43,H45,H47,H49,H51,H53,H55) -> 0.042771429 | I56: =AVERAGE(I43,I45,I47,I49,I51,I53,I55) -> 0.054257143
B57: =AVERAGE(B56,C56) -> 0.052914286 | D57: =AVERAGE(D56,E56) -> -0.0095 | F57: =AVERAGE(F56,G56) -> 0.031571429 | H57: =AVERAGE(H56,I56) -> 0.048514286
A59: all_in_one | B59: calme | D59: gemma | F59: exaone | H59: granite
A60: no_no | B60: =IFERROR(__xludf.DUMMYFUNCTION("FILTER(SemEval_2025_T2!$C$3:$C$100, REGEXMATCH(SemEval_2025_T2!$A$3:$A$100, ""(?i)"" & $B$21 &""_"" & $A60) )"),0.4038) -> 0.4038 | C60: =IFERROR(__xludf.DUMMYFUNCTION("FILTER(SemEval_2025_T2!$D$3:$D$100, REGEXMATCH(SemEval_2025_T2!$A$3:$A$100, ""(?i)"" & $B$21 &""_"" & $A60) )"),0.2144) -> 0.2144 | D60: =IFERROR(__xludf.DUMMYFUNCTION("FILTER(SemEval_2025_T2!$C$3:$C$100, REGEXMATCH(SemEval_2025_T2!$A$3:$A$100, ""(?i)"" & $D$21 &""_"" & $A60) )"),0.285599999999999) -> 0.2856 | E60: =IFERROR(__xludf.DUMMYFUNCTION("FILTER(SemEval_2025_T2!$D$3:$D$100, REGEXMATCH(SemEval_2025_T2!$A$3:$A$100, ""(?i)"" & $D$21 &""_"" & $A60) )"),0.284199999999999) -> 0.2842 | F60: =IFERROR(__xludf.DUMMYFUNCTION("FILTER(SemEval_2025_T2!$C$3:$C$100, REGEXMATCH(SemEval_2025_T2!$A$3:$A$100, ""(?i)"" & $F$21 &""_"" & $A60) )"),0.2604) -> 0.2604 | G60: =IFERROR(__xludf.DUMMYFUNCTION("FILTER(SemEval_2025_T2!$D$3:$D$100, REGEXMATCH(SemEval_2025_T2!$A$3:$A$100, ""(?i)"" & $F$21 &""_"" & $A60) )"),0.1682) -> 0.1682 | H60: =IFERROR(__xludf.DUMMYFUNCTION("FILTER(SemEval_2025_T2!$C$3:$C$100, REGEXMATCH(SemEval_2025_T2!$A$3:$A$100, ""(?i)"" & $H$21 &""_"" & $A60) )"),0.1712) -> 0.1712 | I60: =IFERROR(__xludf.DUMMYFUNCTION("FILTER(SemEval_2025_T2!$D$3:$D$100, REGEXMATCH(SemEval_2025_T2!$A$3:$A$100, ""(?i)"" & $H$21 &""_"" & $A60) )"),0.1196) -> 0.1196
A61: original_original | B61: =IFERROR(__xludf.DUMMYFUNCTION("FILTER(SemEval_2025_T2!$C$3:$C$100, REGEXMATCH(SemEval_2025_T2!$A$3:$A$100, ""(?i)"" & $B$21 &""_"" & $A61) )"),0.3806) -> 0.3806 | C61: =IFERROR(__xludf.DUMMYFUNCTION("FILTER(SemEval_2025_T2!$D$3:$D$100, REGEXMATCH(SemEval_2025_T2!$A$3:$A$100, ""(?i)"" & $B$21 &""_"" & $A61) )"),0.2112) -> 0.2112 | D61: =IFERROR(__xludf.DUMMYFUNCTION("FILTER(SemEval_2025_T2!$C$3:$C$100, REGEXMATCH(SemEval_2025_T2!$A$3:$A$100, ""(?i)"" & $D$21 &""_"" & $A61) )"),0.291599999999999) -> 0.2916 | E61: =IFERROR(__xludf.DUMMYFUNCTION("FILTER(SemEval_2025_T2!$D$3:$D$100, REGEXMATCH(SemEval_2025_T2!$A$3:$A$100, ""(?i)"" & $D$21 &""_"" & $A61) )"),0.2844) -> 0.2844 | F61: =IFERROR(__xludf.DUMMYFUNCTION("FILTER(SemEval_2025_T2!$C$3:$C$100, REGEXMATCH(SemEval_2025_T2!$A$3:$A$100, ""(?i)"" & $F$21 &""_"" & $A61) )"),0.2748) -> 0.2748 | G61: =IFERROR(__xludf.DUMMYFUNCTION("FILTER(SemEval_2025_T2!$D$3:$D$100, REGEXMATCH(SemEval_2025_T2!$A$3:$A$100, ""(?i)"" & $F$21 &""_"" & $A61) )"),0.187199999999999) -> 0.1872 | H61: =IFERROR(__xludf.DUMMYFUNCTION("FILTER(SemEval_2025_T2!$C$3:$C$100, REGEXMATCH(SemEval_2025_T2!$A$3:$A$100, ""(?i)"" & $H$21 &""_"" & $A61) )"),0.1846) -> 0.1846 | I61: =IFERROR(__xludf.DUMMYFUNCTION("FILTER(SemEval_2025_T2!$D$3:$D$100, REGEXMATCH(SemEval_2025_T2!$A$3:$A$100, ""(?i)"" & $H$21 &""_"" & $A61) )"),0.1186) -> 0.1186
A62: delta_original | B62: =B60-B61 -> 0.0232 | C62: =C60-C61 -> 0.0032 | D62: =D60-D61 -> -0.006 | E62: =E60-E61 -> -0.0002 | F62: =F60-F61 -> -0.0144 | G62: =G60-G61 -> -0.019 | H62: =H60-H61 -> -0.0134 | I62: =I60-I61 -> 0.001 | J62: =AVERAGE(B62,D62,F62,H62) -> -0.00265 | K62: =AVERAGE(C62,E62,G62,I62) -> -0.00375 | L62: =AVERAGE(J62,K62) -> -0.0032
A63: only_title | B63: =IFERROR(__xludf.DUMMYFUNCTION("FILTER(SemEval_2025_T2!$C$3:$C$100, REGEXMATCH(SemEval_2025_T2!$A$3:$A$100, ""(?i)"" & $B$21 &""_"" & $A63) )"),0.3578) -> 0.3578 | C63: =IFERROR(__xludf.DUMMYFUNCTION("FILTER(SemEval_2025_T2!$D$3:$D$100, REGEXMATCH(SemEval_2025_T2!$A$3:$A$100, ""(?i)"" & $B$21 &""_"" & $A63) )"),0.188) -> 0.188 | D63: =IFERROR(__xludf.DUMMYFUNCTION("FILTER(SemEval_2025_T2!$C$3:$C$100, REGEXMATCH(SemEval_2025_T2!$A$3:$A$100, ""(?i)"" & $D$21 &""_"" & $A63) )"),0.2704) -> 0.2704 | E63: =IFERROR(__xludf.DUMMYFUNCTION("FILTER(SemEval_2025_T2!$D$3:$D$100, REGEXMATCH(SemEval_2025_T2!$A$3:$A$100, ""(?i)"" & $D$21 &""_"" & $A63) )"),0.2434) -> 0.2434 | F63: =IFERROR(__xludf.DUMMYFUNCTION("FILTER(SemEval_2025_T2!$C$3:$C$100, REGEXMATCH(SemEval_2025_T2!$A$3:$A$100, ""(?i)"" & $F$21 &""_"" & $A63) )"),0.1898) -> 0.1898 | G63: =IFERROR(__xludf.DUMMYFUNCTION("FILTER(SemEval_2025_T2!$D$3:$D$100, REGEXMATCH(SemEval_2025_T2!$A$3:$A$100, ""(?i)"" & $F$21 &""_"" & $A63) )"),0.1254) -> 0.1254 | H63: =IFERROR(__xludf.DUMMYFUNCTION("FILTER(SemEval_2025_T2!$C$3:$C$100, REGEXMATCH(SemEval_2025_T2!$A$3:$A$100, ""(?i)"" & $H$21 &""_"" & $A63) )"),0.1968) -> 0.1968 | I63: =IFERROR(__xludf.DUMMYFUNCTION("FILTER(SemEval_2025_T2!$D$3:$D$100, REGEXMATCH(SemEval_2025_T2!$A$3:$A$100, ""(?i)"" & $H$21 &""_"" & $A63) )"),0.161199999999999) -> 0.1612
A64: delta_own_title | B64: =B60-B63 -> 0.046 | C64: =C60-C63 -> 0.0264 | D64: =D60-D63 -> 0.0152 | E64: =E60-E63 -> 0.0408 | F64: =F60-F63 -> 0.0706 | G64: =G60-G63 -> 0.0428 | H64: =H60-H63 -> -0.0256 | I64: =I60-I63 -> -0.0416 | J64: =AVERAGE(B64,D64,F64,H64) -> 0.02655 | K64: =AVERAGE(C64,E64,G64,I64) -> 0.0171 | L64: =AVERAGE(J64,K64) -> 0.021825
A65: gpt_only_title | B65: =IFERROR(__xludf.DUMMYFUNCTION("FILTER(SemEval_2025_T2!$C$3:$C$100, REGEXMATCH(SemEval_2025_T2!$A$3:$A$100, ""(?i)"" & $B$21 &""_"" & $A65) )"),0.3814) -> 0.3814 | C65: =IFERROR(__xludf.DUMMYFUNCTION("FILTER(SemEval_2025_T2!$D$3:$D$100, REGEXMATCH(SemEval_2025_T2!$A$3:$A$100, ""(?i)"" & $B$21 &""_"" & $A65) )"),0.2058) -> 0.2058 | D65: =IFERROR(__xludf.DUMMYFUNCTION("FILTER(SemEval_2025_T2!$C$3:$C$100, REGEXMATCH(SemEval_2025_T2!$A$3:$A$100, ""(?i)"" & $D$21 &""_"" & $A65) )"),0.2782) -> 0.2782 | E65: =IFERROR(__xludf.DUMMYFUNCTION("FILTER(SemEval_2025_T2!$D$3:$D$100, REGEXMATCH(SemEval_2025_T2!$A$3:$A$100, ""(?i)"" & $D$21 &""_"" & $A65) )"),0.2544) -> 0.2544 | F65: =IFERROR(__xludf.DUMMYFUNCTION("FILTER(SemEval_2025_T2!$C$3:$C$100, REGEXMATCH(SemEval_2025_T2!$A$3:$A$100, ""(?i)"" & $F$21 &""_"" & $A65) )"),0.1596) -> 0.1596 | G65: =IFERROR(__xludf.DUMMYFUNCTION("FILTER(SemEval_2025_T2!$D$3:$D$100, REGEXMATCH(SemEval_2025_T2!$A$3:$A$100, ""(?i)"" & $F$21 &""_"" & $A65) )"),0.0998) -> 0.0998 | H65: =IFERROR(__xludf.DUMMYFUNCTION("FILTER(SemEval_2025_T2!$C$3:$C$100, REGEXMATCH(SemEval_2025_T2!$A$3:$A$100, ""(?i)"" & $H$21 &""_"" & $A65) )"),0.1936) -> 0.1936 | I65: =IFERROR(__xludf.DUMMYFUNCTION("FILTER(SemEval_2025_T2!$D$3:$D$100, REGEXMATCH(SemEval_2025_T2!$A$3:$A$100, ""(?i)"" & $H$21 &""_"" & $A65) )"),0.1488) -> 0.1488
A66: delta_gpt_title | B66: =B60-B65 -> 0.0224 | C66: =C60-C65 -> 0.0086 | D66: =D60-D65 -> 0.0074 | E66: =E60-E65 -> 0.0298 | F66: =F60-F65 -> 0.1008 | G66: =G60-G65 -> 0.0684 | H66: =H60-H65 -> -0.0224 | I66: =I60-I65 -> -0.0292 | J66: =AVERAGE(B66,D66,F66,H66) -> 0.02705 | K66: =AVERAGE(C66,E66,G66,I66) -> 0.0194 | L66: =AVERAGE(J66,K66) -> 0.023225
A67: title_description | D67: =IFERROR(__xludf.DUMMYFUNCTION("FILTER(SemEval_2025_T2!$C$3:$C$100, REGEXMATCH(SemEval_2025_T2!$A$3:$A$100, ""(?i)"" & $D$21 &""_"" & $A67), NOT(REGEXMATCH(SemEval_2025_T2!$A$3:$A$100, ""(?i)complete"")) )"),0.2542) -> 0.2542 | E67: =IFERROR(__xludf.DUMMYFUNCTION("FILTER(SemEval_2025_T2!$D$3:$D$100, REGEXMATCH(SemEval_2025_T2!$A$3:$A$100, ""(?i)"" & $D$21 &""_"" & $A67), NOT(REGEXMATCH(SemEval_2025_T2!$A$3:$A$100, ""(?i)complete"")) )"),0.242) -> 0.242 | F67: =IFERROR(__xludf.DUMMYFUNCTION("FILTER(SemEval_2025_T2!$C$3:$C$100, REGEXMATCH(SemEval_2025_T2!$A$3:$A$100, ""(?i)"" & $F$21 &""_"" & $A67), NOT(REGEXMATCH(SemEval_2025_T2!$A$3:$A$100, ""(?i)complete"")) )"),0.1898) -> 0.1898 | G67: =IFERROR(__xludf.DUMMYFUNCTION("FILTER(SemEval_2025_T2!$D$3:$D$100, REGEXMATCH(SemEval_2025_T2!$A$3:$A$100, ""(?i)"" & $F$21 &""_"" & $A67), NOT(REGEXMATCH(SemEval_2025_T2!$A$3:$A$100, ""(?i)complete"")) )"),0.118799999999999) -> 0.1188 | H67: =IFERROR(__xludf.DUMMYFUNCTION("FILTER(SemEval_2025_T2!$C$3:$C$100, REGEXMATCH(SemEval_2025_T2!$A$3:$A$100, ""(?i)"" & $H$21 &""_"" & $A67), NOT(REGEXMATCH(SemEval_2025_T2!$A$3:$A$100, ""(?i)complete"")) )"),0.1724) -> 0.1724 | I67: =IFERROR(__xludf.DUMMYFUNCTION("FILTER(SemEval_2025_T2!$D$3:$D$100, REGEXMATCH(SemEval_2025_T2!$A$3:$A$100, ""(?i)"" & $H$21 &""_"" & $A67), NOT(REGEXMATCH(SemEval_2025_T2!$A$3:$A$100, ""(?i)complete"")) )"),0.1396) -> 0.1396
A68: delta_own_description | D68: =D60-D67 -> 0.0314 | E68: =E60-E67 -> 0.0422 | F68: =F60-F67 -> 0.0706 | G68: =G60-G67 -> 0.0494 | H68: =H60-H67 -> -0.0012 | I68: =I60-I67 -> -0.02 | J68: =AVERAGE(B68,D68,F68,H68) -> 0.0336 | K68: =AVERAGE(C68,E68,G68,I68) -> 0.023866667 | L68: =AVERAGE(J68,K68) -> 0.028733333
A69: gpt_title_description | B69: =IFERROR(__xludf.DUMMYFUNCTION("FILTER(SemEval_2025_T2!$C$3:$C$100, REGEXMATCH(SemEval_2025_T2!$A$3:$A$100, ""(?i)"" & $B$21 &""_"" & $A69), NOT(REGEXMATCH(SemEval_2025_T2!$A$3:$A$100, ""(?i)complete"")) )"),0.372) -> 0.372 | C69: =IFERROR(__xludf.DUMMYFUNCTION("FILTER(SemEval_2025_T2!$D$3:$D$100, REGEXMATCH(SemEval_2025_T2!$A$3:$A$100, ""(?i)"" & $B$21 &""_"" & $A69), NOT(REGEXMATCH(SemEval_2025_T2!$A$3:$A$100, ""(?i)complete"")) )"),0.2172) -> 0.2172 | D69: =IFERROR(__xludf.DUMMYFUNCTION("FILTER(SemEval_2025_T2!$C$3:$C$100, REGEXMATCH(SemEval_2025_T2!$A$3:$A$100, ""(?i)"" & $D$21 &""_"" & $A69), NOT(REGEXMATCH(SemEval_2025_T2!$A$3:$A$100, ""(?i)complete"")) )"),0.2652) -> 0.2652 | E69: =IFERROR(__xludf.DUMMYFUNCTION("FILTER(SemEval_2025_T2!$D$3:$D$100, REGEXMATCH(SemEval_2025_T2!$A$3:$A$100, ""(?i)"" & $D$21 &""_"" & $A69), NOT(REGEXMATCH(SemEval_2025_T2!$A$3:$A$100, ""(?i)complete"")) )"),0.2544) -> 0.2544 | F69: =IFERROR(__xludf.DUMMYFUNCTION("FILTER(SemEval_2025_T2!$C$3:$C$100, REGEXMATCH(SemEval_2025_T2!$A$3:$A$100, ""(?i)"" & $F$21 &""_"" & $A69), NOT(REGEXMATCH(SemEval_2025_T2!$A$3:$A$100, ""(?i)complete"")) )"),0.1788) -> 0.1788 | G69: =IFERROR(__xludf.DUMMYFUNCTION("FILTER(SemEval_2025_T2!$D$3:$D$100, REGEXMATCH(SemEval_2025_T2!$A$3:$A$100, ""(?i)"" & $F$21 &""_"" & $A69), NOT(REGEXMATCH(SemEval_2025_T2!$A$3:$A$100, ""(?i)complete"")) )"),0.0958) -> 0.0958 | H69: =IFERROR(__xludf.DUMMYFUNCTION("FILTER(SemEval_2025_T2!$C$3:$C$100, REGEXMATCH(SemEval_2025_T2!$A$3:$A$100, ""(?i)"" & $H$21 &""_"" & $A69), NOT(REGEXMATCH(SemEval_2025_T2!$A$3:$A$100, ""(?i)complete"")) )"),0.1888) -> 0.1888 | I69: =IFERROR(__xludf.DUMMYFUNCTION("FILTER(SemEval_2025_T2!$D$3:$D$100, REGEXMATCH(SemEval_2025_T2!$A$3:$A$100, ""(?i)"" & $H$21 &""_"" & $A69), NOT(REGEXMATCH(SemEval_2025_T2!$A$3:$A$100, ""(?i)complete"")) )"),0.1394) -> 0.1394
A70: delta_gpt_description | B70: =B60-B69 -> 0.0318 | C70: =C60-C69 -> -0.0028 | D70: =D60-D69 -> 0.0204 | E70: =E60-E69 -> 0.0298 | F70: =F60-F69 -> 0.0816 | G70: =G60-G69 -> 0.0724 | H70: =H60-H69 -> -0.0176 | I70: =I60-I69 -> -0.0198 | J70: =AVERAGE(B70,D70,F70,H70) -> 0.02905 | K70: =AVERAGE(C70,E70,G70,I70) -> 0.0199 | L70: =AVERAGE(J70,K70) -> 0.024475
A71: title_description_complete | H71: =IFERROR(__xludf.DUMMYFUNCTION("FILTER(SemEval_2025_T2!$C$3:$C$100, REGEXMATCH(SemEval_2025_T2!$A$3:$A$100, ""(?i)"" & $H$21 &""_"" & $A71) )"),0.1444) -> 0.1444 | I71: =IFERROR(__xludf.DUMMYFUNCTION("FILTER(SemEval_2025_T2!$D$3:$D$100, REGEXMATCH(SemEval_2025_T2!$A$3:$A$100, ""(?i)"" & $H$21 &""_"" & $A71) )"),0.1102) -> 0.1102
A72: delta_own_description_comp | H72: =H60-H71 -> 0.0268 | I72: =I60-I71 -> 0.0094 | J72: =AVERAGE(B72,D72,F72,H72) -> 0.0268 | K72: =AVERAGE(C72,E72,G72,I72) -> 0.0094 | L72: =AVERAGE(J72,K72) -> 0.0181
A73: gpt_title_description_complete | H73: =IFERROR(__xludf.DUMMYFUNCTION("FILTER(SemEval_2025_T2!$C$3:$C$100, REGEXMATCH(SemEval_2025_T2!$A$3:$A$100, ""(?i)"" & $H$21 &""_"" & $A73) )"),0.2008) -> 0.2008 | I73: =IFERROR(__xludf.DUMMYFUNCTION("FILTER(SemEval_2025_T2!$D$3:$D$100, REGEXMATCH(SemEval_2025_T2!$A$3:$A$100, ""(?i)"" & $H$21 &""_"" & $A73) )"),0.1686) -> 0.1686
A74: delta_gpt_description_comp | H74: =H60-H73 -> -0.0296 | I74: =I60-I73 -> -0.049 | J74: =AVERAGE(B74,D74,F74,H74) -> -0.0296 | K74: =AVERAGE(C74,E74,G74,I74) -> -0.049 | L74: =AVERAGE(J74,K74) -> -0.0393
B75: =AVERAGE(B62,B64,B66,B68,B70,B72,B74) -> 0.03085 | C75: =AVERAGE(C62,C64,C66,C68,C70,C72,C74) -> 0.00885 | D75: =AVERAGE(D62,D64,D66,D68,D70,D72,D74) -> 0.01368 | E75: =AVERAGE(E62,E64,E66,E68,E70,E72,E74) -> 0.02848 | F75: =AVERAGE(F62,F64,F66,F68,F70,F72,F74) -> 0.06184 | G75: =AVERAGE(G62,G64,G66,G68,G70,G72,G74) -> 0.0428 | H75: =AVERAGE(H62,H64,H66,H68,H70,H72,H74) -> -0.011857143 | I75: =AVERAGE(I62,I64,I66,I68,I70,I72,I74) -> -0.021314286
B76: =AVERAGE(B75,C75) -> 0.01985 | D76: =AVERAGE(D75,E75) -> 0.02108 | F76: =AVERAGE(F75,G75) -> 0.05232 | H76: =AVERAGE(H75,I75) -> -0.016585714
H80: 2.96

Sheet RQ3
A1: RQ3 | B1: Is it better to use self-description or a more powerful model description, such as GPT?
B2: calme | D2: gemma | F2: exaone | H2: granite
A3: own_title | B3: 0.62104028 | C3: 0.57135865 | D3: 0.57620876 | E3: 0.53127474 | F3: 0.50615005 | G3: 0.48369786 | H3: 0.28612936 | I3: 0.29837198
A4: gpt_title | B4: 0.60850052 | C4: 0.5657273 | D4: 0.58392764 | E4: 0.52371255 | F4: 0.52490271 | G4: 0.49073266 | H4: 0.26728957 | I4: 0.29786582
A5: delta_title | B5: =B3-B4 -> 0.012539758 | C5: =C3-C4 -> 0.0056313539 | D5: =D3-D4 -> -0.0077188804 | E5: =E3-E4 -> 0.0075621934 | F5: =F3-F4 -> -0.018752653 | G5: =G3-G4 -> -0.0070347938 | H5: =H3-H4 -> 0.018839788 | I5: =I3-I4 -> 0.00050615807 | J5: =AVERAGE(B5:I5) -> 0.0014466154
A6: own_description | B6: 0.63178746 | C6: 0.61821604 | D6: 0.58643967 | E6: 0.56989518 | F6: 0.54625847 | G6: 0.512013 | H6: 0.28893866 | I6: 0.32951262
A7: gpt_description | B7: 0.64031766 | C7: 0.61354666 | D7: 0.61375084 | E7: 0.57868192 | F7: 0.54576374 | G7: 0.52426299 | H7: 0.28483873 | I7: 0.30077244
A8: delta_desc | B8: =B6-B7 -> -0.0085301992 | C8: =C6-C7 -> 0.0046693864 | D8: =D6-D7 -> -0.027311173 | E8: =E6-E7 -> -0.0087867349 | F8: =F6-F7 -> 0.00049472427 | G8: =G6-G7 -> -0.012249994 | H8: =H6-H7 -> 0.0040999296 | I8: =I6-I7 -> 0.028740173 | J8: =AVERAGE(B8:I8) -> -0.0023592359
A9: own_description_complete | B9: 0.63235516 | C9: 0.60622583 | D9: 0.53509022 | E9: 0.47775037 | F9: 0.45744223 | G9: 0.42746225 | H9: 0.24536766 | I9: 0.28265479
A10: gpt_description_complete | B10: 0.62662063 | C10: 0.60480106 | D10: 0.2747486 | E10: 0.38017781 | F10: 0.48459392 | G10: 0.43779714 | H10: 0.22062094 | I10: 0.27170561
A11: delta_compl | B11: =B9-B10 -> 0.0057345291 | C11: =C9-C10 -> 0.0014247664 | D11: =D9-D10 -> 0.26034162 | E11: =E9-E10 -> 0.097572563 | F11: =F9-F10 -> -0.027151686 | G11: =G9-G10 -> -0.010334887 | H11: =H9-H10 -> 0.024746715 | I11: =I9-I10 -> 0.01094918 | J11: =AVERAGE(B11:I11) -> 0.04541035
J12: =AVERAGE(B11,C11,F11,G11,H11,I11) -> 0.00089476974
J13: =AVERAGE(D11:E11) -> 0.17895709
A15: 3_steps_narr | B15: calme | C15: gemma | D15: exaone | E15: granite | H15: 3_steps_subnarr | I15: calme | J15: gemma | K15: exaone | L15: granite
A16: own_title | B16: =IFERROR(__xludf.DUMMYFUNCTION("FILTER(SemEval_2025_T2!$G$4:$G$100, REGEXMATCH(SemEval_2025_T2!$A$4:$A$100, ""(?i)"" & B$15 & ""_only_title"") )"),0.4362) -> 0.4362 | C16: =IFERROR(__xludf.DUMMYFUNCTION("FILTER(SemEval_2025_T2!$G$4:$G$100, REGEXMATCH(SemEval_2025_T2!$A$4:$A$100, ""(?i)"" & C$15 & ""_only_title"") )"),0.3392) -> 0.3392 | D16: =IFERROR(__xludf.DUMMYFUNCTION("FILTER(SemEval_2025_T2!$G$4:$G$100, REGEXMATCH(SemEval_2025_T2!$A$4:$A$100, ""(?i)"" & D$15 & ""_only_title"") )"),0.3016) -> 0.3016 | E16: =IFERROR(__xludf.DUMMYFUNCTION("FILTER(SemEval_2025_T2!$G$4:$G$100, REGEXMATCH(SemEval_2025_T2!$A$4:$A$100, ""(?i)"" & E$15 & ""_only_title"") )"),0.1424) -> 0.1424 | H16: own_title | I16: =IFERROR(__xludf.DUMMYFUNCTION("FILTER(SemEval_2025_T2!$G$4:$G$100, REGEXMATCH(SemEval_2025_T2!$A$4:$A$100, ""(?i)"" & I$15 & ""_only_title"") )"),0.4362) -> 0.4362 | J16: =IFERROR(__xludf.DUMMYFUNCTION("FILTER(SemEval_2025_T2!$H$4:$H$100, REGEXMATCH(SemEval_2025_T2!$A$4:$A$100, ""(?i)"" & J$15 & ""_only_title"") )"),0.2208) -> 0.2208 | K16: =IFERROR(__xludf.DUMMYFUNCTION("FILTER(SemEval_2025_T2!$H$4:$H$100, REGEXMATCH(SemEval_2025_T2!$A$4:$A$100, ""(?i)"" & K$15 & ""_only_title"") )"),0.1792) -> 0.1792 | L16: =IFERROR(__xludf.DUMMYFUNCTION("FILTER(SemEval_2025_T2!$H$4:$H$100, REGEXMATCH(SemEval_2025_T2!$A$4:$A$100, ""(?i)"" & L$15 & ""_only_title"") )"),0.0802) -> 0.0802
A17: gpt_only_title | B17: =IFERROR(__xludf.DUMMYFUNCTION("FILTER(SemEval_2025_T2!$G$4:$G$100, REGEXMATCH(SemEval_2025_T2!$A$4:$A$100, ""(?i)"" & B$15 & ""_gpt_only_title"") )"),0.444199999999999) -> 0.4442 | C17: =IFERROR(__xludf.DUMMYFUNCTION("FILTER(SemEval_2025_T2!$G$4:$G$100, REGEXMATCH(SemEval_2025_T2!$A$4:$A$100, ""(?i)"" & C$15 & ""_gpt_only_title"") )"),0.3556) -> 0.3556 | D17: =IFERROR(__xludf.DUMMYFUNCTION("FILTER(SemEval_2025_T2!$G$4:$G$100, REGEXMATCH(SemEval_2025_T2!$A$4:$A$100, ""(?i)"" & D$15 & ""_gpt_only_title"") )"),0.2892) -> 0.2892 | E17: =IFERROR(__xludf.DUMMYFUNCTION("FILTER(SemEval_2025_T2!$G$4:$G$100, REGEXMATCH(SemEval_2025_T2!$A$4:$A$100, ""(?i)"" & E$15 & ""_gpt_only_title"") )"),0.1274) -> 0.1274 | H17: gpt_only_title | I17: =IFERROR(__xludf.DUMMYFUNCTION("FILTER(SemEval_2025_T2!$H$4:$H$100, REGEXMATCH(SemEval_2025_T2!$A$4:$A$100, ""(?i)"" & I$15 & ""_gpt_only_title"") )"),0.281) -> 0.281 | J17: =IFERROR(__xludf.DUMMYFUNCTION("FILTER(SemEval_2025_T2!$H$4:$H$100, REGEXMATCH(SemEval_2025_T2!$A$4:$A$100, ""(?i)"" & J$15 & ""_gpt_only_title"") )"),0.235) -> 0.235 | K17: =IFERROR(__xludf.DUMMYFUNCTION("FILTER(SemEval_2025_T2!$H$4:$H$100, REGEXMATCH(SemEval_2025_T2!$A$4:$A$100, ""(?i)"" & K$15 & ""_gpt_only_title"") )"),0.16) -> 0.16 | L17: =IFERROR(__xludf.DUMMYFUNCTION("FILTER(SemEval_2025_T2!$H$4:$H$100, REGEXMATCH(SemEval_2025_T2!$A$4:$A$100, ""(?i)"" & L$15 & ""_gpt_only_title"") )"),0.0496) -> 0.0496
A18: delta_title | B18: =B16-B17 -> -0.008 | C18: =C16-C17 -> -0.0164 | D18: =D16-D17 -> 0.0124 | E18: =E16-E17 -> 0.015 | F18: =AVERAGE(B18:E18) -> 0.00075 | H18: delta_title | I18: =I16-I17 -> 0.1552 | J18: =J16-J17 -> -0.0142 | K18: =K16-K17 -> 0.0192 | L18: =L16-L17 -> 0.0306 | M18: =AVERAGE(I18:L18) -> 0.0477
A19: own_description | B19: =IFERROR(__xludf.DUMMYFUNCTION("FILTER(SemEval_2025_T2!$G$4:$G$100, REGEXMATCH(SemEval_2025_T2!$A$4:$A$100, ""(?i)"" & B$15 & ""_title_description""), NOT(REGEXMATCH(SemEval_2025_T2!$A$4:$A$100, ""(?i)complete"")) )"),0.4852) -> 0.4852 | C19: =IFERROR(__xludf.DUMMYFUNCTION("FILTER(SemEval_2025_T2!$G$4:$G$100, REGEXMATCH(SemEval_2025_T2!$A$4:$A$100, ""(?i)"" & C$15 & ""_title_description""), NOT(REGEXMATCH(SemEval_2025_T2!$A$4:$A$100, ""(?i)complete"")) )"),0.3592) -> 0.3592 | D19: =IFERROR(__xludf.DUMMYFUNCTION("FILTER(SemEval_2025_T2!$G$4:$G$100, REGEXMATCH(SemEval_2025_T2!$A$4:$A$100, ""(?i)"" & D$15 & ""_title_description""), NOT(REGEXMATCH(SemEval_2025_T2!$A$4:$A$100, ""(?i)complete"")) )"),0.3106) -> 0.3106 | E19: =IFERROR(__xludf.DUMMYFUNCTION("FILTER(SemEval_2025_T2!$G$4:$G$100, REGEXMATCH(SemEval_2025_T2!$A$4:$A$100, ""(?i)"" & E$15 & ""_title_description""), NOT(REGEXMATCH(SemEval_2025_T2!$A$4:$A$100, ""(?i)complete"")) )"),0.1246) -> 0.1246 | H19: own_description | I19: =IFERROR(__xludf.DUMMYFUNCTION("FILTER(SemEval_2025_T2!$H$4:$H$100, REGEXMATCH(SemEval_2025_T2!$A$4:$A$100, ""(?i)"" & I$15 & ""_title_description""), NOT(REGEXMATCH(SemEval_2025_T2!$A$4:$A$100, ""(?i)complete"")) )"),0.3286) -> 0.3286 | J19: =IFERROR(__xludf.DUMMYFUNCTION("FILTER(SemEval_2025_T2!$H$4:$H$100, REGEXMATCH(SemEval_2025_T2!$A$4:$A$100, ""(?i)"" & J$15 & ""_title_description""), NOT(REGEXMATCH(SemEval_2025_T2!$A$4:$A$100, ""(?i)complete"")) )"),0.2508) -> 0.2508 | K19: =IFERROR(__xludf.DUMMYFUNCTION("FILTER(SemEval_2025_T2!$H$4:$H$100, REGEXMATCH(SemEval_2025_T2!$A$4:$A$100, ""(?i)"" & K$15 & ""_title_description""), NOT(REGEXMATCH(SemEval_2025_T2!$A$4:$A$100, ""(?i)complete"")) )"),0.1764) -> 0.1764 | L19: =IFERROR(__xludf.DUMMYFUNCTION("FILTER(SemEval_2025_T2!$H$4:$H$100, REGEXMATCH(SemEval_2025_T2!$A$4:$A$100, ""(?i)"" & L$15 & ""_title_description""), NOT(REGEXMATCH(SemEval_2025_T2!$A$4:$A$100, ""(?i)complete"")) )"),0.0576) -> 0.0576
A20: gpt_title_description | B20: =IFERROR(__xludf.DUMMYFUNCTION("FILTER(SemEval_2025_T2!$G$4:$G$100, REGEXMATCH(SemEval_2025_T2!$A$4:$A$100, ""(?i)"" & B$15 & ""_gpt_title_description""), NOT(REGEXMATCH(SemEval_2025_T2!$A$4:$A$100, ""(?i)complete"")) )"),0.4684) -> 0.4684 | C20: =IFERROR(__xludf.DUMMYFUNCTION("FILTER(SemEval_2025_T2!$G$4:$G$100, REGEXMATCH(SemEval_2025_T2!$A$4:$A$100, ""(?i)"" & C$15 & ""_gpt_title_description""), NOT(REGEXMATCH(SemEval_2025_T2!$A$4:$A$100, ""(?i)complete"")) )"),0.383) -> 0.383 | D20: =IFERROR(__xludf.DUMMYFUNCTION("FILTER(SemEval_2025_T2!$G$4:$G$100, REGEXMATCH(SemEval_2025_T2!$A$4:$A$100, ""(?i)"" & D$15 & ""_gpt_title_description""), NOT(REGEXMATCH(SemEval_2025_T2!$A$4:$A$100, ""(?i)complete"")) )"),0.3124) -> 0.3124 | E20: =IFERROR(__xludf.DUMMYFUNCTION("FILTER(SemEval_2025_T2!$G$4:$G$100, REGEXMATCH(SemEval_2025_T2!$A$4:$A$100, ""(?i)"" & E$15 & ""_gpt_title_description""), NOT(REGEXMATCH(SemEval_2025_T2!$A$4:$A$100, ""(?i)complete"")) )"),0.117799999999999) -> 0.1178 | H20: gpt_title_description | I20: =IFERROR(__xludf.DUMMYFUNCTION("FILTER(SemEval_2025_T2!$H$4:$H$100, REGEXMATCH(SemEval_2025_T2!$A$4:$A$100, ""(?i)"" & I$15 & ""_gpt_title_description""), NOT(REGEXMATCH(SemEval_2025_T2!$A$4:$A$100, ""(?i)complete"")) )"),0.3222) -> 0.3222 | J20: =IFERROR(__xludf.DUMMYFUNCTION("FILTER(SemEval_2025_T2!$H$4:$H$100, REGEXMATCH(SemEval_2025_T2!$A$4:$A$100, ""(?i)"" & J$15 & ""_gpt_title_description""), NOT(REGEXMATCH(SemEval_2025_T2!$A$4:$A$100, ""(?i)complete"")) )"),0.267599999999999) -> 0.2676 | K20: =IFERROR(__xludf.DUMMYFUNCTION("FILTER(SemEval_2025_T2!$H$4:$H$100, REGEXMATCH(SemEval_2025_T2!$A$4:$A$100, ""(?i)"" & K$15 & ""_gpt_title_description""), NOT(REGEXMATCH(SemEval_2025_T2!$A$4:$A$100, ""(?i)complete"")) )"),0.177) -> 0.177 | L20: =IFERROR(__xludf.DUMMYFUNCTION("FILTER(SemEval_2025_T2!$H$4:$H$100, REGEXMATCH(SemEval_2025_T2!$A$4:$A$100, ""(?i)"" & L$15 & ""_gpt_title_description""), NOT(REGEXMATCH(SemEval_2025_T2!$A$4:$A$100, ""(?i)complete"")) )"),0.0406) -> 0.0406
A21: delta_description | B21: =B19-B20 -> 0.0168 | C21: =C19-C20 -> -0.0238 | D21: =D19-D20 -> -0.0018 | E21: =E19-E20 -> 0.0068 | F21: =AVERAGE(B21:E21) -> -0.0005 | H21: delta_description | I21: =I19-I20 -> 0.0064 | J21: =J19-J20 -> -0.0168 | K21: =K19-K20 -> -0.0006 | L21: =L19-L20 -> 0.017 | M21: =AVERAGE(I21:L21) -> 0.0015
A22: own_description_complete | B22: =IFERROR(__xludf.DUMMYFUNCTION("FILTER(SemEval_2025_T2!$G$4:$G$100, REGEXMATCH(SemEval_2025_T2!$A$4:$A$100, ""(?i)"" & B$15 & ""_title_description_complete"") )"),0.4522) -> 0.4522 | C22: =IFERROR(__xludf.DUMMYFUNCTION("FILTER(SemEval_2025_T2!$G$4:$G$100, REGEXMATCH(SemEval_2025_T2!$A$4:$A$100, ""(?i)"" & C$15 & ""_title_description_complete"") )"),0.281) -> 0.281 | D22: =IFERROR(__xludf.DUMMYFUNCTION("FILTER(SemEval_2025_T2!$G$4:$G$100, REGEXMATCH(SemEval_2025_T2!$A$4:$A$100, ""(?i)"" & D$15 & ""_title_description_complete"") )"),0.2836) -> 0.2836 | E22: =IFERROR(__xludf.DUMMYFUNCTION("FILTER(SemEval_2025_T2!$G$4:$G$100, REGEXMATCH(SemEval_2025_T2!$A$4:$A$100, ""(?i)"" & E$15 & ""_title_description_complete"") )"),0.1028) -> 0.1028 | H22: own_description_complete | I22: =IFERROR(__xludf.DUMMYFUNCTION("FILTER(SemEval_2025_T2!$H$4:$H$100, REGEXMATCH(SemEval_2025_T2!$A$4:$A$100, ""(?i)"" & I$15 & ""_title_description_complete"") )"),0.3188) -> 0.3188 | J22: =IFERROR(__xludf.DUMMYFUNCTION("FILTER(SemEval_2025_T2!$H$4:$H$100, REGEXMATCH(SemEval_2025_T2!$A$4:$A$100, ""(?i)"" & J$15 & ""_title_description_complete"") )"),0.281) -> 0.281 | K22: =IFERROR(__xludf.DUMMYFUNCTION("FILTER(SemEval_2025_T2!$H$4:$H$100, REGEXMATCH(SemEval_2025_T2!$A$4:$A$100, ""(?i)"" & K$15 & ""_title_description_complete"") )"),0.189) -> 0.189 | L22: =IFERROR(__xludf.DUMMYFUNCTION("FILTER(SemEval_2025_T2!$H$4:$H$100, REGEXMATCH(SemEval_2025_T2!$A$4:$A$100, ""(?i)"" & L$15 & ""_title_description_complete"") )"),0.0496) -> 0.0496
A23: gpt_title_description_complete | B23: =IFERROR(__xludf.DUMMYFUNCTION("FILTER(SemEval_2025_T2!$G$4:$G$100, REGEXMATCH(SemEval_2025_T2!$A$4:$A$100, ""(?i)"" & B$15 & ""_gpt_title_description_complete"") )"),0.453) -> 0.453 | C23: =IFERROR(__xludf.DUMMYFUNCTION("FILTER(SemEval_2025_T2!$G$4:$G$100, REGEXMATCH(SemEval_2025_T2!$A$4:$A$100, ""(?i)"" & C$15 & ""_gpt_title_description_complete"") )"),0.2978) -> 0.2978 | D23: =IFERROR(__xludf.DUMMYFUNCTION("FILTER(SemEval_2025_T2!$G$4:$G$100, REGEXMATCH(SemEval_2025_T2!$A$4:$A$100, ""(?i)"" & D$15 & ""_gpt_title_description_complete"") )"),0.2526) -> 0.2526 | E23: =IFERROR(__xludf.DUMMYFUNCTION("FILTER(SemEval_2025_T2!$G$4:$G$100, REGEXMATCH(SemEval_2025_T2!$A$4:$A$100, ""(?i)"" & E$15 & ""_gpt_title_description_complete"") )"),0.1008) -> 0.1008 | H23: gpt_title_description_complete | I23: =IFERROR(__xludf.DUMMYFUNCTION("FILTER(SemEval_2025_T2!$H$4:$H$100, REGEXMATCH(SemEval_2025_T2!$A$4:$A$100, ""(?i)"" & I$15 & ""_gpt_title_description_complete"") )"),0.3236) -> 0.3236 | J23: =IFERROR(__xludf.DUMMYFUNCTION("FILTER(SemEval_2025_T2!$H$4:$H$100, REGEXMATCH(SemEval_2025_T2!$A$4:$A$100, ""(?i)"" & J$15 & ""_gpt_title_description_complete"") )"),0.211399999999999) -> 0.2114 | K23: =IFERROR(__xludf.DUMMYFUNCTION("FILTER(SemEval_2025_T2!$H$4:$H$100, REGEXMATCH(SemEval_2025_T2!$A$4:$A$100, ""(?i)"" & K$15 & ""_gpt_title_description_complete"") )"),0.163) -> 0.163 | L23: =IFERROR(__xludf.DUMMYFUNCTION("FILTER(SemEval_2025_T2!$H$4:$H$100, REGEXMATCH(SemEval_2025_T2!$A$4:$A$100, ""(?i)"" & L$15 & ""_gpt_title_description_complete"") )"),0.034) -> 0.034
A24: delta_complete | B24: =B22-B23 -> -0.0008 | C24: =C22-C23 -> -0.0168 | D24: =D22-D23 -> 0.031 | E24: =E22-E23 -> 0.002 | F24: =AVERAGE(B24:E24) -> 0.00385 | H24: delta_complete | I24: =I22-I23 -> -0.0048 | J24: =J22-J23 -> 0.0696 | K24: =K22-K23 -> 0.026 | L24: =L22-L23 -> 0.0156 | M24: =AVERAGE(I24:L24) -> 0.0266
A26: hybrid_narr | B26: calme | C26: gemma | D26: exaone | E26: granite | H26: hybrid_subnarr | I26: calme | J26: gemma | K26: exaone | L26: granite
A27: own_title | B27: =IFERROR(__xludf.DUMMYFUNCTION("FILTER(SemEval_2025_T2!$G$4:$G$100, REGEXMATCH(SemEval_2025_T2!$A$4:$A$100, ""(?i)"" & B$15 & ""_only_title"") )"),0.4362) -> 0.4362 | C27: =IFERROR(__xludf.DUMMYFUNCTION("FILTER(SemEval_2025_T2!$E$4:$E$100, REGEXMATCH(SemEval_2025_T2!$A$4:$A$100, ""(?i)"" & C$15 & ""_only_title"") )"),0.378599999999999) -> 0.3786 | D27: =IFERROR(__xludf.DUMMYFUNCTION("FILTER(SemEval_2025_T2!$E$4:$E$100, REGEXMATCH(SemEval_2025_T2!$A$4:$A$100, ""(?i)"" & D$15 & ""_only_title"") )"),0.3014) -> 0.3014 | E27: =IFERROR(__xludf.DUMMYFUNCTION("FILTER(SemEval_2025_T2!$E$4:$E$100, REGEXMATCH(SemEval_2025_T2!$A$4:$A$100, ""(?i)"" & E$15 & ""_only_title"") )"),0.1542) -> 0.1542 | H27: own_title | I27: =IFERROR(__xludf.DUMMYFUNCTION("FILTER(SemEval_2025_T2!$F$4:$F$100, REGEXMATCH(SemEval_2025_T2!$A$4:$A$100, ""(?i)"" & I$15 & ""_only_title"") )"),0.2602) -> 0.2602 | J27: =IFERROR(__xludf.DUMMYFUNCTION("FILTER(SemEval_2025_T2!$F$4:$F$100, REGEXMATCH(SemEval_2025_T2!$A$4:$A$100, ""(?i)"" & J$15 & ""_only_title"") )"),0.217399999999999) -> 0.2174 | K27: =IFERROR(__xludf.DUMMYFUNCTION("FILTER(SemEval_2025_T2!$F$4:$F$100, REGEXMATCH(SemEval_2025_T2!$A$4:$A$100, ""(?i)"" & K$15 & ""_only_title"") )"),0.1844) -> 0.1844 | L27: =IFERROR(__xludf.DUMMYFUNCTION("FILTER(SemEval_2025_T2!$F$4:$F$100, REGEXMATCH(SemEval_2025_T2!$A$4:$A$100, ""(?i)"" & L$15 & ""_only_title"") )"),0.0616) -> 0.0616
A28: gpt_only_title | B28: =IFERROR(__xludf.DUMMYFUNCTION("FILTER(SemEval_2025_T2!$E$4:$E$100, REGEXMATCH(SemEval_2025_T2!$A$4:$A$100, ""(?i)"" & B$15 & ""_gpt_only_title"") )"),0.469) -> 0.469 | C28: =IFERROR(__xludf.DUMMYFUNCTION("FILTER(SemEval_2025_T2!$E$4:$E$100, REGEXMATCH(SemEval_2025_T2!$A$4:$A$100, ""(?i)"" & C$15 & ""_gpt_only_title"") )"),0.342199999999999) -> 0.3422 | D28: =IFERROR(__xludf.DUMMYFUNCTION("FILTER(SemEval_2025_T2!$E$4:$E$100, REGEXMATCH(SemEval_2025_T2!$A$4:$A$100, ""(?i)"" & D$15 & ""_gpt_only_title"") )"),0.2952) -> 0.2952 | E28: =IFERROR(__xludf.DUMMYFUNCTION("FILTER(SemEval_2025_T2!$E$4:$E$100, REGEXMATCH(SemEval_2025_T2!$A$4:$A$100, ""(?i)"" & E$15 & ""_gpt_only_title"") )"),0.1582) -> 0.1582 | H28: gpt_only_title | I28: =IFERROR(__xludf.DUMMYFUNCTION("FILTER(SemEval_2025_T2!$F$4:$F$100, REGEXMATCH(SemEval_2025_T2!$A$4:$A$100, ""(?i)"" & I$15 & ""_gpt_only_title"") )"),0.265399999999999) -> 0.2654 | J28: =IFERROR(__xludf.DUMMYFUNCTION("FILTER(SemEval_2025_T2!$F$4:$F$100, REGEXMATCH(SemEval_2025_T2!$A$4:$A$100, ""(?i)"" & J$15 & ""_gpt_only_title"") )"),0.180399999999999) -> 0.1804 | K28: =IFERROR(__xludf.DUMMYFUNCTION("FILTER(SemEval_2025_T2!$F$4:$F$100, REGEXMATCH(SemEval_2025_T2!$A$4:$A$100, ""(?i)"" & K$15 & ""_gpt_only_title"") )"),0.1818) -> 0.1818 | L28: =IFERROR(__xludf.DUMMYFUNCTION("FILTER(SemEval_2025_T2!$F$4:$F$100, REGEXMATCH(SemEval_2025_T2!$A$4:$A$100, ""(?i)"" & L$15 & ""_gpt_only_title"") )"),0.0654) -> 0.0654
A29: delta_title | B29: =B27-B28 -> -0.0328 | C29: =C27-C28 -> 0.0364 | D29: =D27-D28 -> 0.0062 | E29: =E27-E28 -> -0.004 | F29: =AVERAGE(B29:E29) -> 0.00145 | H29: delta_title | I29: =I27-I28 -> -0.0052 | J29: =J27-J28 -> 0.037 | K29: =K27-K28 -> 0.0026 | L29: =L27-L28 -> -0.0038 | M29: =AVERAGE(I29:L29) -> 0.00765
A30: own_description | B30: =IFERROR(__xludf.DUMMYFUNCTION("FILTER(SemEval_2025_T2!$E$4:$E$100, REGEXMATCH(SemEval_2025_T2!$A$4:$A$100, ""(?i)"" & B$15 & ""_title_description""), NOT(REGEXMATCH(SemEval_2025_T2!$A$4:$A$100, ""(?i)complete"")) )"),0.4682) -> 0.4682 | C30: =IFERROR(__xludf.DUMMYFUNCTION("FILTER(SemEval_2025_T2!$E$4:$E$100, REGEXMATCH(SemEval_2025_T2!$A$4:$A$100, ""(?i)"" & C$15 & ""_title_description""), NOT(REGEXMATCH(SemEval_2025_T2!$A$4:$A$100, ""(?i)complete"")) )"),0.3714) -> 0.3714 | D30: =IFERROR(__xludf.DUMMYFUNCTION("FILTER(SemEval_2025_T2!$E$4:$E$100, REGEXMATCH(SemEval_2025_T2!$A$4:$A$100, ""(?i)"" & D$15 & ""_title_description""), NOT(REGEXMATCH(SemEval_2025_T2!$A$4:$A$100, ""(?i)complete"")) )"),0.2814) -> 0.2814 | E30: =IFERROR(__xludf.DUMMYFUNCTION("FILTER(SemEval_2025_T2!$E$4:$E$100, REGEXMATCH(SemEval_2025_T2!$A$4:$A$100, ""(?i)"" & E$15 & ""_title_description""), NOT(REGEXMATCH(SemEval_2025_T2!$A$4:$A$100, ""(?i)complete"")) )"),0.1878) -> 0.1878 | H30: own_description | I30: =IFERROR(__xludf.DUMMYFUNCTION("FILTER(SemEval_2025_T2!$F$4:$F$100, REGEXMATCH(SemEval_2025_T2!$A$4:$A$100, ""(?i)"" & I$15 & ""_title_description""), NOT(REGEXMATCH(SemEval_2025_T2!$A$4:$A$100, ""(?i)complete"")) )"),0.285599999999999) -> 0.2856 | J30: =IFERROR(__xludf.DUMMYFUNCTION("FILTER(SemEval_2025_T2!$F$4:$F$100, REGEXMATCH(SemEval_2025_T2!$A$4:$A$100, ""(?i)"" & J$15 & ""_title_description""), NOT(REGEXMATCH(SemEval_2025_T2!$A$4:$A$100, ""(?i)complete"")) )"),0.204599999999999) -> 0.2046 | K30: =IFERROR(__xludf.DUMMYFUNCTION("FILTER(SemEval_2025_T2!$F$4:$F$100, REGEXMATCH(SemEval_2025_T2!$A$4:$A$100, ""(?i)"" & K$15 & ""_title_description""), NOT(REGEXMATCH(SemEval_2025_T2!$A$4:$A$100, ""(?i)complete"")) )"),0.1774) -> 0.1774 | L30: =IFERROR(__xludf.DUMMYFUNCTION("FILTER(SemEval_2025_T2!$F$4:$F$100, REGEXMATCH(SemEval_2025_T2!$A$4:$A$100, ""(?i)"" & L$15 & ""_title_description""), NOT(REGEXMATCH(SemEval_2025_T2!$A$4:$A$100, ""(?i)complete"")) )"),0.0782) -> 0.0782
A31: gpt_title_description | B31: =IFERROR(__xludf.DUMMYFUNCTION("FILTER(SemEval_2025_T2!$E$4:$E$100, REGEXMATCH(SemEval_2025_T2!$A$4:$A$100, ""(?i)"" & B$15 & ""_gpt_title_description""), NOT(REGEXMATCH(SemEval_2025_T2!$A$4:$A$100, ""(?i)complete"")) )"),0.4574) -> 0.4574 | C31: =IFERROR(__xludf.DUMMYFUNCTION("FILTER(SemEval_2025_T2!$E$4:$E$100, REGEXMATCH(SemEval_2025_T2!$A$4:$A$100, ""(?i)"" & C$15 & ""_gpt_title_description""), NOT(REGEXMATCH(SemEval_2025_T2!$A$4:$A$100, ""(?i)complete"")) )"),0.3716) -> 0.3716 | D31: =IFERROR(__xludf.DUMMYFUNCTION("FILTER(SemEval_2025_T2!$E$4:$E$100, REGEXMATCH(SemEval_2025_T2!$A$4:$A$100, ""(?i)"" & D$15 & ""_gpt_title_description""), NOT(REGEXMATCH(SemEval_2025_T2!$A$4:$A$100, ""(?i)complete"")) )"),0.2834) -> 0.2834 | E31: =IFERROR(__xludf.DUMMYFUNCTION("FILTER(SemEval_2025_T2!$E$4:$E$100, REGEXMATCH(SemEval_2025_T2!$A$4:$A$100, ""(?i)"" & E$15 & ""_gpt_title_description""), NOT(REGEXMATCH(SemEval_2025_T2!$A$4:$A$100, ""(?i)complete"")) )"),0.175799999999999) -> 0.1758 | H31: gpt_title_description | I31: =IFERROR(__xludf.DUMMYFUNCTION("FILTER(SemEval_2025_T2!$F$4:$F$100, REGEXMATCH(SemEval_2025_T2!$A$4:$A$100, ""(?i)"" & I$15 & ""_gpt_title_description""), NOT(REGEXMATCH(SemEval_2025_T2!$A$4:$A$100, ""(?i)complete"")) )"),0.267) -> 0.267 | J31: =IFERROR(__xludf.DUMMYFUNCTION("FILTER(SemEval_2025_T2!$F$4:$F$100, REGEXMATCH(SemEval_2025_T2!$A$4:$A$100, ""(?i)"" & J$15 & ""_gpt_title_description""), NOT(REGEXMATCH(SemEval_2025_T2!$A$4:$A$100, ""(?i)complete"")) )"),0.2182) -> 0.2182 | K31: =IFERROR(__xludf.DUMMYFUNCTION("FILTER(SemEval_2025_T2!$F$4:$F$100, REGEXMATCH(SemEval_2025_T2!$A$4:$A$100, ""(?i)"" & K$15 & ""_gpt_title_description""), NOT(REGEXMATCH(SemEval_2025_T2!$A$4:$A$100, ""(?i)complete"")) )"),0.1776) -> 0.1776 | L31: =IFERROR(__xludf.DUMMYFUNCTION("FILTER(SemEval_2025_T2!$F$4:$F$100, REGEXMATCH(SemEval_2025_T2!$A$4:$A$100, ""(?i)"" & L$15 & ""_gpt_title_description""), NOT(REGEXMATCH(SemEval_2025_T2!$A$4:$A$100, ""(?i)complete"")) )"),0.0826) -> 0.0826
A32: delta_description | B32: =B30-B31 -> 0.0108 | C32: =C30-C31 -> -0.0002 | D32: =D30-D31 -> -0.002 | E32: =E30-E31 -> 0.012 | F32: =AVERAGE(B32:E32) -> 0.00515 | H32: delta_description | I32: =I30-I31 -> 0.0186 | J32: =J30-J31 -> -0.0136 | K32: =K30-K31 -> -0.0002 | L32: =L30-L31 -> -0.0044 | M32: =AVERAGE(I32:L32) -> 0.0001
A33: own_description_complete | B33: =IFERROR(__xludf.DUMMYFUNCTION("FILTER(SemEval_2025_T2!$E$4:$E$100, REGEXMATCH(SemEval_2025_T2!$A$4:$A$100, ""(?i)"" & B$15 & ""_title_description_complete"") )"),0.453599999999999) -> 0.4536 | C33: =IFERROR(__xludf.DUMMYFUNCTION("FILTER(SemEval_2025_T2!$E$4:$E$100, REGEXMATCH(SemEval_2025_T2!$A$4:$A$100, ""(?i)"" & C$15 & ""_title_description_complete"") )"),0.3854) -> 0.3854 | D33: =IFERROR(__xludf.DUMMYFUNCTION("FILTER(SemEval_2025_T2!$E$4:$E$100, REGEXMATCH(SemEval_2025_T2!$A$4:$A$100, ""(?i)"" & D$15 & ""_title_description_complete"") )"),0.2652) -> 0.2652 | E33: =IFERROR(__xludf.DUMMYFUNCTION("FILTER(SemEval_2025_T2!$E$4:$E$100, REGEXMATCH(SemEval_2025_T2!$A$4:$A$100, ""(?i)"" & E$15 & ""_title_description_complete"") )"),0.089) -> 0.089 | H33: own_description_complete | I33: =IFERROR(__xludf.DUMMYFUNCTION("FILTER(SemEval_2025_T2!$F$4:$F$100, REGEXMATCH(SemEval_2025_T2!$A$4:$A$100, ""(?i)"" & I$15 & ""_title_description_complete"") )"),0.2698) -> 0.2698 | J33: =IFERROR(__xludf.DUMMYFUNCTION("FILTER(SemEval_2025_T2!$F$4:$F$100, REGEXMATCH(SemEval_2025_T2!$A$4:$A$100, ""(?i)"" & J$15 & ""_title_description_complete"") )"),0.1814) -> 0.1814 | K33: =IFERROR(__xludf.DUMMYFUNCTION("FILTER(SemEval_2025_T2!$F$4:$F$100, REGEXMATCH(SemEval_2025_T2!$A$4:$A$100, ""(?i)"" & K$15 & ""_title_description_complete"") )"),0.0809999999999999) -> 0.081 | L33: =IFERROR(__xludf.DUMMYFUNCTION("FILTER(SemEval_2025_T2!$F$4:$F$100, REGEXMATCH(SemEval_2025_T2!$A$4:$A$100, ""(?i)"" & L$15 & ""_title_description_complete"") )"),0.0288) -> 0.0288
A34: gpt_title_description_complete | B34: =IFERROR(__xludf.DUMMYFUNCTION("FILTER(SemEval_2025_T2!$E$4:$E$100, REGEXMATCH(SemEval_2025_T2!$A$4:$A$100, ""(?i)"" & B$15 & ""_gpt_title_description_complete"") )"),0.45) -> 0.45 | C34: =IFERROR(__xludf.DUMMYFUNCTION("FILTER(SemEval_2025_T2!$E$4:$E$100, REGEXMATCH(SemEval_2025_T2!$A$4:$A$100, ""(?i)"" & C$15 & ""_gpt_title_description_complete"") )"),0.3804) -> 0.3804 | D34: =IFERROR(__xludf.DUMMYFUNCTION("FILTER(SemEval_2025_T2!$E$4:$E$100, REGEXMATCH(SemEval_2025_T2!$A$4:$A$100, ""(?i)"" & D$15 & ""_gpt_title_description_complete"") )"),0.2804) -> 0.2804 | E34: =IFERROR(__xludf.DUMMYFUNCTION("FILTER(SemEval_2025_T2!$E$4:$E$100, REGEXMATCH(SemEval_2025_T2!$A$4:$A$100, ""(?i)"" & E$15 & ""_gpt_title_description_complete"") )"),0.1236) -> 0.1236 | H34: gpt_title_description_complete | I34: =IFERROR(__xludf.DUMMYFUNCTION("FILTER(SemEval_2025_T2!$F$4:$F$100, REGEXMATCH(SemEval_2025_T2!$A$4:$A$100, ""(?i)"" & I$15 & ""_gpt_title_description_complete"") )"),0.2692) -> 0.2692 | J34: =IFERROR(__xludf.DUMMYFUNCTION("FILTER(SemEval_2025_T2!$F$4:$F$100, REGEXMATCH(SemEval_2025_T2!$A$4:$A$100, ""(?i)"" & J$15 & ""_gpt_title_description_complete"") )"),0.1926) -> 0.1926 | K34: =IFERROR(__xludf.DUMMYFUNCTION("FILTER(SemEval_2025_T2!$F$4:$F$100, REGEXMATCH(SemEval_2025_T2!$A$4:$A$100, ""(?i)"" & K$15 & ""_gpt_title_description_complete"") )"),0.136) -> 0.136 | L34: =IFERROR(__xludf.DUMMYFUNCTION("FILTER(SemEval_2025_T2!$F$4:$F$100, REGEXMATCH(SemEval_2025_T2!$A$4:$A$100, ""(?i)"" & L$15 & ""_gpt_title_description_complete"") )"),0.044) -> 0.044
A35: delta_complete | B35: =B33-B34 -> 0.0036 | C35: =C33-C34 -> 0.005 | D35: =D33-D34 -> -0.0152 | E35: =E33-E34 -> -0.0346 | F35: =AVERAGE(B35:E35) -> -0.0103 | H35: delta_complete | I35: =I33-I34 -> 0.0006 | J35: =J33-J34 -> -0.0112 | K35: =K33-K34 -> -0.055 | L35: =L33-L34 -> -0.0152 | M35: =AVERAGE(I35:L35) -> -0.0202
A37: all_in_1_narr | B37: calme | C37: gemma | D37: exaone | E37: granite | H37: all_in_1_subnarr | I37: calme | J37: gemma | K37: exaone | L37: granite
A38: own_title | B38: =IFERROR(__xludf.DUMMYFUNCTION("FILTER(SemEval_2025_T2!$G$4:$G$100, REGEXMATCH(SemEval_2025_T2!$A$4:$A$100, ""(?i)"" & B$15 & ""_only_title"") )"),0.4362) -> 0.4362 | C38: =IFERROR(__xludf.DUMMYFUNCTION("FILTER(SemEval_2025_T2!$C$4:$C$100, REGEXMATCH(SemEval_2025_T2!$A$4:$A$100, ""(?i)"" & C$15 & ""_only_title"") )"),0.2704) -> 0.2704 | D38: =IFERROR(__xludf.DUMMYFUNCTION("FILTER(SemEval_2025_T2!$C$4:$C$100, REGEXMATCH(SemEval_2025_T2!$A$4:$A$100, ""(?i)"" & D$15 & ""_only_title"") )"),0.1898) -> 0.1898 | E38: =IFERROR(__xludf.DUMMYFUNCTION("FILTER(SemEval_2025_T2!$C$4:$C$100, REGEXMATCH(SemEval_2025_T2!$A$4:$A$100, ""(?i)"" & E$15 & ""_only_title"") )"),0.1968) -> 0.1968 | H38: own_title | I38: =IFERROR(__xludf.DUMMYFUNCTION("FILTER(SemEval_2025_T2!$D$4:$D$100, REGEXMATCH(SemEval_2025_T2!$A$4:$A$100, ""(?i)"" & I$15 & ""_only_title"") )"),0.188) -> 0.188 | J38: =IFERROR(__xludf.DUMMYFUNCTION("FILTER(SemEval_2025_T2!$D$4:$D$100, REGEXMATCH(SemEval_2025_T2!$A$4:$A$100, ""(?i)"" & J$15 & ""_only_title"") )"),0.2434) -> 0.2434 | K38: =IFERROR(__xludf.DUMMYFUNCTION("FILTER(SemEval_2025_T2!$D$4:$D$100, REGEXMATCH(SemEval_2025_T2!$A$4:$A$100, ""(?i)"" & K$15 & ""_only_title"") )"),0.1254) -> 0.1254 | L38: =IFERROR(__xludf.DUMMYFUNCTION("FILTER(SemEval_2025_T2!$D$4:$D$100, REGEXMATCH(SemEval_2025_T2!$A$4:$A$100, ""(?i)"" & L$15 & ""_only_title"") )"),0.161199999999999) -> 0.1612
A39: gpt_only_title | B39: =IFERROR(__xludf.DUMMYFUNCTION("FILTER(SemEval_2025_T2!$C$4:$C$100, REGEXMATCH(SemEval_2025_T2!$A$4:$A$100, ""(?i)"" & B$15 & ""_gpt_only_title"") )"),0.3814) -> 0.3814 | C39: =IFERROR(__xludf.DUMMYFUNCTION("FILTER(SemEval_2025_T2!$C$4:$C$100, REGEXMATCH(SemEval_2025_T2!$A$4:$A$100, ""(?i)"" & C$15 & ""_gpt_only_title"") )"),0.2782) -> 0.2782 | D39: =IFERROR(__xludf.DUMMYFUNCTION("FILTER(SemEval_2025_T2!$C$4:$C$100, REGEXMATCH(SemEval_2025_T2!$A$4:$A$100, ""(?i)"" & D$15 & ""_gpt_only_title"") )"),0.1596) -> 0.1596 | E39: =IFERROR(__xludf.DUMMYFUNCTION("FILTER(SemEval_2025_T2!$C$4:$C$100, REGEXMATCH(SemEval_2025_T2!$A$4:$A$100, ""(?i)"" & E$15 & ""_gpt_only_title"") )"),0.1936) -> 0.1936 | H39: gpt_only_title | I39: =IFERROR(__xludf.DUMMYFUNCTION("FILTER(SemEval_2025_T2!$D$4:$D$100, REGEXMATCH(SemEval_2025_T2!$A$4:$A$100, ""(?i)"" & I$15 & ""_gpt_only_title"") )"),0.2058) -> 0.2058 | J39: =IFERROR(__xludf.DUMMYFUNCTION("FILTER(SemEval_2025_T2!$D$4:$D$100, REGEXMATCH(SemEval_2025_T2!$A$4:$A$100, ""(?i)"" & J$15 & ""_gpt_only_title"") )"),0.2544) -> 0.2544 | K39: =IFERROR(__xludf.DUMMYFUNCTION("FILTER(SemEval_2025_T2!$D$4:$D$100, REGEXMATCH(SemEval_2025_T2!$A$4:$A$100, ""(?i)"" & K$15 & ""_gpt_only_title"") )"),0.0998) -> 0.0998 | L39: =IFERROR(__xludf.DUMMYFUNCTION("FILTER(SemEval_2025_T2!$D$4:$D$100, REGEXMATCH(SemEval_2025_T2!$A$4:$A$100, ""(?i)"" & L$15 & ""_gpt_only_title"") )"),0.1488) -> 0.1488
A40: delta_title | B40: =B38-B39 -> 0.0548 | C40: =C38-C39 -> -0.0078 | D40: =D38-D39 -> 0.0302 | E40: =E38-E39 -> 0.0032 | F40: =AVERAGE(B40:E40) -> 0.0201 | H40: delta_title | I40: =I38-I39 -> -0.0178 | J40: =J38-J39 -> -0.011 | K40: =K38-K39 -> 0.0256 | L40: =L38-L39 -> 0.0124 | M40: =AVERAGE(I40:L40) -> 0.0023
A41: own_description | B41: =IFERROR(__xludf.DUMMYFUNCTION("FILTER(SemEval_2025_T2!$C$4:$C$100, REGEXMATCH(SemEval_2025_T2!$A$4:$A$100, ""(?i)"" & B$15 & ""_title_description""), NOT(REGEXMATCH(SemEval_2025_T2!$A$4:$A$100, ""(?i)complete"")) )"),"") | C41: =IFERROR(__xludf.DUMMYFUNCTION("FILTER(SemEval_2025_T2!$C$4:$C$100, REGEXMATCH(SemEval_2025_T2!$A$4:$A$100, ""(?i)"" & C$15 & ""_title_description""), NOT(REGEXMATCH(SemEval_2025_T2!$A$4:$A$100, ""(?i)complete"")) )"),0.2542) -> 0.2542 | D41: =IFERROR(__xludf.DUMMYFUNCTION("FILTER(SemEval_2025_T2!$C$4:$C$100, REGEXMATCH(SemEval_2025_T2!$A$4:$A$100, ""(?i)"" & D$15 & ""_title_description""), NOT(REGEXMATCH(SemEval_2025_T2!$A$4:$A$100, ""(?i)complete"")) )"),0.1898) -> 0.1898 | E41: =IFERROR(__xludf.DUMMYFUNCTION("FILTER(SemEval_2025_T2!$C$4:$C$100, REGEXMATCH(SemEval_2025_T2!$A$4:$A$100, ""(?i)"" & E$15 & ""_title_description""), NOT(REGEXMATCH(SemEval_2025_T2!$A$4:$A$100, ""(?i)complete"")) )"),0.1724) -> 0.1724 | H41: own_description | I41: =IFERROR(__xludf.DUMMYFUNCTION("FILTER(SemEval_2025_T2!$D$4:$D$100, REGEXMATCH(SemEval_2025_T2!$A$4:$A$100, ""(?i)"" & I$15 & ""_title_description""), NOT(REGEXMATCH(SemEval_2025_T2!$A$4:$A$100, ""(?i)complete"")) )"),"") | J41: =IFERROR(__xludf.DUMMYFUNCTION("FILTER(SemEval_2025_T2!$D$4:$D$100, REGEXMATCH(SemEval_2025_T2!$A$4:$A$100, ""(?i)"" & J$15 & ""_title_description""), NOT(REGEXMATCH(SemEval_2025_T2!$A$4:$A$100, ""(?i)complete"")) )"),0.242) -> 0.242 | K41: =IFERROR(__xludf.DUMMYFUNCTION("FILTER(SemEval_2025_T2!$D$4:$D$100, REGEXMATCH(SemEval_2025_T2!$A$4:$A$100, ""(?i)"" & K$15 & ""_title_description""), NOT(REGEXMATCH(SemEval_2025_T2!$A$4:$A$100, ""(?i)complete"")) )"),0.118799999999999) -> 0.1188 | L41: =IFERROR(__xludf.DUMMYFUNCTION("FILTER(SemEval_2025_T2!$D$4:$D$100, REGEXMATCH(SemEval_2025_T2!$A$4:$A$100, ""(?i)"" & L$15 & ""_title_description""), NOT(REGEXMATCH(SemEval_2025_T2!$A$4:$A$100, ""(?i)complete"")) )"),0.1396) -> 0.1396
